mutation-analysis: Beginning one mutation analysis.
[info] mutation-analysis: Beginning one mutation analysis.
mutation-analysis: Configured mutatable modules: ("cell.rkt" "grid.rkt" "main.rkt" "message-queue.rkt" "utils.rkt")
[info] mutation-analysis: Configured mutatable modules: ("cell.rkt" "grid.rkt" "main.rkt" "message-queue.rkt" "utils.rkt")
mutation-analysis: #s(mutant #f cell.rkt 7) {constant-swap} => miss
mutation-analysis: #s(mutant #f cell.rkt 6) {constant-swap} => miss
mutation-analysis: #s(mutant #f cell.rkt 5) {class:publicity} => hit
mutation-analysis: #s(mutant #f cell.rkt 4) {constant-swap} => miss
mutation-analysis: #s(mutant #f cell.rkt 3) {constant-swap} => miss
[info] mutation-analysis: #s(mutant #f cell.rkt 7) {constant-swap} => miss
[info] mutation-analysis: #s(mutant #f cell.rkt 6) {constant-swap} => miss
[info] mutation-analysis: #s(mutant #f cell.rkt 5) {class:publicity} => hit
[info] mutation-analysis: #s(mutant #f cell.rkt 4) {constant-swap} => miss
[info] mutation-analysis: #s(mutant #f cell.rkt 3) {constant-swap} => miss
mutation-analysis: #s(mutant #f cell.rkt 2) {position-swap} => miss
mutation-analysis: #s(mutant #f cell.rkt 1) {constant-swap} => hit
mutation-analysis: #s(mutant #f cell.rkt 0) {constant-swap} => hit
[info] mutation-analysis: #s(mutant #f cell.rkt 2) {position-swap} => miss
[info] mutation-analysis: #s(mutant #f cell.rkt 1) {constant-swap} => hit
[info] mutation-analysis: #s(mutant #f cell.rkt 0) {constant-swap} => hit
mutation-analysis: #s(mutant #f cell.rkt 15) {begin-drop} => miss
mutation-analysis: #s(mutant #f cell.rkt 13) {begin-drop} => miss
[info] mutation-analysis: #s(mutant #f cell.rkt 15) {begin-drop} => miss
[info] mutation-analysis: #s(mutant #f cell.rkt 13) {begin-drop} => miss
mutation-analysis: #s(mutant #f cell.rkt 14) {position-swap} => hit
mutation-analysis: #s(mutant #f cell.rkt 12) {constant-swap} => miss
mutation-analysis: #s(mutant #f cell.rkt 11) {class:publicity} => hit
mutation-analysis: #s(mutant #f cell.rkt 10) {constant-swap} => miss
mutation-analysis: #s(mutant #f cell.rkt 9) {class:publicity} => hit
[info] mutation-analysis: #s(mutant #f cell.rkt 14) {position-swap} => hit
[info] mutation-analysis: #s(mutant #f cell.rkt 12) {constant-swap} => miss
[info] mutation-analysis: #s(mutant #f cell.rkt 11) {class:publicity} => hit
[info] mutation-analysis: #s(mutant #f cell.rkt 10) {constant-swap} => miss
[info] mutation-analysis: #s(mutant #f cell.rkt 9) {class:publicity} => hit
mutation-analysis: #s(mutant #f cell.rkt 8) {class:publicity} => hit
[info] mutation-analysis: #s(mutant #f cell.rkt 8) {class:publicity} => hit
mutation-analysis: #s(mutant #f cell.rkt 20) {position-swap} => miss
mutation-analysis: #s(mutant #f cell.rkt 17) {constant-swap} => hit
mutation-analysis: #s(mutant #f cell.rkt 16) {position-swap} => miss
[info] mutation-analysis: #s(mutant #f cell.rkt 20) {position-swap} => miss
[info] mutation-analysis: #s(mutant #f cell.rkt 17) {constant-swap} => hit
[info] mutation-analysis: #s(mutant #f cell.rkt 16) {position-swap} => miss
mutation-analysis: #s(mutant #f cell.rkt 23) {constant-swap} => hit
mutation-analysis: #s(mutant #f cell.rkt 22) {boolean-op-swap} => miss
mutation-analysis: #s(mutant #f cell.rkt 21) {position-swap} => miss
mutation-analysis: #s(mutant #f cell.rkt 19) {negate-conditional} => miss
mutation-analysis: #s(mutant #f cell.rkt 18) {constant-swap} => hit
[info] mutation-analysis: #s(mutant #f cell.rkt 23) {constant-swap} => hit
[info] mutation-analysis: #s(mutant #f cell.rkt 22) {boolean-op-swap} => miss
[info] mutation-analysis: #s(mutant #f cell.rkt 21) {position-swap} => miss
[info] mutation-analysis: #s(mutant #f cell.rkt 19) {negate-conditional} => miss
[info] mutation-analysis: #s(mutant #f cell.rkt 18) {constant-swap} => hit
mutation-analysis: #s(mutant #f cell.rkt 26) {constant-swap} => hit
mutation-analysis: #s(mutant #f cell.rkt 25) {constant-swap} => hit
mutation-analysis: #s(mutant #f cell.rkt 24) {constant-swap} => hit
[info] mutation-analysis: #s(mutant #f cell.rkt 26) {constant-swap} => hit
[info] mutation-analysis: #s(mutant #f cell.rkt 25) {constant-swap} => hit
[info] mutation-analysis: #s(mutant #f cell.rkt 24) {constant-swap} => hit
mutation-analysis: #s(mutant #f cell.rkt 28) {constant-swap} => hit
[info] mutation-analysis: #s(mutant #f cell.rkt 28) {constant-swap} => hit
mutation-analysis: #s(mutant #f cell.rkt 31) {boolean-op-swap} => miss
mutation-analysis: #s(mutant #f cell.rkt 30) {constant-swap} => hit
mutation-analysis: #s(mutant #f cell.rkt 29) {constant-swap} => hit
mutation-analysis: #s(mutant #f cell.rkt 27) {constant-swap} => miss
[info] mutation-analysis: #s(mutant #f cell.rkt 31) {boolean-op-swap} => miss
[info] mutation-analysis: #s(mutant #f cell.rkt 30) {constant-swap} => hit
[info] mutation-analysis: #s(mutant #f cell.rkt 29) {constant-swap} => hit
[info] mutation-analysis: #s(mutant #f cell.rkt 27) {constant-swap} => miss
mutation-analysis: #s(mutant #f cell.rkt 34) {negate-conditional} => miss
mutation-analysis: #s(mutant #f cell.rkt 33) {constant-swap} => miss
mutation-analysis: #s(mutant #f cell.rkt 32) {negate-conditional} => miss
[info] mutation-analysis: #s(mutant #f cell.rkt 34) {negate-conditional} => miss
[info] mutation-analysis: #s(mutant #f cell.rkt 33) {constant-swap} => miss
[info] mutation-analysis: #s(mutant #f cell.rkt 32) {negate-conditional} => miss
mutation-analysis: #s(mutant #f cell.rkt 40) {position-swap} => miss
[info] mutation-analysis: #s(mutant #f cell.rkt 40) {position-swap} => miss
mutation-analysis: #s(mutant #f cell.rkt 35) {constant-swap} => miss
[info] mutation-analysis: #s(mutant #f cell.rkt 35) {constant-swap} => miss
mutation-analysis: #s(mutant #f cell.rkt 39) {negate-conditional} => miss
mutation-analysis: #s(mutant #f cell.rkt 38) {negate-conditional} => miss
mutation-analysis: #s(mutant #f cell.rkt 37) {constant-swap} => hit
mutation-analysis: #s(mutant #f cell.rkt 36) {constant-swap} => hit
[info] mutation-analysis: #s(mutant #f cell.rkt 39) {negate-conditional} => miss
[info] mutation-analysis: #s(mutant #f cell.rkt 38) {negate-conditional} => miss
[info] mutation-analysis: #s(mutant #f cell.rkt 37) {constant-swap} => hit
[info] mutation-analysis: #s(mutant #f cell.rkt 36) {constant-swap} => hit
mutation-analysis: #s(mutant #f cell.rkt 42) {boolean-op-swap} => miss
mutation-analysis: #s(mutant #f cell.rkt 41) {position-swap} => miss
[info] mutation-analysis: #s(mutant #f cell.rkt 42) {boolean-op-swap} => miss
[info] mutation-analysis: #s(mutant #f cell.rkt 41) {position-swap} => miss
mutation-analysis: #s(mutant #f cell.rkt 49) {position-swap} => miss
mutation-analysis: #s(mutant #f cell.rkt 43) {constant-swap} => hit
[info] mutation-analysis: #s(mutant #f cell.rkt 49) {position-swap} => miss
[info] mutation-analysis: #s(mutant #f cell.rkt 43) {constant-swap} => hit
mutation-analysis: #s(mutant #f cell.rkt 44) {constant-swap} => hit
[info] mutation-analysis: #s(mutant #f cell.rkt 44) {constant-swap} => hit
mutation-analysis: #s(mutant #f cell.rkt 48) {negate-conditional} => miss
mutation-analysis: #s(mutant #f cell.rkt 47) {negate-conditional} => miss
mutation-analysis: #s(mutant #f cell.rkt 46) {constant-swap} => hit
mutation-analysis: #s(mutant #f cell.rkt 45) {constant-swap} => hit
[info] mutation-analysis: #s(mutant #f cell.rkt 48) {negate-conditional} => miss
[info] mutation-analysis: #s(mutant #f cell.rkt 47) {negate-conditional} => miss
[info] mutation-analysis: #s(mutant #f cell.rkt 46) {constant-swap} => hit
[info] mutation-analysis: #s(mutant #f cell.rkt 45) {constant-swap} => hit
mutation-analysis: #s(mutant #f cell.rkt 50) {position-swap} => miss
[info] mutation-analysis: #s(mutant #f cell.rkt 50) {position-swap} => miss
mutation-analysis: #s(mutant #f cell.rkt 52) {constant-swap} => hit
mutation-analysis: #s(mutant #f cell.rkt 51) {boolean-op-swap} => miss
[info] mutation-analysis: #s(mutant #f cell.rkt 52) {constant-swap} => hit
[info] mutation-analysis: #s(mutant #f cell.rkt 51) {boolean-op-swap} => miss
mutation-analysis: #s(mutant #f grid.rkt 0) {begin-drop} => miss
mutation-analysis: #s(mutant #f cell.rkt 53) {constant-swap} => hit
[info] mutation-analysis: #s(mutant #f grid.rkt 0) {begin-drop} => miss
[info] mutation-analysis: #s(mutant #f cell.rkt 53) {constant-swap} => hit
mutation-analysis: #s(mutant #f grid.rkt 3) {position-swap} => miss
mutation-analysis: #s(mutant #f grid.rkt 2) {position-swap} => miss
mutation-analysis: #s(mutant #f grid.rkt 1) {position-swap} => miss
[info] mutation-analysis: #s(mutant #f grid.rkt 3) {position-swap} => miss
[info] mutation-analysis: #s(mutant #f grid.rkt 2) {position-swap} => miss
[info] mutation-analysis: #s(mutant #f grid.rkt 1) {position-swap} => miss
mutation-analysis: #s(mutant #f grid.rkt 4) {constant-swap} => miss
[info] mutation-analysis: #s(mutant #f grid.rkt 4) {constant-swap} => miss
mutation-analysis: #s(mutant #f grid.rkt 6) {constant-swap} => miss
mutation-analysis: #s(mutant #f grid.rkt 5) {constant-swap} => miss
[info] mutation-analysis: #s(mutant #f grid.rkt 6) {constant-swap} => miss
[info] mutation-analysis: #s(mutant #f grid.rkt 5) {constant-swap} => miss
mutation-analysis: #s(mutant #f grid.rkt 8) {constant-swap} => miss
mutation-analysis: #s(mutant #f grid.rkt 7) {position-swap} => miss
[info] mutation-analysis: #s(mutant #f grid.rkt 8) {constant-swap} => miss
[info] mutation-analysis: #s(mutant #f grid.rkt 7) {position-swap} => miss
mutation-analysis: #s(mutant #f grid.rkt 11) {constant-swap} => miss
[info] mutation-analysis: #s(mutant #f grid.rkt 11) {constant-swap} => miss
mutation-analysis: #s(mutant #f grid.rkt 10) {constant-swap} => miss
mutation-analysis: #s(mutant #f grid.rkt 9) {constant-swap} => miss
[info] mutation-analysis: #s(mutant #f grid.rkt 10) {constant-swap} => miss
[info] mutation-analysis: #s(mutant #f grid.rkt 9) {constant-swap} => miss
mutation-analysis: #s(mutant #f grid.rkt 12) {constant-swap} => miss
[info] mutation-analysis: #s(mutant #f grid.rkt 12) {constant-swap} => miss
mutation-analysis: #s(mutant #f grid.rkt 13) {begin-drop} => miss
[info] mutation-analysis: #s(mutant #f grid.rkt 13) {begin-drop} => miss
mutation-analysis: #s(mutant #f grid.rkt 14) {position-swap} => miss
[info] mutation-analysis: #s(mutant #f grid.rkt 14) {position-swap} => miss
mutation-analysis: #s(mutant #f grid.rkt 17) {constant-swap} => miss
mutation-analysis: #s(mutant #f grid.rkt 16) {constant-swap} => miss
mutation-analysis: #s(mutant #f grid.rkt 15) {constant-swap} => miss
[info] mutation-analysis: #s(mutant #f grid.rkt 17) {constant-swap} => miss
[info] mutation-analysis: #s(mutant #f grid.rkt 16) {constant-swap} => miss
[info] mutation-analysis: #s(mutant #f grid.rkt 15) {constant-swap} => miss
mutation-analysis: #s(mutant #f grid.rkt 19) {constant-swap} => miss
mutation-analysis: #s(mutant #f grid.rkt 18) {position-swap} => miss
[info] mutation-analysis: #s(mutant #f grid.rkt 19) {constant-swap} => miss
[info] mutation-analysis: #s(mutant #f grid.rkt 18) {position-swap} => miss
mutation-analysis: #s(mutant #f grid.rkt 20) {constant-swap} => miss
[info] mutation-analysis: #s(mutant #f grid.rkt 20) {constant-swap} => miss
mutation-analysis: #s(mutant #f grid.rkt 21) {constant-swap} => miss
[info] mutation-analysis: #s(mutant #f grid.rkt 21) {constant-swap} => miss
mutation-analysis: #s(mutant #f grid.rkt 22) {constant-swap} => miss
[info] mutation-analysis: #s(mutant #f grid.rkt 22) {constant-swap} => miss
mutation-analysis: #s(mutant #f grid.rkt 27) {begin-drop} => miss
mutation-analysis: #s(mutant #f grid.rkt 25) {position-swap} => miss
mutation-analysis: #s(mutant #f grid.rkt 24) {position-swap} => miss
mutation-analysis: #s(mutant #f grid.rkt 23) {constant-swap} => miss
[info] mutation-analysis: #s(mutant #f grid.rkt 27) {begin-drop} => miss
[info] mutation-analysis: #s(mutant #f grid.rkt 25) {position-swap} => miss
[info] mutation-analysis: #s(mutant #f grid.rkt 24) {position-swap} => miss
[info] mutation-analysis: #s(mutant #f grid.rkt 23) {constant-swap} => miss
mutation-analysis: #s(mutant #f grid.rkt 28) {begin-drop} => miss
[info] mutation-analysis: #s(mutant #f grid.rkt 28) {begin-drop} => miss
mutation-analysis: #s(mutant #f grid.rkt 26) {position-swap} => miss
[info] mutation-analysis: #s(mutant #f grid.rkt 26) {position-swap} => miss
mutation-analysis: #s(mutant #f grid.rkt 29) {position-swap} => miss
[info] mutation-analysis: #s(mutant #f grid.rkt 29) {position-swap} => miss
mutation-analysis: #s(mutant #f grid.rkt 30) {begin-drop} => miss
[info] mutation-analysis: #s(mutant #f grid.rkt 30) {begin-drop} => miss
mutation-analysis: #s(mutant #f grid.rkt 31) {begin-drop} => miss
[info] mutation-analysis: #s(mutant #f grid.rkt 31) {begin-drop} => miss
mutation-analysis: #s(mutant #f grid.rkt 36) {begin-drop} => miss
mutation-analysis: #s(mutant #f grid.rkt 34) {constant-swap} => miss
mutation-analysis: #s(mutant #f grid.rkt 33) {constant-swap} => miss
mutation-analysis: #s(mutant #f grid.rkt 32) {position-swap} => miss
[info] mutation-analysis: #s(mutant #f grid.rkt 36) {begin-drop} => miss
[info] mutation-analysis: #s(mutant #f grid.rkt 34) {constant-swap} => miss
[info] mutation-analysis: #s(mutant #f grid.rkt 33) {constant-swap} => miss
[info] mutation-analysis: #s(mutant #f grid.rkt 32) {position-swap} => miss
mutation-analysis: #s(mutant #f grid.rkt 35) {constant-swap} => miss
[info] mutation-analysis: #s(mutant #f grid.rkt 35) {constant-swap} => miss
mutation-analysis: #s(mutant #f grid.rkt 37) {position-swap} => miss
[info] mutation-analysis: #s(mutant #f grid.rkt 37) {position-swap} => miss
mutation-analysis: #s(mutant #f grid.rkt 38) {boolean-op-swap} => miss
[info] mutation-analysis: #s(mutant #f grid.rkt 38) {boolean-op-swap} => miss
mutation-analysis: #s(mutant #f grid.rkt 39) {position-swap} => miss
[info] mutation-analysis: #s(mutant #f grid.rkt 39) {position-swap} => miss
mutation-analysis: #s(mutant #f grid.rkt 43) {constant-swap} => miss
mutation-analysis: #s(mutant #f grid.rkt 42) {constant-swap} => miss
mutation-analysis: #s(mutant #f grid.rkt 41) {comparison-op-swap} => miss
mutation-analysis: #s(mutant #f grid.rkt 40) {comparison-op-swap} => miss
[info] mutation-analysis: #s(mutant #f grid.rkt 43) {constant-swap} => miss
[info] mutation-analysis: #s(mutant #f grid.rkt 42) {constant-swap} => miss
[info] mutation-analysis: #s(mutant #f grid.rkt 41) {comparison-op-swap} => miss
[info] mutation-analysis: #s(mutant #f grid.rkt 40) {comparison-op-swap} => miss
mutation-analysis: #s(mutant #f grid.rkt 44) {constant-swap} => miss
[info] mutation-analysis: #s(mutant #f grid.rkt 44) {constant-swap} => miss
mutation-analysis: #s(mutant #f grid.rkt 45) {position-swap} => miss
[info] mutation-analysis: #s(mutant #f grid.rkt 45) {position-swap} => miss
mutation-analysis: #s(mutant #f grid.rkt 46) {constant-swap} => miss
[info] mutation-analysis: #s(mutant #f grid.rkt 46) {constant-swap} => miss
mutation-analysis: #s(mutant #f grid.rkt 47) {constant-swap} => miss
[info] mutation-analysis: #s(mutant #f grid.rkt 47) {constant-swap} => miss
mutation-analysis: #s(mutant #f grid.rkt 52) {comparison-op-swap} => miss
mutation-analysis: #s(mutant #f grid.rkt 51) {comparison-op-swap} => miss
mutation-analysis: #s(mutant #f grid.rkt 50) {position-swap} => miss
mutation-analysis: #s(mutant #f grid.rkt 49) {arithmetic-op-swap} => miss
mutation-analysis: #s(mutant #f grid.rkt 48) {constant-swap} => miss
[info] mutation-analysis: #s(mutant #f grid.rkt 52) {comparison-op-swap} => miss
[info] mutation-analysis: #s(mutant #f grid.rkt 51) {comparison-op-swap} => miss
[info] mutation-analysis: #s(mutant #f grid.rkt 50) {position-swap} => miss
[info] mutation-analysis: #s(mutant #f grid.rkt 49) {arithmetic-op-swap} => miss
[info] mutation-analysis: #s(mutant #f grid.rkt 48) {constant-swap} => miss
mutation-analysis: #s(mutant #f grid.rkt 53) {constant-swap} => miss
[info] mutation-analysis: #s(mutant #f grid.rkt 53) {constant-swap} => miss
mutation-analysis: #s(mutant #f grid.rkt 54) {constant-swap} => miss
[info] mutation-analysis: #s(mutant #f grid.rkt 54) {constant-swap} => miss
mutation-analysis: #s(mutant #f grid.rkt 55) {constant-swap} => miss
[info] mutation-analysis: #s(mutant #f grid.rkt 55) {constant-swap} => miss
mutation-analysis: #s(mutant #f grid.rkt 60) {constant-swap} => miss
mutation-analysis: #s(mutant #f grid.rkt 59) {constant-swap} => miss
mutation-analysis: #s(mutant #f grid.rkt 58) {constant-swap} => miss
mutation-analysis: #s(mutant #f grid.rkt 57) {constant-swap} => miss
mutation-analysis: #s(mutant #f grid.rkt 56) {position-swap} => miss
[info] mutation-analysis: #s(mutant #f grid.rkt 60) {constant-swap} => miss
[info] mutation-analysis: #s(mutant #f grid.rkt 59) {constant-swap} => miss
[info] mutation-analysis: #s(mutant #f grid.rkt 58) {constant-swap} => miss
[info] mutation-analysis: #s(mutant #f grid.rkt 57) {constant-swap} => miss
[info] mutation-analysis: #s(mutant #f grid.rkt 56) {position-swap} => miss
mutation-analysis: #s(mutant #f grid.rkt 61) {constant-swap} => miss
[info] mutation-analysis: #s(mutant #f grid.rkt 61) {constant-swap} => miss
mutation-analysis: #s(mutant #f grid.rkt 62) {arithmetic-op-swap} => miss
[info] mutation-analysis: #s(mutant #f grid.rkt 62) {arithmetic-op-swap} => miss
mutation-analysis: #s(mutant #f grid.rkt 63) {begin-drop} => miss
[info] mutation-analysis: #s(mutant #f grid.rkt 63) {begin-drop} => miss
mutation-analysis: #s(mutant #f grid.rkt 68) {position-swap} => miss
mutation-analysis: #s(mutant #f grid.rkt 67) {position-swap} => miss
mutation-analysis: #s(mutant #f grid.rkt 66) {position-swap} => miss
mutation-analysis: #s(mutant #f grid.rkt 65) {boolean-op-swap} => miss
[info] mutation-analysis: #s(mutant #f grid.rkt 68) {position-swap} => miss
[info] mutation-analysis: #s(mutant #f grid.rkt 67) {position-swap} => miss
[info] mutation-analysis: #s(mutant #f grid.rkt 66) {position-swap} => miss
[info] mutation-analysis: #s(mutant #f grid.rkt 65) {boolean-op-swap} => miss
mutation-analysis: #s(mutant #f grid.rkt 64) {position-swap} => miss
[info] mutation-analysis: #s(mutant #f grid.rkt 64) {position-swap} => miss
mutation-analysis: #s(mutant #f grid.rkt 69) {position-swap} => miss
[info] mutation-analysis: #s(mutant #f grid.rkt 69) {position-swap} => miss
mutation-analysis: #s(mutant #f grid.rkt 70) {constant-swap} => miss
[info] mutation-analysis: #s(mutant #f grid.rkt 70) {constant-swap} => miss
mutation-analysis: #s(mutant #f grid.rkt 71) {constant-swap} => miss
[info] mutation-analysis: #s(mutant #f grid.rkt 71) {constant-swap} => miss
mutation-analysis: #s(mutant #f grid.rkt 76) {constant-swap} => miss
mutation-analysis: #s(mutant #f grid.rkt 75) {constant-swap} => miss
mutation-analysis: #s(mutant #f grid.rkt 74) {constant-swap} => miss
mutation-analysis: #s(mutant #f grid.rkt 73) {position-swap} => miss
mutation-analysis: #s(mutant #f grid.rkt 72) {constant-swap} => miss
[info] mutation-analysis: #s(mutant #f grid.rkt 76) {constant-swap} => miss
[info] mutation-analysis: #s(mutant #f grid.rkt 75) {constant-swap} => miss
[info] mutation-analysis: #s(mutant #f grid.rkt 74) {constant-swap} => miss
[info] mutation-analysis: #s(mutant #f grid.rkt 73) {position-swap} => miss
[info] mutation-analysis: #s(mutant #f grid.rkt 72) {constant-swap} => miss
mutation-analysis: #s(mutant #f grid.rkt 77) {constant-swap} => miss
[info] mutation-analysis: #s(mutant #f grid.rkt 77) {constant-swap} => miss
mutation-analysis: #s(mutant #f grid.rkt 79) {begin-drop} => miss
[info] mutation-analysis: #s(mutant #f grid.rkt 79) {begin-drop} => miss
mutation-analysis: #s(mutant #f grid.rkt 78) {constant-swap} => miss
[info] mutation-analysis: #s(mutant #f grid.rkt 78) {constant-swap} => miss
mutation-analysis: #s(mutant #f grid.rkt 81) {position-swap} => miss
mutation-analysis: #s(mutant #f grid.rkt 80) {position-swap} => miss
[info] mutation-analysis: #s(mutant #f grid.rkt 81) {position-swap} => miss
[info] mutation-analysis: #s(mutant #f grid.rkt 80) {position-swap} => miss
mutation-analysis: #s(mutant #f grid.rkt 85) {position-swap} => miss
mutation-analysis: #s(mutant #f grid.rkt 84) {constant-swap} => miss
mutation-analysis: #s(mutant #f grid.rkt 83) {constant-swap} => miss
mutation-analysis: #s(mutant #f grid.rkt 82) {constant-swap} => miss
[info] mutation-analysis: #s(mutant #f grid.rkt 85) {position-swap} => miss
[info] mutation-analysis: #s(mutant #f grid.rkt 84) {constant-swap} => miss
[info] mutation-analysis: #s(mutant #f grid.rkt 83) {constant-swap} => miss
[info] mutation-analysis: #s(mutant #f grid.rkt 82) {constant-swap} => miss
mutation-analysis: #s(mutant #f grid.rkt 86) {position-swap} => miss
[info] mutation-analysis: #s(mutant #f grid.rkt 86) {position-swap} => miss
mutation-analysis: #s(mutant #f grid.rkt 87) {arithmetic-op-swap} => miss
[info] mutation-analysis: #s(mutant #f grid.rkt 87) {arithmetic-op-swap} => miss
mutation-analysis: #s(mutant #f grid.rkt 89) {constant-swap} => miss
mutation-analysis: #s(mutant #f grid.rkt 88) {position-swap} => miss
[info] mutation-analysis: #s(mutant #f grid.rkt 89) {constant-swap} => miss
[info] mutation-analysis: #s(mutant #f grid.rkt 88) {position-swap} => miss
mutation-analysis: #s(mutant #f grid.rkt 93) {constant-swap} => miss
mutation-analysis: #s(mutant #f grid.rkt 92) {constant-swap} => miss
mutation-analysis: #s(mutant #f grid.rkt 91) {constant-swap} => miss
mutation-analysis: #s(mutant #f grid.rkt 90) {constant-swap} => miss
[info] mutation-analysis: #s(mutant #f grid.rkt 93) {constant-swap} => miss
[info] mutation-analysis: #s(mutant #f grid.rkt 92) {constant-swap} => miss
[info] mutation-analysis: #s(mutant #f grid.rkt 91) {constant-swap} => miss
[info] mutation-analysis: #s(mutant #f grid.rkt 90) {constant-swap} => miss
mutation-analysis: #s(mutant #f grid.rkt 94) {constant-swap} => miss
[info] mutation-analysis: #s(mutant #f grid.rkt 94) {constant-swap} => miss
mutation-analysis: #s(mutant #f grid.rkt 95) {constant-swap} => miss
[info] mutation-analysis: #s(mutant #f grid.rkt 95) {constant-swap} => miss
mutation-analysis: #s(mutant #f grid.rkt 97) {begin-drop} => miss
[info] mutation-analysis: #s(mutant #f grid.rkt 97) {begin-drop} => miss
mutation-analysis: #s(mutant #f grid.rkt 96) {constant-swap} => miss
[info] mutation-analysis: #s(mutant #f grid.rkt 96) {constant-swap} => miss
mutation-analysis: #s(mutant #f grid.rkt 102) {constant-swap} => miss
mutation-analysis: #s(mutant #f grid.rkt 101) {constant-swap} => miss
mutation-analysis: #s(mutant #f grid.rkt 100) {constant-swap} => miss
mutation-analysis: #s(mutant #f grid.rkt 99) {position-swap} => miss
mutation-analysis: #s(mutant #f grid.rkt 98) {position-swap} => miss
[info] mutation-analysis: #s(mutant #f grid.rkt 102) {constant-swap} => miss
[info] mutation-analysis: #s(mutant #f grid.rkt 101) {constant-swap} => miss
[info] mutation-analysis: #s(mutant #f grid.rkt 100) {constant-swap} => miss
[info] mutation-analysis: #s(mutant #f grid.rkt 99) {position-swap} => miss
[info] mutation-analysis: #s(mutant #f grid.rkt 98) {position-swap} => miss
mutation-analysis: #s(mutant #f grid.rkt 103) {position-swap} => miss
[info] mutation-analysis: #s(mutant #f grid.rkt 103) {position-swap} => miss
mutation-analysis: #s(mutant #f grid.rkt 104) {position-swap} => miss
[info] mutation-analysis: #s(mutant #f grid.rkt 104) {position-swap} => miss
mutation-analysis: #s(mutant #f grid.rkt 105) {arithmetic-op-swap} => miss
[info] mutation-analysis: #s(mutant #f grid.rkt 105) {arithmetic-op-swap} => miss
mutation-analysis: #s(mutant #f grid.rkt 111) {constant-swap} => miss
mutation-analysis: #s(mutant #f grid.rkt 110) {constant-swap} => miss
mutation-analysis: #s(mutant #f grid.rkt 109) {constant-swap} => miss
mutation-analysis: #s(mutant #f grid.rkt 108) {constant-swap} => miss
mutation-analysis: #s(mutant #f grid.rkt 107) {constant-swap} => miss
[info] mutation-analysis: #s(mutant #f grid.rkt 111) {constant-swap} => miss
[info] mutation-analysis: #s(mutant #f grid.rkt 110) {constant-swap} => miss
[info] mutation-analysis: #s(mutant #f grid.rkt 109) {constant-swap} => miss
[info] mutation-analysis: #s(mutant #f grid.rkt 108) {constant-swap} => miss
[info] mutation-analysis: #s(mutant #f grid.rkt 107) {constant-swap} => miss
mutation-analysis: #s(mutant #f grid.rkt 106) {position-swap} => miss
[info] mutation-analysis: #s(mutant #f grid.rkt 106) {position-swap} => miss
mutation-analysis: #s(mutant #f grid.rkt 112) {constant-swap} => miss
[info] mutation-analysis: #s(mutant #f grid.rkt 112) {constant-swap} => miss
mutation-analysis: #s(mutant #f grid.rkt 113) {constant-swap} => miss
[info] mutation-analysis: #s(mutant #f grid.rkt 113) {constant-swap} => miss
mutation-analysis: #s(mutant #f grid.rkt 115) {begin-drop} => miss
[info] mutation-analysis: #s(mutant #f grid.rkt 115) {begin-drop} => miss
mutation-analysis: #s(mutant #f grid.rkt 119) {arithmetic-op-swap} => miss
mutation-analysis: #s(mutant #f grid.rkt 118) {position-swap} => miss
mutation-analysis: #s(mutant #f grid.rkt 117) {position-swap} => miss
mutation-analysis: #s(mutant #f grid.rkt 116) {position-swap} => miss
[info] mutation-analysis: #s(mutant #f grid.rkt 119) {arithmetic-op-swap} => miss
[info] mutation-analysis: #s(mutant #f grid.rkt 118) {position-swap} => miss
[info] mutation-analysis: #s(mutant #f grid.rkt 117) {position-swap} => miss
[info] mutation-analysis: #s(mutant #f grid.rkt 116) {position-swap} => miss
mutation-analysis: #s(mutant #f grid.rkt 114) {constant-swap} => miss
[info] mutation-analysis: #s(mutant #f grid.rkt 114) {constant-swap} => miss
mutation-analysis: #s(mutant #f grid.rkt 120) {position-swap} => miss
[info] mutation-analysis: #s(mutant #f grid.rkt 120) {position-swap} => miss
mutation-analysis: #s(mutant #f grid.rkt 121) {constant-swap} => miss
[info] mutation-analysis: #s(mutant #f grid.rkt 121) {constant-swap} => miss
mutation-analysis: #s(mutant #f grid.rkt 122) {constant-swap} => miss
[info] mutation-analysis: #s(mutant #f grid.rkt 122) {constant-swap} => miss
mutation-analysis: #s(mutant #f grid.rkt 123) {constant-swap} => miss
[info] mutation-analysis: #s(mutant #f grid.rkt 123) {constant-swap} => miss
mutation-analysis: #s(mutant #f grid.rkt 127) {position-swap} => miss
mutation-analysis: #s(mutant #f grid.rkt 126) {constant-swap} => miss
mutation-analysis: #s(mutant #f grid.rkt 125) {constant-swap} => miss
mutation-analysis: #s(mutant #f grid.rkt 124) {constant-swap} => miss
[info] mutation-analysis: #s(mutant #f grid.rkt 127) {position-swap} => miss
[info] mutation-analysis: #s(mutant #f grid.rkt 126) {constant-swap} => miss
[info] mutation-analysis: #s(mutant #f grid.rkt 125) {constant-swap} => miss
[info] mutation-analysis: #s(mutant #f grid.rkt 124) {constant-swap} => miss
mutation-analysis: #s(mutant #f grid.rkt 128) {constant-swap} => miss
[info] mutation-analysis: #s(mutant #f grid.rkt 128) {constant-swap} => miss
mutation-analysis: #s(mutant #f grid.rkt 130) {constant-swap} => miss
mutation-analysis: #s(mutant #f grid.rkt 129) {constant-swap} => miss
[info] mutation-analysis: #s(mutant #f grid.rkt 130) {constant-swap} => miss
[info] mutation-analysis: #s(mutant #f grid.rkt 129) {constant-swap} => miss
mutation-analysis: #s(mutant #f grid.rkt 133) {begin-drop} => miss
mutation-analysis: #s(mutant #f grid.rkt 131) {constant-swap} => miss
[info] mutation-analysis: #s(mutant #f grid.rkt 133) {begin-drop} => miss
[info] mutation-analysis: #s(mutant #f grid.rkt 131) {constant-swap} => miss
mutation-analysis: #s(mutant #f grid.rkt 135) {position-swap} => miss
mutation-analysis: #s(mutant #f grid.rkt 134) {position-swap} => miss
mutation-analysis: #s(mutant #f grid.rkt 132) {constant-swap} => miss
[info] mutation-analysis: #s(mutant #f grid.rkt 135) {position-swap} => miss
[info] mutation-analysis: #s(mutant #f grid.rkt 134) {position-swap} => miss
[info] mutation-analysis: #s(mutant #f grid.rkt 132) {constant-swap} => miss
mutation-analysis: #s(mutant #f grid.rkt 136) {position-swap} => miss
[info] mutation-analysis: #s(mutant #f grid.rkt 136) {position-swap} => miss
mutation-analysis: #s(mutant #f grid.rkt 140) {constant-swap} => miss
mutation-analysis: #s(mutant #f grid.rkt 138) {position-swap} => miss
mutation-analysis: #s(mutant #f grid.rkt 137) {arithmetic-op-swap} => miss
[info] mutation-analysis: #s(mutant #f grid.rkt 140) {constant-swap} => miss
[info] mutation-analysis: #s(mutant #f grid.rkt 138) {position-swap} => miss
[info] mutation-analysis: #s(mutant #f grid.rkt 137) {arithmetic-op-swap} => miss
mutation-analysis: #s(mutant #f grid.rkt 139) {constant-swap} => miss
[info] mutation-analysis: #s(mutant #f grid.rkt 139) {constant-swap} => miss
mutation-analysis: #s(mutant #f grid.rkt 143) {constant-swap} => miss
mutation-analysis: #s(mutant #f grid.rkt 142) {constant-swap} => miss
mutation-analysis: #s(mutant #f grid.rkt 141) {constant-swap} => miss
[info] mutation-analysis: #s(mutant #f grid.rkt 143) {constant-swap} => miss
[info] mutation-analysis: #s(mutant #f grid.rkt 142) {constant-swap} => miss
[info] mutation-analysis: #s(mutant #f grid.rkt 141) {constant-swap} => miss
mutation-analysis: #s(mutant #f grid.rkt 144) {constant-swap} => miss
[info] mutation-analysis: #s(mutant #f grid.rkt 144) {constant-swap} => miss
mutation-analysis: #s(mutant #f grid.rkt 145) {position-swap} => miss
[info] mutation-analysis: #s(mutant #f grid.rkt 145) {position-swap} => miss
mutation-analysis: #s(mutant #f grid.rkt 148) {constant-swap} => miss
mutation-analysis: #s(mutant #f grid.rkt 147) {constant-swap} => miss
mutation-analysis: #s(mutant #f grid.rkt 146) {constant-swap} => miss
[info] mutation-analysis: #s(mutant #f grid.rkt 148) {constant-swap} => miss
[info] mutation-analysis: #s(mutant #f grid.rkt 147) {constant-swap} => miss
[info] mutation-analysis: #s(mutant #f grid.rkt 146) {constant-swap} => miss
mutation-analysis: #s(mutant #f main.rkt 0) {constant-swap} => miss
[info] mutation-analysis: #s(mutant #f main.rkt 0) {constant-swap} => miss
mutation-analysis: #s(mutant #f grid.rkt 150) {constant-swap} => miss
mutation-analysis: #s(mutant #f grid.rkt 149) {constant-swap} => miss
[info] mutation-analysis: #s(mutant #f grid.rkt 150) {constant-swap} => miss
[info] mutation-analysis: #s(mutant #f grid.rkt 149) {constant-swap} => miss
mutation-analysis: #s(mutant #f main.rkt 1) {constant-swap} => miss
[info] mutation-analysis: #s(mutant #f main.rkt 1) {constant-swap} => miss
mutation-analysis: #s(mutant #f main.rkt 2) {constant-swap} => miss
[info] mutation-analysis: #s(mutant #f main.rkt 2) {constant-swap} => miss
mutation-analysis: #s(mutant #f main.rkt 5) {constant-swap} => miss
mutation-analysis: #s(mutant #f main.rkt 4) {constant-swap} => miss
mutation-analysis: #s(mutant #f main.rkt 3) {constant-swap} => miss
[info] mutation-analysis: #s(mutant #f main.rkt 5) {constant-swap} => miss
[info] mutation-analysis: #s(mutant #f main.rkt 4) {constant-swap} => miss
[info] mutation-analysis: #s(mutant #f main.rkt 3) {constant-swap} => miss
mutation-analysis: #s(mutant #f main.rkt 6) {constant-swap} => miss
[info] mutation-analysis: #s(mutant #f main.rkt 6) {constant-swap} => miss
mutation-analysis: #s(mutant #f main.rkt 8) {constant-swap} => miss
mutation-analysis: #s(mutant #f main.rkt 7) {constant-swap} => miss
[info] mutation-analysis: #s(mutant #f main.rkt 8) {constant-swap} => miss
[info] mutation-analysis: #s(mutant #f main.rkt 7) {constant-swap} => miss
mutation-analysis: #s(mutant #f main.rkt 9) {constant-swap} => miss
[info] mutation-analysis: #s(mutant #f main.rkt 9) {constant-swap} => miss
mutation-analysis: #s(mutant #f main.rkt 10) {constant-swap} => miss
[info] mutation-analysis: #s(mutant #f main.rkt 10) {constant-swap} => miss
mutation-analysis: #s(mutant #f main.rkt 11) {constant-swap} => miss
[info] mutation-analysis: #s(mutant #f main.rkt 11) {constant-swap} => miss
mutation-analysis: #s(mutant #f main.rkt 14) {constant-swap} => miss
mutation-analysis: #s(mutant #f main.rkt 13) {constant-swap} => miss
mutation-analysis: #s(mutant #f main.rkt 12) {constant-swap} => miss
[info] mutation-analysis: #s(mutant #f main.rkt 14) {constant-swap} => miss
[info] mutation-analysis: #s(mutant #f main.rkt 13) {constant-swap} => miss
[info] mutation-analysis: #s(mutant #f main.rkt 12) {constant-swap} => miss
mutation-analysis: #s(mutant #f main.rkt 16) {constant-swap} => miss
mutation-analysis: #s(mutant #f main.rkt 15) {constant-swap} => miss
[info] mutation-analysis: #s(mutant #f main.rkt 16) {constant-swap} => miss
[info] mutation-analysis: #s(mutant #f main.rkt 15) {constant-swap} => miss
mutation-analysis: #s(mutant #f main.rkt 17) {constant-swap} => miss
[info] mutation-analysis: #s(mutant #f main.rkt 17) {constant-swap} => miss
mutation-analysis: #s(mutant #f main.rkt 18) {constant-swap} => miss
[info] mutation-analysis: #s(mutant #f main.rkt 18) {constant-swap} => miss
mutation-analysis: #s(mutant #f main.rkt 19) {constant-swap} => miss
[info] mutation-analysis: #s(mutant #f main.rkt 19) {constant-swap} => miss
mutation-analysis: #s(mutant #f main.rkt 24) {begin-drop} => miss
mutation-analysis: #s(mutant #f main.rkt 23) {begin-drop} => miss
[info] mutation-analysis: #s(mutant #f main.rkt 24) {begin-drop} => miss
[info] mutation-analysis: #s(mutant #f main.rkt 23) {begin-drop} => miss
mutation-analysis: #s(mutant #f main.rkt 22) {begin-drop} => miss
mutation-analysis: #s(mutant #f main.rkt 21) {constant-swap} => miss
mutation-analysis: #s(mutant #f main.rkt 20) {constant-swap} => miss
[info] mutation-analysis: #s(mutant #f main.rkt 22) {begin-drop} => miss
[info] mutation-analysis: #s(mutant #f main.rkt 21) {constant-swap} => miss
[info] mutation-analysis: #s(mutant #f main.rkt 20) {constant-swap} => miss
mutation-analysis: #s(mutant #f main.rkt 25) {begin-drop} => miss
[info] mutation-analysis: #s(mutant #f main.rkt 25) {begin-drop} => miss
mutation-analysis: #s(mutant #f main.rkt 26) {begin-drop} => miss
[info] mutation-analysis: #s(mutant #f main.rkt 26) {begin-drop} => miss
mutation-analysis: #s(mutant #f main.rkt 27) {begin-drop} => miss
[info] mutation-analysis: #s(mutant #f main.rkt 27) {begin-drop} => miss
mutation-analysis: #s(mutant #f main.rkt 28) {begin-drop} => miss
[info] mutation-analysis: #s(mutant #f main.rkt 28) {begin-drop} => miss
mutation-analysis: #s(mutant #f main.rkt 32) {position-swap} => miss
mutation-analysis: #s(mutant #f main.rkt 31) {position-swap} => miss
mutation-analysis: #s(mutant #f main.rkt 30) {position-swap} => miss
[info] mutation-analysis: #s(mutant #f main.rkt 32) {position-swap} => miss
[info] mutation-analysis: #s(mutant #f main.rkt 31) {position-swap} => miss
[info] mutation-analysis: #s(mutant #f main.rkt 30) {position-swap} => miss
mutation-analysis: #s(mutant #f main.rkt 29) {position-swap} => miss
[info] mutation-analysis: #s(mutant #f main.rkt 29) {position-swap} => miss
mutation-analysis: #s(mutant #f main.rkt 33) {position-swap} => miss
[info] mutation-analysis: #s(mutant #f main.rkt 33) {position-swap} => miss
mutation-analysis: #s(mutant #f main.rkt 34) {position-swap} => miss
[info] mutation-analysis: #s(mutant #f main.rkt 34) {position-swap} => miss
mutation-analysis: #s(mutant #f main.rkt 35) {position-swap} => miss
[info] mutation-analysis: #s(mutant #f main.rkt 35) {position-swap} => miss
mutation-analysis: #s(mutant #f main.rkt 36) {arithmetic-op-swap} => miss
[info] mutation-analysis: #s(mutant #f main.rkt 36) {arithmetic-op-swap} => miss
mutation-analysis: #s(mutant #f main.rkt 40) {constant-swap} => miss
mutation-analysis: #s(mutant #f main.rkt 39) {constant-swap} => miss
mutation-analysis: #s(mutant #f main.rkt 38) {arithmetic-op-swap} => miss
mutation-analysis: #s(mutant #f main.rkt 37) {position-swap} => miss
[info] mutation-analysis: #s(mutant #f main.rkt 40) {constant-swap} => miss
[info] mutation-analysis: #s(mutant #f main.rkt 39) {constant-swap} => miss
[info] mutation-analysis: #s(mutant #f main.rkt 38) {arithmetic-op-swap} => miss
[info] mutation-analysis: #s(mutant #f main.rkt 37) {position-swap} => miss
mutation-analysis: #s(mutant #f main.rkt 41) {constant-swap} => miss
[info] mutation-analysis: #s(mutant #f main.rkt 41) {constant-swap} => miss
mutation-analysis: #s(mutant #f main.rkt 42) {constant-swap} => miss
[info] mutation-analysis: #s(mutant #f main.rkt 42) {constant-swap} => miss
mutation-analysis: #s(mutant #f main.rkt 43) {constant-swap} => miss
[info] mutation-analysis: #s(mutant #f main.rkt 43) {constant-swap} => miss
mutation-analysis: #s(mutant #f main.rkt 44) {arithmetic-op-swap} => miss
[info] mutation-analysis: #s(mutant #f main.rkt 44) {arithmetic-op-swap} => miss
mutation-analysis: #s(mutant #f main.rkt 48) {arithmetic-op-swap} => miss
mutation-analysis: #s(mutant #f main.rkt 47) {position-swap} => miss
mutation-analysis: #s(mutant #f main.rkt 46) {arithmetic-op-swap} => miss
mutation-analysis: #s(mutant #f main.rkt 45) {position-swap} => miss
[info] mutation-analysis: #s(mutant #f main.rkt 48) {arithmetic-op-swap} => miss
[info] mutation-analysis: #s(mutant #f main.rkt 47) {position-swap} => miss
[info] mutation-analysis: #s(mutant #f main.rkt 46) {arithmetic-op-swap} => miss
[info] mutation-analysis: #s(mutant #f main.rkt 45) {position-swap} => miss
mutation-analysis: #s(mutant #f main.rkt 49) {constant-swap} => miss
[info] mutation-analysis: #s(mutant #f main.rkt 49) {constant-swap} => miss
mutation-analysis: #s(mutant #f main.rkt 50) {constant-swap} => miss
[info] mutation-analysis: #s(mutant #f main.rkt 50) {constant-swap} => miss
mutation-analysis: #s(mutant #f main.rkt 51) {constant-swap} => miss
[info] mutation-analysis: #s(mutant #f main.rkt 51) {constant-swap} => miss
mutation-analysis: #s(mutant #f main.rkt 52) {constant-swap} => miss
[info] mutation-analysis: #s(mutant #f main.rkt 52) {constant-swap} => miss
mutation-analysis: #s(mutant #f main.rkt 54) {position-swap} => miss
[info] mutation-analysis: #s(mutant #f main.rkt 54) {position-swap} => miss
mutation-analysis: #s(mutant #f main.rkt 56) {position-swap} => miss
mutation-analysis: #s(mutant #f main.rkt 55) {position-swap} => miss
mutation-analysis: #s(mutant #f main.rkt 53) {constant-swap} => miss
[info] mutation-analysis: #s(mutant #f main.rkt 56) {position-swap} => miss
[info] mutation-analysis: #s(mutant #f main.rkt 55) {position-swap} => miss
[info] mutation-analysis: #s(mutant #f main.rkt 53) {constant-swap} => miss
mutation-analysis: #s(mutant #f main.rkt 57) {arithmetic-op-swap} => miss
[info] mutation-analysis: #s(mutant #f main.rkt 57) {arithmetic-op-swap} => miss
mutation-analysis: #s(mutant #f main.rkt 58) {position-swap} => miss
[info] mutation-analysis: #s(mutant #f main.rkt 58) {position-swap} => miss
mutation-analysis: #s(mutant #f main.rkt 59) {arithmetic-op-swap} => miss
[info] mutation-analysis: #s(mutant #f main.rkt 59) {arithmetic-op-swap} => miss
mutation-analysis: #s(mutant #f main.rkt 60) {constant-swap} => miss
[info] mutation-analysis: #s(mutant #f main.rkt 60) {constant-swap} => miss
mutation-analysis: #s(mutant #f main.rkt 61) {constant-swap} => miss
[info] mutation-analysis: #s(mutant #f main.rkt 61) {constant-swap} => miss
mutation-analysis: #s(mutant #f main.rkt 64) {constant-swap} => miss
mutation-analysis: #s(mutant #f main.rkt 63) {constant-swap} => miss
mutation-analysis: #s(mutant #f main.rkt 62) {constant-swap} => miss
[info] mutation-analysis: #s(mutant #f main.rkt 64) {constant-swap} => miss
[info] mutation-analysis: #s(mutant #f main.rkt 63) {constant-swap} => miss
[info] mutation-analysis: #s(mutant #f main.rkt 62) {constant-swap} => miss
mutation-analysis: #s(mutant #f main.rkt 65) {arithmetic-op-swap} => miss
[info] mutation-analysis: #s(mutant #f main.rkt 65) {arithmetic-op-swap} => miss
mutation-analysis: #s(mutant #f main.rkt 66) {position-swap} => miss
[info] mutation-analysis: #s(mutant #f main.rkt 66) {position-swap} => miss
mutation-analysis: #s(mutant #f main.rkt 67) {arithmetic-op-swap} => miss
[info] mutation-analysis: #s(mutant #f main.rkt 67) {arithmetic-op-swap} => miss
mutation-analysis: #s(mutant #f main.rkt 68) {position-swap} => miss
[info] mutation-analysis: #s(mutant #f main.rkt 68) {position-swap} => miss
mutation-analysis: #s(mutant #f main.rkt 69) {arithmetic-op-swap} => miss
[info] mutation-analysis: #s(mutant #f main.rkt 69) {arithmetic-op-swap} => miss
mutation-analysis: #s(mutant #f main.rkt 72) {constant-swap} => miss
mutation-analysis: #s(mutant #f main.rkt 71) {constant-swap} => miss
mutation-analysis: #s(mutant #f main.rkt 70) {constant-swap} => miss
[info] mutation-analysis: #s(mutant #f main.rkt 72) {constant-swap} => miss
[info] mutation-analysis: #s(mutant #f main.rkt 71) {constant-swap} => miss
[info] mutation-analysis: #s(mutant #f main.rkt 70) {constant-swap} => miss
mutation-analysis: #s(mutant #f main.rkt 73) {constant-swap} => miss
[info] mutation-analysis: #s(mutant #f main.rkt 73) {constant-swap} => miss
mutation-analysis: #s(mutant #f main.rkt 74) {constant-swap} => miss
[info] mutation-analysis: #s(mutant #f main.rkt 74) {constant-swap} => miss
mutation-analysis: #s(mutant #f main.rkt 75) {position-swap} => miss
[info] mutation-analysis: #s(mutant #f main.rkt 75) {position-swap} => miss
mutation-analysis: #s(mutant #f main.rkt 76) {arithmetic-op-swap} => miss
[info] mutation-analysis: #s(mutant #f main.rkt 76) {arithmetic-op-swap} => miss
mutation-analysis: #s(mutant #f main.rkt 77) {position-swap} => miss
[info] mutation-analysis: #s(mutant #f main.rkt 77) {position-swap} => miss
mutation-analysis: #s(mutant #f main.rkt 80) {position-swap} => miss
mutation-analysis: #s(mutant #f main.rkt 79) {position-swap} => miss
mutation-analysis: #s(mutant #f main.rkt 78) {arithmetic-op-swap} => miss
[info] mutation-analysis: #s(mutant #f main.rkt 80) {position-swap} => miss
[info] mutation-analysis: #s(mutant #f main.rkt 79) {position-swap} => miss
[info] mutation-analysis: #s(mutant #f main.rkt 78) {arithmetic-op-swap} => miss
mutation-analysis: #s(mutant #f main.rkt 81) {constant-swap} => miss
[info] mutation-analysis: #s(mutant #f main.rkt 81) {constant-swap} => miss
mutation-analysis: #s(mutant #f main.rkt 82) {constant-swap} => miss
[info] mutation-analysis: #s(mutant #f main.rkt 82) {constant-swap} => miss
mutation-analysis: #s(mutant #f main.rkt 83) {position-swap} => miss
[info] mutation-analysis: #s(mutant #f main.rkt 83) {position-swap} => miss
mutation-analysis: #s(mutant #f main.rkt 84) {position-swap} => miss
[info] mutation-analysis: #s(mutant #f main.rkt 84) {position-swap} => miss
mutation-analysis: #s(mutant #f main.rkt 85) {negate-conditional} => miss
[info] mutation-analysis: #s(mutant #f main.rkt 85) {negate-conditional} => miss
mutation-analysis: #s(mutant #f main.rkt 89) {position-swap} => miss
mutation-analysis: #s(mutant #f main.rkt 88) {position-swap} => miss
mutation-analysis: #s(mutant #f main.rkt 87) {position-swap} => miss
[info] mutation-analysis: #s(mutant #f main.rkt 89) {position-swap} => miss
[info] mutation-analysis: #s(mutant #f main.rkt 88) {position-swap} => miss
[info] mutation-analysis: #s(mutant #f main.rkt 87) {position-swap} => miss
mutation-analysis: #s(mutant #f main.rkt 86) {negate-conditional} => miss
[info] mutation-analysis: #s(mutant #f main.rkt 86) {negate-conditional} => miss
mutation-analysis: #s(mutant #f main.rkt 90) {position-swap} => miss
[info] mutation-analysis: #s(mutant #f main.rkt 90) {position-swap} => miss
mutation-analysis: #s(mutant #f main.rkt 91) {boolean-op-swap} => miss
[info] mutation-analysis: #s(mutant #f main.rkt 91) {boolean-op-swap} => miss
mutation-analysis: #s(mutant #f main.rkt 92) {position-swap} => miss
[info] mutation-analysis: #s(mutant #f main.rkt 92) {position-swap} => miss
mutation-analysis: #s(mutant #f main.rkt 93) {position-swap} => miss
[info] mutation-analysis: #s(mutant #f main.rkt 93) {position-swap} => miss
mutation-analysis: #s(mutant #f main.rkt 97) {position-swap} => miss
mutation-analysis: #s(mutant #f main.rkt 96) {position-swap} => miss
mutation-analysis: #s(mutant #f main.rkt 95) {position-swap} => miss
[info] mutation-analysis: #s(mutant #f main.rkt 97) {position-swap} => miss
[info] mutation-analysis: #s(mutant #f main.rkt 96) {position-swap} => miss
[info] mutation-analysis: #s(mutant #f main.rkt 95) {position-swap} => miss
mutation-analysis: #s(mutant #f main.rkt 94) {negate-conditional} => miss
[info] mutation-analysis: #s(mutant #f main.rkt 94) {negate-conditional} => miss
mutation-analysis: #s(mutant #f main.rkt 98) {boolean-op-swap} => miss
[info] mutation-analysis: #s(mutant #f main.rkt 98) {boolean-op-swap} => miss
mutation-analysis: #s(mutant #f main.rkt 99) {position-swap} => miss
[info] mutation-analysis: #s(mutant #f main.rkt 99) {position-swap} => miss
mutation-analysis: #s(mutant #f main.rkt 100) {boolean-op-swap} => miss
[info] mutation-analysis: #s(mutant #f main.rkt 100) {boolean-op-swap} => miss
mutation-analysis: #s(mutant #f main.rkt 101) {position-swap} => miss
[info] mutation-analysis: #s(mutant #f main.rkt 101) {position-swap} => miss
mutation-analysis: #s(mutant #f main.rkt 105) {position-swap} => miss
[info] mutation-analysis: #s(mutant #f main.rkt 105) {position-swap} => miss
mutation-analysis: #s(mutant #f main.rkt 104) {position-swap} => miss
mutation-analysis: #s(mutant #f main.rkt 103) {position-swap} => miss
mutation-analysis: #s(mutant #f main.rkt 102) {position-swap} => miss
[info] mutation-analysis: #s(mutant #f main.rkt 104) {position-swap} => miss
[info] mutation-analysis: #s(mutant #f main.rkt 103) {position-swap} => miss
[info] mutation-analysis: #s(mutant #f main.rkt 102) {position-swap} => miss
mutation-analysis: #s(mutant #f main.rkt 106) {position-swap} => miss
[info] mutation-analysis: #s(mutant #f main.rkt 106) {position-swap} => miss
mutation-analysis: #s(mutant #f main.rkt 107) {boolean-op-swap} => miss
[info] mutation-analysis: #s(mutant #f main.rkt 107) {boolean-op-swap} => miss
mutation-analysis: #s(mutant #f main.rkt 108) {position-swap} => miss
[info] mutation-analysis: #s(mutant #f main.rkt 108) {position-swap} => miss
mutation-analysis: #s(mutant #f main.rkt 109) {comparison-op-swap} => miss
[info] mutation-analysis: #s(mutant #f main.rkt 109) {comparison-op-swap} => miss
mutation-analysis: #s(mutant #f main.rkt 110) {comparison-op-swap} => miss
[info] mutation-analysis: #s(mutant #f main.rkt 110) {comparison-op-swap} => miss
mutation-analysis: #s(mutant #f main.rkt 113) {comparison-op-swap} => miss
mutation-analysis: #s(mutant #f main.rkt 112) {comparison-op-swap} => miss
mutation-analysis: #s(mutant #f main.rkt 111) {position-swap} => miss
[info] mutation-analysis: #s(mutant #f main.rkt 113) {comparison-op-swap} => miss
[info] mutation-analysis: #s(mutant #f main.rkt 112) {comparison-op-swap} => miss
[info] mutation-analysis: #s(mutant #f main.rkt 111) {position-swap} => miss
mutation-analysis: #s(mutant #f main.rkt 114) {arithmetic-op-swap} => miss
[info] mutation-analysis: #s(mutant #f main.rkt 114) {arithmetic-op-swap} => miss
mutation-analysis: #s(mutant #f main.rkt 115) {position-swap} => miss
[info] mutation-analysis: #s(mutant #f main.rkt 115) {position-swap} => miss
mutation-analysis: #s(mutant #f main.rkt 116) {boolean-op-swap} => miss
[info] mutation-analysis: #s(mutant #f main.rkt 116) {boolean-op-swap} => miss
mutation-analysis: #s(mutant #f main.rkt 117) {position-swap} => miss
[info] mutation-analysis: #s(mutant #f main.rkt 117) {position-swap} => miss
mutation-analysis: #s(mutant #f main.rkt 118) {comparison-op-swap} => miss
[info] mutation-analysis: #s(mutant #f main.rkt 118) {comparison-op-swap} => miss
mutation-analysis: #s(mutant #f main.rkt 121) {comparison-op-swap} => miss
mutation-analysis: #s(mutant #f main.rkt 120) {position-swap} => miss
mutation-analysis: #s(mutant #f main.rkt 119) {comparison-op-swap} => miss
[info] mutation-analysis: #s(mutant #f main.rkt 121) {comparison-op-swap} => miss
[info] mutation-analysis: #s(mutant #f main.rkt 120) {position-swap} => miss
[info] mutation-analysis: #s(mutant #f main.rkt 119) {comparison-op-swap} => miss
mutation-analysis: #s(mutant #f main.rkt 122) {comparison-op-swap} => miss
[info] mutation-analysis: #s(mutant #f main.rkt 122) {comparison-op-swap} => miss
mutation-analysis: #s(mutant #f main.rkt 123) {arithmetic-op-swap} => miss
[info] mutation-analysis: #s(mutant #f main.rkt 123) {arithmetic-op-swap} => miss
mutation-analysis: #s(mutant #f main.rkt 124) {negate-conditional} => miss
[info] mutation-analysis: #s(mutant #f main.rkt 124) {negate-conditional} => miss
mutation-analysis: #s(mutant #f main.rkt 125) {position-swap} => miss
[info] mutation-analysis: #s(mutant #f main.rkt 125) {position-swap} => miss
mutation-analysis: #s(mutant #f main.rkt 126) {boolean-op-swap} => miss
[info] mutation-analysis: #s(mutant #f main.rkt 126) {boolean-op-swap} => miss
mutation-analysis: #s(mutant #f main.rkt 129) {constant-swap} => miss
mutation-analysis: #s(mutant #f main.rkt 128) {position-swap} => miss
mutation-analysis: #s(mutant #f main.rkt 127) {position-swap} => miss
[info] mutation-analysis: #s(mutant #f main.rkt 129) {constant-swap} => miss
[info] mutation-analysis: #s(mutant #f main.rkt 128) {position-swap} => miss
[info] mutation-analysis: #s(mutant #f main.rkt 127) {position-swap} => miss
mutation-analysis: #s(mutant #f main.rkt 130) {constant-swap} => miss
[info] mutation-analysis: #s(mutant #f main.rkt 130) {constant-swap} => miss
mutation-analysis: #s(mutant #f main.rkt 131) {position-swap} => miss
[info] mutation-analysis: #s(mutant #f main.rkt 131) {position-swap} => miss
mutation-analysis: #s(mutant #f main.rkt 132) {negate-conditional} => miss
[info] mutation-analysis: #s(mutant #f main.rkt 132) {negate-conditional} => miss
mutation-analysis: #s(mutant #f main.rkt 133) {position-swap} => miss
[info] mutation-analysis: #s(mutant #f main.rkt 133) {position-swap} => miss
mutation-analysis: #s(mutant #f main.rkt 134) {boolean-op-swap} => miss
[info] mutation-analysis: #s(mutant #f main.rkt 134) {boolean-op-swap} => miss
mutation-analysis: #s(mutant #f main.rkt 138) {constant-swap} => miss
mutation-analysis: #s(mutant #f main.rkt 137) {position-swap} => miss
mutation-analysis: #s(mutant #f main.rkt 136) {position-swap} => miss
mutation-analysis: #s(mutant #f main.rkt 135) {position-swap} => miss
[info] mutation-analysis: #s(mutant #f main.rkt 138) {constant-swap} => miss
[info] mutation-analysis: #s(mutant #f main.rkt 137) {position-swap} => miss
[info] mutation-analysis: #s(mutant #f main.rkt 136) {position-swap} => miss
[info] mutation-analysis: #s(mutant #f main.rkt 135) {position-swap} => miss
mutation-analysis: #s(mutant #f main.rkt 139) {constant-swap} => miss
[info] mutation-analysis: #s(mutant #f main.rkt 139) {constant-swap} => miss
mutation-analysis: #s(mutant #f main.rkt 140) {position-swap} => miss
[info] mutation-analysis: #s(mutant #f main.rkt 140) {position-swap} => miss
mutation-analysis: #s(mutant #f main.rkt 141) {position-swap} => miss
[info] mutation-analysis: #s(mutant #f main.rkt 141) {position-swap} => miss
mutation-analysis: #s(mutant #f main.rkt 142) {position-swap} => miss
[info] mutation-analysis: #s(mutant #f main.rkt 142) {position-swap} => miss
mutation-analysis: #s(mutant #f main.rkt 146) {boolean-op-swap} => miss
mutation-analysis: #s(mutant #f main.rkt 145) {position-swap} => miss
mutation-analysis: #s(mutant #f main.rkt 144) {constant-swap} => miss
mutation-analysis: #s(mutant #f main.rkt 143) {constant-swap} => miss
[info] mutation-analysis: #s(mutant #f main.rkt 146) {boolean-op-swap} => miss
[info] mutation-analysis: #s(mutant #f main.rkt 145) {position-swap} => miss
[info] mutation-analysis: #s(mutant #f main.rkt 144) {constant-swap} => miss
[info] mutation-analysis: #s(mutant #f main.rkt 143) {constant-swap} => miss
mutation-analysis: #s(mutant #f main.rkt 147) {position-swap} => miss
[info] mutation-analysis: #s(mutant #f main.rkt 147) {position-swap} => miss
mutation-analysis: #s(mutant #f main.rkt 148) {position-swap} => miss
[info] mutation-analysis: #s(mutant #f main.rkt 148) {position-swap} => miss
mutation-analysis: #s(mutant #f main.rkt 149) {begin-drop} => miss
[info] mutation-analysis: #s(mutant #f main.rkt 149) {begin-drop} => miss
mutation-analysis: #s(mutant #f main.rkt 150) {position-swap} => miss
[info] mutation-analysis: #s(mutant #f main.rkt 150) {position-swap} => miss
mutation-analysis: #s(mutant #f main.rkt 154) {position-swap} => miss
mutation-analysis: #s(mutant #f main.rkt 153) {position-swap} => miss
mutation-analysis: #s(mutant #f main.rkt 152) {begin-drop} => miss
mutation-analysis: #s(mutant #f main.rkt 151) {position-swap} => miss
[info] mutation-analysis: #s(mutant #f main.rkt 154) {position-swap} => miss
[info] mutation-analysis: #s(mutant #f main.rkt 153) {position-swap} => miss
[info] mutation-analysis: #s(mutant #f main.rkt 152) {begin-drop} => miss
[info] mutation-analysis: #s(mutant #f main.rkt 151) {position-swap} => miss
mutation-analysis: #s(mutant #f main.rkt 155) {begin-drop} => miss
[info] mutation-analysis: #s(mutant #f main.rkt 155) {begin-drop} => miss
mutation-analysis: #s(mutant #f main.rkt 156) {position-swap} => miss
[info] mutation-analysis: #s(mutant #f main.rkt 156) {position-swap} => miss
mutation-analysis: #s(mutant #f main.rkt 157) {boolean-op-swap} => miss
[info] mutation-analysis: #s(mutant #f main.rkt 157) {boolean-op-swap} => miss
mutation-analysis: #s(mutant #f main.rkt 158) {position-swap} => miss
[info] mutation-analysis: #s(mutant #f main.rkt 158) {position-swap} => miss
mutation-analysis: #s(mutant #f main.rkt 161) {position-swap} => miss
mutation-analysis: #s(mutant #f main.rkt 160) {begin-drop} => miss
mutation-analysis: #s(mutant #f main.rkt 159) {position-swap} => miss
[info] mutation-analysis: #s(mutant #f main.rkt 161) {position-swap} => miss
[info] mutation-analysis: #s(mutant #f main.rkt 160) {begin-drop} => miss
[info] mutation-analysis: #s(mutant #f main.rkt 159) {position-swap} => miss
mutation-analysis: #s(mutant #f main.rkt 162) {boolean-op-swap} => miss
[info] mutation-analysis: #s(mutant #f main.rkt 162) {boolean-op-swap} => miss
mutation-analysis: #s(mutant #f main.rkt 163) {position-swap} => miss
[info] mutation-analysis: #s(mutant #f main.rkt 163) {position-swap} => miss
mutation-analysis: #s(mutant #f main.rkt 164) {position-swap} => miss
[info] mutation-analysis: #s(mutant #f main.rkt 164) {position-swap} => miss
mutation-analysis: #s(mutant #f main.rkt 165) {begin-drop} => miss
[info] mutation-analysis: #s(mutant #f main.rkt 165) {begin-drop} => miss
mutation-analysis: #s(mutant #f main.rkt 166) {begin-drop} => miss
[info] mutation-analysis: #s(mutant #f main.rkt 166) {begin-drop} => miss
mutation-analysis: #s(mutant #f main.rkt 167) {begin-drop} => miss
[info] mutation-analysis: #s(mutant #f main.rkt 167) {begin-drop} => miss
mutation-analysis: #s(mutant #f main.rkt 169) {position-swap} => miss
mutation-analysis: #s(mutant #f main.rkt 168) {position-swap} => miss
[info] mutation-analysis: #s(mutant #f main.rkt 169) {position-swap} => miss
[info] mutation-analysis: #s(mutant #f main.rkt 168) {position-swap} => miss
mutation-analysis: #s(mutant #f main.rkt 170) {position-swap} => miss
[info] mutation-analysis: #s(mutant #f main.rkt 170) {position-swap} => miss
mutation-analysis: #s(mutant #f main.rkt 171) {constant-swap} => miss
[info] mutation-analysis: #s(mutant #f main.rkt 171) {constant-swap} => miss
mutation-analysis: #s(mutant #f main.rkt 172) {constant-swap} => miss
[info] mutation-analysis: #s(mutant #f main.rkt 172) {constant-swap} => miss
mutation-analysis: #s(mutant #f main.rkt 173) {constant-swap} => miss
[info] mutation-analysis: #s(mutant #f main.rkt 173) {constant-swap} => miss
mutation-analysis: #s(mutant #f main.rkt 174) {constant-swap} => miss
[info] mutation-analysis: #s(mutant #f main.rkt 174) {constant-swap} => miss
mutation-analysis: #s(mutant #f main.rkt 175) {constant-swap} => miss
[info] mutation-analysis: #s(mutant #f main.rkt 175) {constant-swap} => miss
mutation-analysis: #s(mutant #f main.rkt 177) {constant-swap} => miss
mutation-analysis: #s(mutant #f main.rkt 176) {constant-swap} => miss
[info] mutation-analysis: #s(mutant #f main.rkt 177) {constant-swap} => miss
[info] mutation-analysis: #s(mutant #f main.rkt 176) {constant-swap} => miss
mutation-analysis: #s(mutant #f main.rkt 178) {constant-swap} => miss
[info] mutation-analysis: #s(mutant #f main.rkt 178) {constant-swap} => miss
mutation-analysis: #s(mutant #f main.rkt 179) {constant-swap} => miss
[info] mutation-analysis: #s(mutant #f main.rkt 179) {constant-swap} => miss
mutation-analysis: #s(mutant #f main.rkt 180) {constant-swap} => miss
[info] mutation-analysis: #s(mutant #f main.rkt 180) {constant-swap} => miss
mutation-analysis: #s(mutant #f main.rkt 181) {position-swap} => miss
[info] mutation-analysis: #s(mutant #f main.rkt 181) {position-swap} => miss
mutation-analysis: #s(mutant #f main.rkt 182) {position-swap} => miss
[info] mutation-analysis: #s(mutant #f main.rkt 182) {position-swap} => miss
mutation-analysis: #s(mutant #f main.rkt 183) {constant-swap} => miss
[info] mutation-analysis: #s(mutant #f main.rkt 183) {constant-swap} => miss
mutation-analysis: #s(mutant #f main.rkt 185) {constant-swap} => miss
mutation-analysis: #s(mutant #f main.rkt 184) {constant-swap} => miss
[info] mutation-analysis: #s(mutant #f main.rkt 185) {constant-swap} => miss
[info] mutation-analysis: #s(mutant #f main.rkt 184) {constant-swap} => miss
mutation-analysis: #s(mutant #f main.rkt 187) {constant-swap} => miss
mutation-analysis: #s(mutant #f main.rkt 186) {constant-swap} => miss
[info] mutation-analysis: #s(mutant #f main.rkt 187) {constant-swap} => miss
[info] mutation-analysis: #s(mutant #f main.rkt 186) {constant-swap} => miss
mutation-analysis: #s(mutant #f main.rkt 188) {constant-swap} => miss
[info] mutation-analysis: #s(mutant #f main.rkt 188) {constant-swap} => miss
mutation-analysis: #s(mutant #f main.rkt 189) {constant-swap} => miss
[info] mutation-analysis: #s(mutant #f main.rkt 189) {constant-swap} => miss
mutation-analysis: #s(mutant #f main.rkt 190) {constant-swap} => miss
[info] mutation-analysis: #s(mutant #f main.rkt 190) {constant-swap} => miss
mutation-analysis: #s(mutant #f main.rkt 191) {constant-swap} => miss
[info] mutation-analysis: #s(mutant #f main.rkt 191) {constant-swap} => miss
mutation-analysis: #s(mutant #f main.rkt 195) {begin-drop} => miss
mutation-analysis: #s(mutant #f main.rkt 193) {position-swap} => miss
mutation-analysis: #s(mutant #f main.rkt 192) {constant-swap} => miss
[info] mutation-analysis: #s(mutant #f main.rkt 195) {begin-drop} => miss
[info] mutation-analysis: #s(mutant #f main.rkt 193) {position-swap} => miss
[info] mutation-analysis: #s(mutant #f main.rkt 192) {constant-swap} => miss
mutation-analysis: #s(mutant #f main.rkt 196) {begin-drop} => miss
mutation-analysis: #s(mutant #f main.rkt 194) {position-swap} => miss
[info] mutation-analysis: #s(mutant #f main.rkt 196) {begin-drop} => miss
[info] mutation-analysis: #s(mutant #f main.rkt 194) {position-swap} => miss
mutation-analysis: #s(mutant #f main.rkt 197) {begin-drop} => miss
[info] mutation-analysis: #s(mutant #f main.rkt 197) {begin-drop} => miss
mutation-analysis: #s(mutant #f main.rkt 198) {begin-drop} => miss
[info] mutation-analysis: #s(mutant #f main.rkt 198) {begin-drop} => miss
mutation-analysis: #s(mutant #f main.rkt 199) {begin-drop} => miss
[info] mutation-analysis: #s(mutant #f main.rkt 199) {begin-drop} => miss
mutation-analysis: #s(mutant #f main.rkt 202) {position-swap} => miss
mutation-analysis: #s(mutant #f main.rkt 201) {position-swap} => miss
mutation-analysis: #s(mutant #f main.rkt 200) {position-swap} => miss
[info] mutation-analysis: #s(mutant #f main.rkt 202) {position-swap} => miss
[info] mutation-analysis: #s(mutant #f main.rkt 201) {position-swap} => miss
[info] mutation-analysis: #s(mutant #f main.rkt 200) {position-swap} => miss
mutation-analysis: #s(mutant #f main.rkt 205) {constant-swap} => miss
mutation-analysis: #s(mutant #f main.rkt 204) {position-swap} => miss
mutation-analysis: #s(mutant #f main.rkt 203) {negate-conditional} => miss
[info] mutation-analysis: #s(mutant #f main.rkt 205) {constant-swap} => miss
[info] mutation-analysis: #s(mutant #f main.rkt 204) {position-swap} => miss
[info] mutation-analysis: #s(mutant #f main.rkt 203) {negate-conditional} => miss
mutation-analysis: #s(mutant #f main.rkt 206) {constant-swap} => miss
[info] mutation-analysis: #s(mutant #f main.rkt 206) {constant-swap} => miss
mutation-analysis: #s(mutant #f main.rkt 207) {constant-swap} => miss
[info] mutation-analysis: #s(mutant #f main.rkt 207) {constant-swap} => miss
mutation-analysis: #s(mutant #f main.rkt 210) {constant-swap} => miss
mutation-analysis: #s(mutant #f main.rkt 209) {constant-swap} => miss
mutation-analysis: #s(mutant #f main.rkt 208) {constant-swap} => miss
[info] mutation-analysis: #s(mutant #f main.rkt 210) {constant-swap} => miss
[info] mutation-analysis: #s(mutant #f main.rkt 209) {constant-swap} => miss
[info] mutation-analysis: #s(mutant #f main.rkt 208) {constant-swap} => miss
mutation-analysis: #s(mutant #f main.rkt 213) {constant-swap} => miss
mutation-analysis: #s(mutant #f main.rkt 212) {constant-swap} => miss
mutation-analysis: #s(mutant #f main.rkt 211) {constant-swap} => miss
[info] mutation-analysis: #s(mutant #f main.rkt 213) {constant-swap} => miss
[info] mutation-analysis: #s(mutant #f main.rkt 212) {constant-swap} => miss
[info] mutation-analysis: #s(mutant #f main.rkt 211) {constant-swap} => miss
mutation-analysis: #s(mutant #f main.rkt 214) {constant-swap} => miss
[info] mutation-analysis: #s(mutant #f main.rkt 214) {constant-swap} => miss
mutation-analysis: #s(mutant #f main.rkt 215) {position-swap} => miss
[info] mutation-analysis: #s(mutant #f main.rkt 215) {position-swap} => miss
mutation-analysis: #s(mutant #f main.rkt 218) {constant-swap} => miss
mutation-analysis: #s(mutant #f main.rkt 217) {constant-swap} => miss
mutation-analysis: #s(mutant #f main.rkt 216) {constant-swap} => miss
[info] mutation-analysis: #s(mutant #f main.rkt 218) {constant-swap} => miss
[info] mutation-analysis: #s(mutant #f main.rkt 217) {constant-swap} => miss
[info] mutation-analysis: #s(mutant #f main.rkt 216) {constant-swap} => miss
mutation-analysis: #s(mutant #f main.rkt 221) {constant-swap} => miss
mutation-analysis: #s(mutant #f main.rkt 220) {constant-swap} => miss
mutation-analysis: #s(mutant #f main.rkt 219) {constant-swap} => miss
[info] mutation-analysis: #s(mutant #f main.rkt 221) {constant-swap} => miss
[info] mutation-analysis: #s(mutant #f main.rkt 220) {constant-swap} => miss
[info] mutation-analysis: #s(mutant #f main.rkt 219) {constant-swap} => miss
mutation-analysis: #s(mutant #f main.rkt 222) {constant-swap} => miss
[info] mutation-analysis: #s(mutant #f main.rkt 222) {constant-swap} => miss
mutation-analysis: #s(mutant #f main.rkt 223) {constant-swap} => miss
[info] mutation-analysis: #s(mutant #f main.rkt 223) {constant-swap} => miss
mutation-analysis: #s(mutant #f main.rkt 226) {negate-conditional} => miss
mutation-analysis: #s(mutant #f main.rkt 225) {constant-swap} => miss
mutation-analysis: #s(mutant #f main.rkt 224) {constant-swap} => miss
[info] mutation-analysis: #s(mutant #f main.rkt 226) {negate-conditional} => miss
[info] mutation-analysis: #s(mutant #f main.rkt 225) {constant-swap} => miss
[info] mutation-analysis: #s(mutant #f main.rkt 224) {constant-swap} => miss
mutation-analysis: #s(mutant #f main.rkt 229) {constant-swap} => miss
mutation-analysis: #s(mutant #f main.rkt 228) {constant-swap} => miss
mutation-analysis: #s(mutant #f main.rkt 227) {constant-swap} => miss
[info] mutation-analysis: #s(mutant #f main.rkt 229) {constant-swap} => miss
[info] mutation-analysis: #s(mutant #f main.rkt 228) {constant-swap} => miss
[info] mutation-analysis: #s(mutant #f main.rkt 227) {constant-swap} => miss
mutation-analysis: #s(mutant #f main.rkt 230) {constant-swap} => miss
[info] mutation-analysis: #s(mutant #f main.rkt 230) {constant-swap} => miss
mutation-analysis: #s(mutant #f main.rkt 231) {constant-swap} => miss
[info] mutation-analysis: #s(mutant #f main.rkt 231) {constant-swap} => miss
mutation-analysis: #s(mutant #f main.rkt 234) {constant-swap} => miss
mutation-analysis: #s(mutant #f main.rkt 233) {constant-swap} => miss
mutation-analysis: #s(mutant #f main.rkt 232) {negate-conditional} => miss
[info] mutation-analysis: #s(mutant #f main.rkt 234) {constant-swap} => miss
[info] mutation-analysis: #s(mutant #f main.rkt 233) {constant-swap} => miss
[info] mutation-analysis: #s(mutant #f main.rkt 232) {negate-conditional} => miss
mutation-analysis: #s(mutant #f main.rkt 237) {constant-swap} => miss
mutation-analysis: #s(mutant #f main.rkt 236) {constant-swap} => miss
mutation-analysis: #s(mutant #f main.rkt 235) {constant-swap} => miss
[info] mutation-analysis: #s(mutant #f main.rkt 237) {constant-swap} => miss
[info] mutation-analysis: #s(mutant #f main.rkt 236) {constant-swap} => miss
[info] mutation-analysis: #s(mutant #f main.rkt 235) {constant-swap} => miss
mutation-analysis: #s(mutant #f main.rkt 238) {position-swap} => miss
[info] mutation-analysis: #s(mutant #f main.rkt 238) {position-swap} => miss
mutation-analysis: #s(mutant #f main.rkt 239) {position-swap} => miss
[info] mutation-analysis: #s(mutant #f main.rkt 239) {position-swap} => miss
mutation-analysis: #s(mutant #f main.rkt 242) {begin-drop} => miss
mutation-analysis: #s(mutant #f main.rkt 241) {begin-drop} => miss
[info] mutation-analysis: #s(mutant #f main.rkt 242) {begin-drop} => miss
[info] mutation-analysis: #s(mutant #f main.rkt 241) {begin-drop} => miss
mutation-analysis: #s(mutant #f main.rkt 240) {begin-drop} => miss
[info] mutation-analysis: #s(mutant #f main.rkt 240) {begin-drop} => miss
mutation-analysis: #s(mutant #f main.rkt 245) {begin-drop} => miss
[info] mutation-analysis: #s(mutant #f main.rkt 245) {begin-drop} => miss
mutation-analysis: #s(mutant #f main.rkt 244) {begin-drop} => miss
mutation-analysis: #s(mutant #f main.rkt 243) {begin-drop} => miss
[info] mutation-analysis: #s(mutant #f main.rkt 244) {begin-drop} => miss
[info] mutation-analysis: #s(mutant #f main.rkt 243) {begin-drop} => miss
mutation-analysis: #s(mutant #f main.rkt 246) {begin-drop} => miss
[info] mutation-analysis: #s(mutant #f main.rkt 246) {begin-drop} => miss
mutation-analysis: #s(mutant #f main.rkt 247) {begin-drop} => miss
[info] mutation-analysis: #s(mutant #f main.rkt 247) {begin-drop} => miss
mutation-analysis: #s(mutant #f main.rkt 250) {position-swap} => miss
mutation-analysis: #s(mutant #f main.rkt 249) {position-swap} => miss
mutation-analysis: #s(mutant #f main.rkt 248) {position-swap} => miss
[info] mutation-analysis: #s(mutant #f main.rkt 250) {position-swap} => miss
[info] mutation-analysis: #s(mutant #f main.rkt 249) {position-swap} => miss
[info] mutation-analysis: #s(mutant #f main.rkt 248) {position-swap} => miss
mutation-analysis: #s(mutant #f main.rkt 251) {position-swap} => miss
[info] mutation-analysis: #s(mutant #f main.rkt 251) {position-swap} => miss
mutation-analysis: #s(mutant #f main.rkt 253) {position-swap} => miss
mutation-analysis: #s(mutant #f main.rkt 252) {position-swap} => miss
[info] mutation-analysis: #s(mutant #f main.rkt 253) {position-swap} => miss
[info] mutation-analysis: #s(mutant #f main.rkt 252) {position-swap} => miss
mutation-analysis: #s(mutant #f main.rkt 254) {constant-swap} => miss
[info] mutation-analysis: #s(mutant #f main.rkt 254) {constant-swap} => miss
mutation-analysis: #s(mutant #f main.rkt 255) {constant-swap} => miss
[info] mutation-analysis: #s(mutant #f main.rkt 255) {constant-swap} => miss
mutation-analysis: #s(mutant #f main.rkt 258) {constant-swap} => miss
mutation-analysis: #s(mutant #f main.rkt 257) {constant-swap} => miss
mutation-analysis: #s(mutant #f main.rkt 256) {constant-swap} => miss
[info] mutation-analysis: #s(mutant #f main.rkt 258) {constant-swap} => miss
[info] mutation-analysis: #s(mutant #f main.rkt 257) {constant-swap} => miss
[info] mutation-analysis: #s(mutant #f main.rkt 256) {constant-swap} => miss
mutation-analysis: #s(mutant #f main.rkt 259) {constant-swap} => miss
[info] mutation-analysis: #s(mutant #f main.rkt 259) {constant-swap} => miss
mutation-analysis: #s(mutant #f main.rkt 261) {constant-swap} => miss
mutation-analysis: #s(mutant #f main.rkt 260) {constant-swap} => miss
[info] mutation-analysis: #s(mutant #f main.rkt 261) {constant-swap} => miss
[info] mutation-analysis: #s(mutant #f main.rkt 260) {constant-swap} => miss
mutation-analysis: #s(mutant #f main.rkt 263) {constant-swap} => miss
mutation-analysis: #s(mutant #f main.rkt 262) {constant-swap} => miss
[info] mutation-analysis: #s(mutant #f main.rkt 263) {constant-swap} => miss
[info] mutation-analysis: #s(mutant #f main.rkt 262) {constant-swap} => miss
mutation-analysis: #s(mutant #f main.rkt 267) {position-swap} => miss
mutation-analysis: #s(mutant #f main.rkt 266) {position-swap} => miss
mutation-analysis: #s(mutant #f main.rkt 265) {position-swap} => miss
[info] mutation-analysis: #s(mutant #f main.rkt 267) {position-swap} => miss
[info] mutation-analysis: #s(mutant #f main.rkt 266) {position-swap} => miss
[info] mutation-analysis: #s(mutant #f main.rkt 265) {position-swap} => miss
mutation-analysis: #s(mutant #f main.rkt 264) {position-swap} => miss
[info] mutation-analysis: #s(mutant #f main.rkt 264) {position-swap} => miss
mutation-analysis: #s(mutant #f main.rkt 269) {position-swap} => miss
mutation-analysis: #s(mutant #f main.rkt 268) {position-swap} => miss
[info] mutation-analysis: #s(mutant #f main.rkt 269) {position-swap} => miss
[info] mutation-analysis: #s(mutant #f main.rkt 268) {position-swap} => miss
mutation-analysis: #s(mutant #f main.rkt 271) {boolean-op-swap} => miss
mutation-analysis: #s(mutant #f main.rkt 270) {position-swap} => miss
[info] mutation-analysis: #s(mutant #f main.rkt 271) {boolean-op-swap} => miss
[info] mutation-analysis: #s(mutant #f main.rkt 270) {position-swap} => miss
mutation-analysis: #s(mutant #f main.rkt 275) {position-swap} => miss
mutation-analysis: #s(mutant #f main.rkt 274) {position-swap} => miss
mutation-analysis: #s(mutant #f main.rkt 273) {position-swap} => miss
mutation-analysis: #s(mutant #f main.rkt 272) {position-swap} => miss
[info] mutation-analysis: #s(mutant #f main.rkt 275) {position-swap} => miss
[info] mutation-analysis: #s(mutant #f main.rkt 274) {position-swap} => miss
[info] mutation-analysis: #s(mutant #f main.rkt 273) {position-swap} => miss
[info] mutation-analysis: #s(mutant #f main.rkt 272) {position-swap} => miss
mutation-analysis: #s(mutant #f main.rkt 277) {negate-conditional} => miss
mutation-analysis: #s(mutant #f main.rkt 276) {arithmetic-op-swap} => miss
[info] mutation-analysis: #s(mutant #f main.rkt 277) {negate-conditional} => miss
[info] mutation-analysis: #s(mutant #f main.rkt 276) {arithmetic-op-swap} => miss
mutation-analysis: #s(mutant #f main.rkt 279) {comparison-op-swap} => miss
mutation-analysis: #s(mutant #f main.rkt 278) {position-swap} => miss
[info] mutation-analysis: #s(mutant #f main.rkt 279) {comparison-op-swap} => miss
[info] mutation-analysis: #s(mutant #f main.rkt 278) {position-swap} => miss
mutation-analysis: #s(mutant #f main.rkt 283) {constant-swap} => miss
mutation-analysis: #s(mutant #f main.rkt 282) {constant-swap} => miss
mutation-analysis: #s(mutant #f main.rkt 281) {constant-swap} => miss
mutation-analysis: #s(mutant #f main.rkt 280) {comparison-op-swap} => miss
[info] mutation-analysis: #s(mutant #f main.rkt 283) {constant-swap} => miss
[info] mutation-analysis: #s(mutant #f main.rkt 282) {constant-swap} => miss
[info] mutation-analysis: #s(mutant #f main.rkt 281) {constant-swap} => miss
[info] mutation-analysis: #s(mutant #f main.rkt 280) {comparison-op-swap} => miss
mutation-analysis: #s(mutant #f main.rkt 285) {position-swap} => miss
mutation-analysis: #s(mutant #f main.rkt 284) {position-swap} => miss
[info] mutation-analysis: #s(mutant #f main.rkt 285) {position-swap} => miss
[info] mutation-analysis: #s(mutant #f main.rkt 284) {position-swap} => miss
mutation-analysis: #s(mutant #f main.rkt 286) {position-swap} => miss
[info] mutation-analysis: #s(mutant #f main.rkt 286) {position-swap} => miss
mutation-analysis: #s(mutant #f main.rkt 287) {position-swap} => miss
[info] mutation-analysis: #s(mutant #f main.rkt 287) {position-swap} => miss
mutation-analysis: #s(mutant #f main.rkt 291) {constant-swap} => miss
mutation-analysis: #s(mutant #f main.rkt 290) {constant-swap} => miss
mutation-analysis: #s(mutant #f main.rkt 289) {constant-swap} => miss
mutation-analysis: #s(mutant #f main.rkt 288) {position-swap} => miss
[info] mutation-analysis: #s(mutant #f main.rkt 291) {constant-swap} => miss
[info] mutation-analysis: #s(mutant #f main.rkt 290) {constant-swap} => miss
[info] mutation-analysis: #s(mutant #f main.rkt 289) {constant-swap} => miss
[info] mutation-analysis: #s(mutant #f main.rkt 288) {position-swap} => miss
mutation-analysis: #s(mutant #f main.rkt 293) {position-swap} => miss
mutation-analysis: #s(mutant #f main.rkt 292) {constant-swap} => miss
[info] mutation-analysis: #s(mutant #f main.rkt 293) {position-swap} => miss
[info] mutation-analysis: #s(mutant #f main.rkt 292) {constant-swap} => miss
mutation-analysis: #s(mutant #f main.rkt 294) {position-swap} => miss
[info] mutation-analysis: #s(mutant #f main.rkt 294) {position-swap} => miss
mutation-analysis: #s(mutant #f main.rkt 295) {negate-conditional} => miss
[info] mutation-analysis: #s(mutant #f main.rkt 295) {negate-conditional} => miss
mutation-analysis: #s(mutant #f main.rkt 299) {position-swap} => miss
mutation-analysis: #s(mutant #f main.rkt 298) {position-swap} => miss
mutation-analysis: #s(mutant #f main.rkt 297) {position-swap} => miss
mutation-analysis: #s(mutant #f main.rkt 296) {position-swap} => miss
[info] mutation-analysis: #s(mutant #f main.rkt 299) {position-swap} => miss
[info] mutation-analysis: #s(mutant #f main.rkt 298) {position-swap} => miss
[info] mutation-analysis: #s(mutant #f main.rkt 297) {position-swap} => miss
[info] mutation-analysis: #s(mutant #f main.rkt 296) {position-swap} => miss
mutation-analysis: #s(mutant #f main.rkt 300) {position-swap} => miss
[info] mutation-analysis: #s(mutant #f main.rkt 300) {position-swap} => miss
mutation-analysis: #s(mutant #f main.rkt 302) {position-swap} => miss
mutation-analysis: #s(mutant #f main.rkt 301) {arithmetic-op-swap} => miss
[info] mutation-analysis: #s(mutant #f main.rkt 302) {position-swap} => miss
[info] mutation-analysis: #s(mutant #f main.rkt 301) {arithmetic-op-swap} => miss
mutation-analysis: #s(mutant #f main.rkt 303) {position-swap} => miss
[info] mutation-analysis: #s(mutant #f main.rkt 303) {position-swap} => miss
mutation-analysis: #s(mutant #f main.rkt 305) {position-swap} => miss
[info] mutation-analysis: #s(mutant #f main.rkt 305) {position-swap} => miss
mutation-analysis: #s(mutant #f main.rkt 307) {negate-conditional} => miss
mutation-analysis: #s(mutant #f main.rkt 306) {negate-conditional} => miss
mutation-analysis: #s(mutant #f main.rkt 304) {negate-conditional} => miss
[info] mutation-analysis: #s(mutant #f main.rkt 307) {negate-conditional} => miss
[info] mutation-analysis: #s(mutant #f main.rkt 306) {negate-conditional} => miss
[info] mutation-analysis: #s(mutant #f main.rkt 304) {negate-conditional} => miss
mutation-analysis: #s(mutant #f main.rkt 308) {position-swap} => miss
[info] mutation-analysis: #s(mutant #f main.rkt 308) {position-swap} => miss
mutation-analysis: #s(mutant #f main.rkt 310) {boolean-op-swap} => miss
mutation-analysis: #s(mutant #f main.rkt 309) {position-swap} => miss
[info] mutation-analysis: #s(mutant #f main.rkt 310) {boolean-op-swap} => miss
[info] mutation-analysis: #s(mutant #f main.rkt 309) {position-swap} => miss
mutation-analysis: #s(mutant #f main.rkt 311) {constant-swap} => miss
[info] mutation-analysis: #s(mutant #f main.rkt 311) {constant-swap} => miss
mutation-analysis: #s(mutant #f main.rkt 312) {constant-swap} => miss
[info] mutation-analysis: #s(mutant #f main.rkt 312) {constant-swap} => miss
mutation-analysis: #s(mutant #f main.rkt 314) {constant-swap} => miss
[info] mutation-analysis: #s(mutant #f main.rkt 314) {constant-swap} => miss
mutation-analysis: #s(mutant #f main.rkt 316) {position-swap} => miss
mutation-analysis: #s(mutant #f main.rkt 315) {constant-swap} => miss
mutation-analysis: #s(mutant #f main.rkt 313) {constant-swap} => miss
[info] mutation-analysis: #s(mutant #f main.rkt 316) {position-swap} => miss
[info] mutation-analysis: #s(mutant #f main.rkt 315) {constant-swap} => miss
[info] mutation-analysis: #s(mutant #f main.rkt 313) {constant-swap} => miss
mutation-analysis: #s(mutant #f main.rkt 318) {position-swap} => miss
mutation-analysis: #s(mutant #f main.rkt 317) {position-swap} => miss
[info] mutation-analysis: #s(mutant #f main.rkt 318) {position-swap} => miss
[info] mutation-analysis: #s(mutant #f main.rkt 317) {position-swap} => miss
mutation-analysis: #s(mutant #f main.rkt 319) {position-swap} => miss
[info] mutation-analysis: #s(mutant #f main.rkt 319) {position-swap} => miss
mutation-analysis: #s(mutant #f main.rkt 320) {position-swap} => miss
[info] mutation-analysis: #s(mutant #f main.rkt 320) {position-swap} => miss
mutation-analysis: #s(mutant #f main.rkt 324) {position-swap} => miss
mutation-analysis: #s(mutant #f main.rkt 321) {negate-conditional} => miss
[info] mutation-analysis: #s(mutant #f main.rkt 324) {position-swap} => miss
[info] mutation-analysis: #s(mutant #f main.rkt 321) {negate-conditional} => miss
mutation-analysis: #s(mutant #f main.rkt 323) {arithmetic-op-swap} => miss
mutation-analysis: #s(mutant #f main.rkt 322) {position-swap} => miss
[info] mutation-analysis: #s(mutant #f main.rkt 323) {arithmetic-op-swap} => miss
[info] mutation-analysis: #s(mutant #f main.rkt 322) {position-swap} => miss
mutation-analysis: #s(mutant #f main.rkt 326) {negate-conditional} => miss
mutation-analysis: #s(mutant #f main.rkt 325) {arithmetic-op-swap} => miss
[info] mutation-analysis: #s(mutant #f main.rkt 326) {negate-conditional} => miss
[info] mutation-analysis: #s(mutant #f main.rkt 325) {arithmetic-op-swap} => miss
mutation-analysis: #s(mutant #f main.rkt 327) {position-swap} => miss
[info] mutation-analysis: #s(mutant #f main.rkt 327) {position-swap} => miss
mutation-analysis: #s(mutant #f main.rkt 328) {position-swap} => miss
[info] mutation-analysis: #s(mutant #f main.rkt 328) {position-swap} => miss
mutation-analysis: #s(mutant #f main.rkt 330) {position-swap} => miss
mutation-analysis: #s(mutant #f main.rkt 329) {position-swap} => miss
[info] mutation-analysis: #s(mutant #f main.rkt 330) {position-swap} => miss
[info] mutation-analysis: #s(mutant #f main.rkt 329) {position-swap} => miss
mutation-analysis: #s(mutant #f main.rkt 332) {position-swap} => miss
mutation-analysis: #s(mutant #f main.rkt 331) {position-swap} => miss
[info] mutation-analysis: #s(mutant #f main.rkt 332) {position-swap} => miss
[info] mutation-analysis: #s(mutant #f main.rkt 331) {position-swap} => miss
mutation-analysis: #s(mutant #f main.rkt 334) {position-swap} => miss
mutation-analysis: #s(mutant #f main.rkt 333) {negate-conditional} => miss
[info] mutation-analysis: #s(mutant #f main.rkt 334) {position-swap} => miss
[info] mutation-analysis: #s(mutant #f main.rkt 333) {negate-conditional} => miss
mutation-analysis: #s(mutant #f main.rkt 335) {position-swap} => miss
[info] mutation-analysis: #s(mutant #f main.rkt 335) {position-swap} => miss
mutation-analysis: #s(mutant #f main.rkt 336) {comparison-op-swap} => miss
[info] mutation-analysis: #s(mutant #f main.rkt 336) {comparison-op-swap} => miss
mutation-analysis: #s(mutant #f main.rkt 338) {constant-swap} => miss
mutation-analysis: #s(mutant #f main.rkt 337) {comparison-op-swap} => miss
[info] mutation-analysis: #s(mutant #f main.rkt 338) {constant-swap} => miss
[info] mutation-analysis: #s(mutant #f main.rkt 337) {comparison-op-swap} => miss
mutation-analysis: #s(mutant #f main.rkt 340) {constant-swap} => miss
mutation-analysis: #s(mutant #f main.rkt 339) {constant-swap} => miss
[info] mutation-analysis: #s(mutant #f main.rkt 340) {constant-swap} => miss
[info] mutation-analysis: #s(mutant #f main.rkt 339) {constant-swap} => miss
mutation-analysis: #s(mutant #f main.rkt 342) {arithmetic-op-swap} => miss
mutation-analysis: #s(mutant #f main.rkt 341) {position-swap} => miss
[info] mutation-analysis: #s(mutant #f main.rkt 342) {arithmetic-op-swap} => miss
[info] mutation-analysis: #s(mutant #f main.rkt 341) {position-swap} => miss
mutation-analysis: #s(mutant #f main.rkt 343) {position-swap} => miss
[info] mutation-analysis: #s(mutant #f main.rkt 343) {position-swap} => miss
mutation-analysis: #s(mutant #f main.rkt 344) {position-swap} => miss
[info] mutation-analysis: #s(mutant #f main.rkt 344) {position-swap} => miss
mutation-analysis: #s(mutant #f main.rkt 348) {position-swap} => miss
mutation-analysis: #s(mutant #f main.rkt 347) {boolean-op-swap} => miss
mutation-analysis: #s(mutant #f main.rkt 346) {position-swap} => miss
mutation-analysis: #s(mutant #f main.rkt 345) {position-swap} => miss
[info] mutation-analysis: #s(mutant #f main.rkt 348) {position-swap} => miss
[info] mutation-analysis: #s(mutant #f main.rkt 347) {boolean-op-swap} => miss
[info] mutation-analysis: #s(mutant #f main.rkt 346) {position-swap} => miss
[info] mutation-analysis: #s(mutant #f main.rkt 345) {position-swap} => miss
mutation-analysis: #s(mutant #f main.rkt 350) {position-swap} => miss
mutation-analysis: #s(mutant #f main.rkt 349) {position-swap} => miss
[info] mutation-analysis: #s(mutant #f main.rkt 350) {position-swap} => miss
[info] mutation-analysis: #s(mutant #f main.rkt 349) {position-swap} => miss
mutation-analysis: #s(mutant #f main.rkt 351) {position-swap} => miss
[info] mutation-analysis: #s(mutant #f main.rkt 351) {position-swap} => miss
mutation-analysis: #s(mutant #f main.rkt 352) {position-swap} => miss
[info] mutation-analysis: #s(mutant #f main.rkt 352) {position-swap} => miss
mutation-analysis: #s(mutant #f main.rkt 356) {position-swap} => miss
mutation-analysis: #s(mutant #f main.rkt 355) {position-swap} => miss
mutation-analysis: #s(mutant #f main.rkt 354) {position-swap} => miss
mutation-analysis: #s(mutant #f main.rkt 353) {position-swap} => miss
[info] mutation-analysis: #s(mutant #f main.rkt 356) {position-swap} => miss
[info] mutation-analysis: #s(mutant #f main.rkt 355) {position-swap} => miss
[info] mutation-analysis: #s(mutant #f main.rkt 354) {position-swap} => miss
[info] mutation-analysis: #s(mutant #f main.rkt 353) {position-swap} => miss
mutation-analysis: #s(mutant #f main.rkt 359) {position-swap} => miss
mutation-analysis: #s(mutant #f main.rkt 358) {position-swap} => miss
mutation-analysis: #s(mutant #f main.rkt 357) {position-swap} => miss
[info] mutation-analysis: #s(mutant #f main.rkt 359) {position-swap} => miss
[info] mutation-analysis: #s(mutant #f main.rkt 358) {position-swap} => miss
[info] mutation-analysis: #s(mutant #f main.rkt 357) {position-swap} => miss
mutation-analysis: #s(mutant #f main.rkt 360) {negate-conditional} => miss
[info] mutation-analysis: #s(mutant #f main.rkt 360) {negate-conditional} => miss
mutation-analysis: #s(mutant #f main.rkt 364) {position-swap} => miss
mutation-analysis: #s(mutant #f main.rkt 363) {boolean-op-swap} => miss
mutation-analysis: #s(mutant #f main.rkt 362) {position-swap} => miss
mutation-analysis: #s(mutant #f main.rkt 361) {negate-conditional} => miss
[info] mutation-analysis: #s(mutant #f main.rkt 364) {position-swap} => miss
[info] mutation-analysis: #s(mutant #f main.rkt 363) {boolean-op-swap} => miss
[info] mutation-analysis: #s(mutant #f main.rkt 362) {position-swap} => miss
[info] mutation-analysis: #s(mutant #f main.rkt 361) {negate-conditional} => miss
mutation-analysis: #s(mutant #f main.rkt 367) {position-swap} => miss
mutation-analysis: #s(mutant #f main.rkt 366) {position-swap} => miss
mutation-analysis: #s(mutant #f main.rkt 365) {position-swap} => miss
[info] mutation-analysis: #s(mutant #f main.rkt 367) {position-swap} => miss
[info] mutation-analysis: #s(mutant #f main.rkt 366) {position-swap} => miss
[info] mutation-analysis: #s(mutant #f main.rkt 365) {position-swap} => miss
mutation-analysis: #s(mutant #f main.rkt 368) {boolean-op-swap} => miss
[info] mutation-analysis: #s(mutant #f main.rkt 368) {boolean-op-swap} => miss
mutation-analysis: #s(mutant #f main.rkt 372) {constant-swap} => miss
mutation-analysis: #s(mutant #f main.rkt 371) {position-swap} => miss
mutation-analysis: #s(mutant #f main.rkt 370) {position-swap} => miss
mutation-analysis: #s(mutant #f main.rkt 369) {position-swap} => miss
[info] mutation-analysis: #s(mutant #f main.rkt 372) {constant-swap} => miss
[info] mutation-analysis: #s(mutant #f main.rkt 371) {position-swap} => miss
[info] mutation-analysis: #s(mutant #f main.rkt 370) {position-swap} => miss
[info] mutation-analysis: #s(mutant #f main.rkt 369) {position-swap} => miss
mutation-analysis: #s(mutant #f main.rkt 375) {position-swap} => miss
mutation-analysis: #s(mutant #f main.rkt 374) {position-swap} => miss
mutation-analysis: #s(mutant #f main.rkt 373) {constant-swap} => miss
[info] mutation-analysis: #s(mutant #f main.rkt 375) {position-swap} => miss
[info] mutation-analysis: #s(mutant #f main.rkt 374) {position-swap} => miss
[info] mutation-analysis: #s(mutant #f main.rkt 373) {constant-swap} => miss
mutation-analysis: #s(mutant #f main.rkt 376) {begin-drop} => miss
[info] mutation-analysis: #s(mutant #f main.rkt 376) {begin-drop} => miss
mutation-analysis: #s(mutant #f main.rkt 378) {position-swap} => miss
mutation-analysis: #s(mutant #f main.rkt 377) {negate-conditional} => miss
[info] mutation-analysis: #s(mutant #f main.rkt 378) {position-swap} => miss
[info] mutation-analysis: #s(mutant #f main.rkt 377) {negate-conditional} => miss
mutation-analysis: #s(mutant #f main.rkt 380) {constant-swap} => miss
mutation-analysis: #s(mutant #f main.rkt 379) {position-swap} => miss
[info] mutation-analysis: #s(mutant #f main.rkt 380) {constant-swap} => miss
[info] mutation-analysis: #s(mutant #f main.rkt 379) {position-swap} => miss
mutation-analysis: #s(mutant #f main.rkt 383) {position-swap} => miss
mutation-analysis: #s(mutant #f main.rkt 382) {position-swap} => miss
mutation-analysis: #s(mutant #f main.rkt 381) {constant-swap} => miss
[info] mutation-analysis: #s(mutant #f main.rkt 383) {position-swap} => miss
[info] mutation-analysis: #s(mutant #f main.rkt 382) {position-swap} => miss
[info] mutation-analysis: #s(mutant #f main.rkt 381) {constant-swap} => miss
mutation-analysis: #s(mutant #f main.rkt 384) {position-swap} => miss
[info] mutation-analysis: #s(mutant #f main.rkt 384) {position-swap} => miss
mutation-analysis: #s(mutant #f main.rkt 386) {boolean-op-swap} => miss
mutation-analysis: #s(mutant #f main.rkt 385) {position-swap} => miss
[info] mutation-analysis: #s(mutant #f main.rkt 386) {boolean-op-swap} => miss
[info] mutation-analysis: #s(mutant #f main.rkt 385) {position-swap} => miss
mutation-analysis: #s(mutant #f main.rkt 390) {begin-drop} => miss
mutation-analysis: #s(mutant #f main.rkt 389) {position-swap} => miss
mutation-analysis: #s(mutant #f main.rkt 388) {position-swap} => miss
mutation-analysis: #s(mutant #f main.rkt 387) {position-swap} => miss
[info] mutation-analysis: #s(mutant #f main.rkt 390) {begin-drop} => miss
[info] mutation-analysis: #s(mutant #f main.rkt 389) {position-swap} => miss
[info] mutation-analysis: #s(mutant #f main.rkt 388) {position-swap} => miss
[info] mutation-analysis: #s(mutant #f main.rkt 387) {position-swap} => miss
mutation-analysis: #s(mutant #f main.rkt 391) {begin-drop} => miss
[info] mutation-analysis: #s(mutant #f main.rkt 391) {begin-drop} => miss
mutation-analysis: #s(mutant #f main.rkt 392) {begin-drop} => miss
[info] mutation-analysis: #s(mutant #f main.rkt 392) {begin-drop} => miss
mutation-analysis: #s(mutant #f main.rkt 394) {begin-drop} => miss
mutation-analysis: #s(mutant #f main.rkt 393) {begin-drop} => miss
[info] mutation-analysis: #s(mutant #f main.rkt 394) {begin-drop} => miss
[info] mutation-analysis: #s(mutant #f main.rkt 393) {begin-drop} => miss
mutation-analysis: #s(mutant #f main.rkt 399) {position-swap} => miss
mutation-analysis: #s(mutant #f main.rkt 398) {position-swap} => miss
mutation-analysis: #s(mutant #f main.rkt 397) {position-swap} => miss
mutation-analysis: #s(mutant #f main.rkt 396) {position-swap} => miss
[info] mutation-analysis: #s(mutant #f main.rkt 399) {position-swap} => miss
[info] mutation-analysis: #s(mutant #f main.rkt 398) {position-swap} => miss
[info] mutation-analysis: #s(mutant #f main.rkt 397) {position-swap} => miss
[info] mutation-analysis: #s(mutant #f main.rkt 396) {position-swap} => miss
mutation-analysis: #s(mutant #f main.rkt 395) {position-swap} => miss
[info] mutation-analysis: #s(mutant #f main.rkt 395) {position-swap} => miss
mutation-analysis: #s(mutant #f main.rkt 400) {position-swap} => miss
[info] mutation-analysis: #s(mutant #f main.rkt 400) {position-swap} => miss
mutation-analysis: #s(mutant #f main.rkt 402) {begin-drop} => miss
mutation-analysis: #s(mutant #f main.rkt 401) {begin-drop} => miss
[info] mutation-analysis: #s(mutant #f main.rkt 402) {begin-drop} => miss
[info] mutation-analysis: #s(mutant #f main.rkt 401) {begin-drop} => miss
mutation-analysis: #s(mutant #f main.rkt 403) {position-swap} => miss
[info] mutation-analysis: #s(mutant #f main.rkt 403) {position-swap} => miss
mutation-analysis: #s(mutant #f main.rkt 407) {constant-swap} => miss
mutation-analysis: #s(mutant #f main.rkt 406) {position-swap} => miss
mutation-analysis: #s(mutant #f main.rkt 405) {position-swap} => miss
mutation-analysis: #s(mutant #f main.rkt 404) {negate-conditional} => miss
[info] mutation-analysis: #s(mutant #f main.rkt 407) {constant-swap} => miss
[info] mutation-analysis: #s(mutant #f main.rkt 406) {position-swap} => miss
[info] mutation-analysis: #s(mutant #f main.rkt 405) {position-swap} => miss
[info] mutation-analysis: #s(mutant #f main.rkt 404) {negate-conditional} => miss
mutation-analysis: #s(mutant #f main.rkt 408) {constant-swap} => miss
[info] mutation-analysis: #s(mutant #f main.rkt 408) {constant-swap} => miss
mutation-analysis: #s(mutant #f main.rkt 410) {position-swap} => miss
mutation-analysis: #s(mutant #f main.rkt 409) {position-swap} => miss
[info] mutation-analysis: #s(mutant #f main.rkt 410) {position-swap} => miss
[info] mutation-analysis: #s(mutant #f main.rkt 409) {position-swap} => miss
mutation-analysis: #s(mutant #f main.rkt 411) {position-swap} => miss
[info] mutation-analysis: #s(mutant #f main.rkt 411) {position-swap} => miss
mutation-analysis: #s(mutant #f main.rkt 416) {position-swap} => miss
mutation-analysis: #s(mutant #f main.rkt 415) {position-swap} => miss
mutation-analysis: #s(mutant #f main.rkt 414) {position-swap} => miss
mutation-analysis: #s(mutant #f main.rkt 413) {boolean-op-swap} => miss
[info] mutation-analysis: #s(mutant #f main.rkt 416) {position-swap} => miss
[info] mutation-analysis: #s(mutant #f main.rkt 415) {position-swap} => miss
[info] mutation-analysis: #s(mutant #f main.rkt 414) {position-swap} => miss
[info] mutation-analysis: #s(mutant #f main.rkt 413) {boolean-op-swap} => miss
mutation-analysis: #s(mutant #f main.rkt 412) {position-swap} => miss
[info] mutation-analysis: #s(mutant #f main.rkt 412) {position-swap} => miss
mutation-analysis: #s(mutant #f main.rkt 418) {position-swap} => miss
mutation-analysis: #s(mutant #f main.rkt 417) {position-swap} => miss
[info] mutation-analysis: #s(mutant #f main.rkt 418) {position-swap} => miss
[info] mutation-analysis: #s(mutant #f main.rkt 417) {position-swap} => miss
mutation-analysis: #s(mutant #f main.rkt 419) {position-swap} => miss
[info] mutation-analysis: #s(mutant #f main.rkt 419) {position-swap} => miss
mutation-analysis: #s(mutant #f main.rkt 424) {position-swap} => miss
mutation-analysis: #s(mutant #f main.rkt 423) {position-swap} => miss
mutation-analysis: #s(mutant #f main.rkt 422) {position-swap} => miss
mutation-analysis: #s(mutant #f main.rkt 421) {position-swap} => miss
[info] mutation-analysis: #s(mutant #f main.rkt 424) {position-swap} => miss
[info] mutation-analysis: #s(mutant #f main.rkt 423) {position-swap} => miss
[info] mutation-analysis: #s(mutant #f main.rkt 422) {position-swap} => miss
[info] mutation-analysis: #s(mutant #f main.rkt 421) {position-swap} => miss
mutation-analysis: #s(mutant #f main.rkt 420) {position-swap} => miss
[info] mutation-analysis: #s(mutant #f main.rkt 420) {position-swap} => miss
mutation-analysis: #s(mutant #f main.rkt 426) {position-swap} => miss
mutation-analysis: #s(mutant #f main.rkt 425) {position-swap} => miss
[info] mutation-analysis: #s(mutant #f main.rkt 426) {position-swap} => miss
[info] mutation-analysis: #s(mutant #f main.rkt 425) {position-swap} => miss
mutation-analysis: #s(mutant #f main.rkt 427) {position-swap} => miss
[info] mutation-analysis: #s(mutant #f main.rkt 427) {position-swap} => miss
mutation-analysis: #s(mutant #f main.rkt 432) {constant-swap} => miss
mutation-analysis: #s(mutant #f main.rkt 431) {boolean-op-swap} => miss
mutation-analysis: #s(mutant #f main.rkt 430) {position-swap} => miss
mutation-analysis: #s(mutant #f main.rkt 429) {boolean-op-swap} => miss
mutation-analysis: #s(mutant #f main.rkt 428) {position-swap} => miss
[info] mutation-analysis: #s(mutant #f main.rkt 432) {constant-swap} => miss
[info] mutation-analysis: #s(mutant #f main.rkt 431) {boolean-op-swap} => miss
[info] mutation-analysis: #s(mutant #f main.rkt 430) {position-swap} => miss
[info] mutation-analysis: #s(mutant #f main.rkt 429) {boolean-op-swap} => miss
[info] mutation-analysis: #s(mutant #f main.rkt 428) {position-swap} => miss
mutation-analysis: #s(mutant #f main.rkt 434) {position-swap} => miss
mutation-analysis: #s(mutant #f main.rkt 433) {constant-swap} => miss
[info] mutation-analysis: #s(mutant #f main.rkt 434) {position-swap} => miss
[info] mutation-analysis: #s(mutant #f main.rkt 433) {constant-swap} => miss
mutation-analysis: #s(mutant #f main.rkt 435) {boolean-op-swap} => miss
[info] mutation-analysis: #s(mutant #f main.rkt 435) {boolean-op-swap} => miss
mutation-analysis: #s(mutant #f main.rkt 440) {constant-swap} => miss
mutation-analysis: #s(mutant #f main.rkt 439) {boolean-op-swap} => miss
mutation-analysis: #s(mutant #f main.rkt 438) {position-swap} => miss
mutation-analysis: #s(mutant #f main.rkt 437) {constant-swap} => miss
mutation-analysis: #s(mutant #f main.rkt 436) {constant-swap} => miss
[info] mutation-analysis: #s(mutant #f main.rkt 440) {constant-swap} => miss
[info] mutation-analysis: #s(mutant #f main.rkt 439) {boolean-op-swap} => miss
[info] mutation-analysis: #s(mutant #f main.rkt 438) {position-swap} => miss
[info] mutation-analysis: #s(mutant #f main.rkt 437) {constant-swap} => miss
[info] mutation-analysis: #s(mutant #f main.rkt 436) {constant-swap} => miss
mutation-analysis: #s(mutant #f main.rkt 442) {position-swap} => miss
mutation-analysis: #s(mutant #f main.rkt 441) {constant-swap} => miss
[info] mutation-analysis: #s(mutant #f main.rkt 442) {position-swap} => miss
[info] mutation-analysis: #s(mutant #f main.rkt 441) {constant-swap} => miss
mutation-analysis: #s(mutant #f main.rkt 443) {position-swap} => miss
[info] mutation-analysis: #s(mutant #f main.rkt 443) {position-swap} => miss
mutation-analysis: #s(mutant #f main.rkt 448) {position-swap} => miss
mutation-analysis: #s(mutant #f main.rkt 447) {position-swap} => miss
mutation-analysis: #s(mutant #f main.rkt 446) {position-swap} => miss
[info] mutation-analysis: #s(mutant #f main.rkt 448) {position-swap} => miss
[info] mutation-analysis: #s(mutant #f main.rkt 447) {position-swap} => miss
[info] mutation-analysis: #s(mutant #f main.rkt 446) {position-swap} => miss
mutation-analysis: #s(mutant #f main.rkt 445) {position-swap} => miss
mutation-analysis: #s(mutant #f main.rkt 444) {position-swap} => miss
[info] mutation-analysis: #s(mutant #f main.rkt 445) {position-swap} => miss
[info] mutation-analysis: #s(mutant #f main.rkt 444) {position-swap} => miss
mutation-analysis: #s(mutant #f main.rkt 450) {position-swap} => miss
mutation-analysis: #s(mutant #f main.rkt 449) {position-swap} => miss
[info] mutation-analysis: #s(mutant #f main.rkt 450) {position-swap} => miss
[info] mutation-analysis: #s(mutant #f main.rkt 449) {position-swap} => miss
mutation-analysis: #s(mutant #f main.rkt 451) {position-swap} => miss
[info] mutation-analysis: #s(mutant #f main.rkt 451) {position-swap} => miss
mutation-analysis: #s(mutant #f main.rkt 456) {constant-swap} => miss
mutation-analysis: #s(mutant #f main.rkt 455) {constant-swap} => miss
mutation-analysis: #s(mutant #f main.rkt 454) {constant-swap} => miss
mutation-analysis: #s(mutant #f main.rkt 453) {constant-swap} => miss
mutation-analysis: #s(mutant #f main.rkt 452) {position-swap} => miss
[info] mutation-analysis: #s(mutant #f main.rkt 456) {constant-swap} => miss
[info] mutation-analysis: #s(mutant #f main.rkt 455) {constant-swap} => miss
[info] mutation-analysis: #s(mutant #f main.rkt 454) {constant-swap} => miss
[info] mutation-analysis: #s(mutant #f main.rkt 453) {constant-swap} => miss
[info] mutation-analysis: #s(mutant #f main.rkt 452) {position-swap} => miss
mutation-analysis: #s(mutant #f main.rkt 458) {constant-swap} => miss
mutation-analysis: #s(mutant #f main.rkt 457) {constant-swap} => miss
[info] mutation-analysis: #s(mutant #f main.rkt 458) {constant-swap} => miss
[info] mutation-analysis: #s(mutant #f main.rkt 457) {constant-swap} => miss
mutation-analysis: #s(mutant #f main.rkt 459) {constant-swap} => miss
[info] mutation-analysis: #s(mutant #f main.rkt 459) {constant-swap} => miss
mutation-analysis: #s(mutant #f main.rkt 464) {constant-swap} => miss
mutation-analysis: #s(mutant #f main.rkt 463) {constant-swap} => miss
mutation-analysis: #s(mutant #f main.rkt 462) {constant-swap} => miss
mutation-analysis: #s(mutant #f main.rkt 461) {constant-swap} => miss
mutation-analysis: #s(mutant #f main.rkt 460) {constant-swap} => miss
[info] mutation-analysis: #s(mutant #f main.rkt 464) {constant-swap} => miss
[info] mutation-analysis: #s(mutant #f main.rkt 463) {constant-swap} => miss
[info] mutation-analysis: #s(mutant #f main.rkt 462) {constant-swap} => miss
[info] mutation-analysis: #s(mutant #f main.rkt 461) {constant-swap} => miss
[info] mutation-analysis: #s(mutant #f main.rkt 460) {constant-swap} => miss
mutation-analysis: #s(mutant #f main.rkt 466) {constant-swap} => miss
mutation-analysis: #s(mutant #f main.rkt 465) {constant-swap} => miss
[info] mutation-analysis: #s(mutant #f main.rkt 466) {constant-swap} => miss
[info] mutation-analysis: #s(mutant #f main.rkt 465) {constant-swap} => miss
mutation-analysis: #s(mutant #f main.rkt 467) {constant-swap} => miss
[info] mutation-analysis: #s(mutant #f main.rkt 467) {constant-swap} => miss
mutation-analysis: #s(mutant #f main.rkt 472) {constant-swap} => miss
mutation-analysis: #s(mutant #f main.rkt 471) {constant-swap} => miss
mutation-analysis: #s(mutant #f main.rkt 470) {constant-swap} => miss
mutation-analysis: #s(mutant #f main.rkt 469) {position-swap} => miss
mutation-analysis: #s(mutant #f main.rkt 468) {constant-swap} => miss
[info] mutation-analysis: #s(mutant #f main.rkt 472) {constant-swap} => miss
[info] mutation-analysis: #s(mutant #f main.rkt 471) {constant-swap} => miss
[info] mutation-analysis: #s(mutant #f main.rkt 470) {constant-swap} => miss
[info] mutation-analysis: #s(mutant #f main.rkt 469) {position-swap} => miss
[info] mutation-analysis: #s(mutant #f main.rkt 468) {constant-swap} => miss
mutation-analysis: #s(mutant #f main.rkt 474) {constant-swap} => miss
mutation-analysis: #s(mutant #f main.rkt 473) {constant-swap} => miss
[info] mutation-analysis: #s(mutant #f main.rkt 474) {constant-swap} => miss
[info] mutation-analysis: #s(mutant #f main.rkt 473) {constant-swap} => miss
mutation-analysis: #s(mutant #f main.rkt 475) {constant-swap} => miss
[info] mutation-analysis: #s(mutant #f main.rkt 475) {constant-swap} => miss
mutation-analysis: #s(mutant #f main.rkt 480) {constant-swap} => miss
mutation-analysis: #s(mutant #f main.rkt 479) {constant-swap} => miss
mutation-analysis: #s(mutant #f main.rkt 478) {position-swap} => miss
mutation-analysis: #s(mutant #f main.rkt 477) {constant-swap} => miss
mutation-analysis: #s(mutant #f main.rkt 476) {constant-swap} => miss
[info] mutation-analysis: #s(mutant #f main.rkt 480) {constant-swap} => miss
[info] mutation-analysis: #s(mutant #f main.rkt 479) {constant-swap} => miss
[info] mutation-analysis: #s(mutant #f main.rkt 478) {position-swap} => miss
[info] mutation-analysis: #s(mutant #f main.rkt 477) {constant-swap} => miss
[info] mutation-analysis: #s(mutant #f main.rkt 476) {constant-swap} => miss
mutation-analysis: #s(mutant #f main.rkt 483) {constant-swap} => miss
mutation-analysis: #s(mutant #f main.rkt 482) {constant-swap} => miss
mutation-analysis: #s(mutant #f main.rkt 481) {constant-swap} => miss
[info] mutation-analysis: #s(mutant #f main.rkt 483) {constant-swap} => miss
[info] mutation-analysis: #s(mutant #f main.rkt 482) {constant-swap} => miss
[info] mutation-analysis: #s(mutant #f main.rkt 481) {constant-swap} => miss
mutation-analysis: #s(mutant #f main.rkt 488) {constant-swap} => miss
mutation-analysis: #s(mutant #f main.rkt 487) {position-swap} => miss
mutation-analysis: #s(mutant #f main.rkt 486) {constant-swap} => miss
mutation-analysis: #s(mutant #f main.rkt 485) {constant-swap} => miss
mutation-analysis: #s(mutant #f main.rkt 484) {constant-swap} => miss
[info] mutation-analysis: #s(mutant #f main.rkt 488) {constant-swap} => miss
[info] mutation-analysis: #s(mutant #f main.rkt 487) {position-swap} => miss
[info] mutation-analysis: #s(mutant #f main.rkt 486) {constant-swap} => miss
[info] mutation-analysis: #s(mutant #f main.rkt 485) {constant-swap} => miss
[info] mutation-analysis: #s(mutant #f main.rkt 484) {constant-swap} => miss
mutation-analysis: #s(mutant #f main.rkt 491) {constant-swap} => miss
mutation-analysis: #s(mutant #f main.rkt 490) {constant-swap} => miss
mutation-analysis: #s(mutant #f main.rkt 489) {constant-swap} => miss
[info] mutation-analysis: #s(mutant #f main.rkt 491) {constant-swap} => miss
[info] mutation-analysis: #s(mutant #f main.rkt 490) {constant-swap} => miss
[info] mutation-analysis: #s(mutant #f main.rkt 489) {constant-swap} => miss
mutation-analysis: #s(mutant #f main.rkt 496) {position-swap} => miss
mutation-analysis: #s(mutant #f main.rkt 495) {constant-swap} => miss
mutation-analysis: #s(mutant #f main.rkt 494) {constant-swap} => miss
mutation-analysis: #s(mutant #f main.rkt 493) {constant-swap} => miss
mutation-analysis: #s(mutant #f main.rkt 492) {constant-swap} => miss
[info] mutation-analysis: #s(mutant #f main.rkt 496) {position-swap} => miss
[info] mutation-analysis: #s(mutant #f main.rkt 495) {constant-swap} => miss
[info] mutation-analysis: #s(mutant #f main.rkt 494) {constant-swap} => miss
[info] mutation-analysis: #s(mutant #f main.rkt 493) {constant-swap} => miss
[info] mutation-analysis: #s(mutant #f main.rkt 492) {constant-swap} => miss
mutation-analysis: #s(mutant #f main.rkt 499) {constant-swap} => miss
mutation-analysis: #s(mutant #f main.rkt 498) {constant-swap} => miss
mutation-analysis: #s(mutant #f main.rkt 497) {constant-swap} => miss
[info] mutation-analysis: #s(mutant #f main.rkt 499) {constant-swap} => miss
[info] mutation-analysis: #s(mutant #f main.rkt 498) {constant-swap} => miss
[info] mutation-analysis: #s(mutant #f main.rkt 497) {constant-swap} => miss
mutation-analysis: #s(mutant #f main.rkt 504) {constant-swap} => miss
mutation-analysis: #s(mutant #f main.rkt 503) {constant-swap} => miss
mutation-analysis: #s(mutant #f main.rkt 502) {constant-swap} => miss
mutation-analysis: #s(mutant #f main.rkt 501) {constant-swap} => miss
mutation-analysis: #s(mutant #f main.rkt 500) {constant-swap} => miss
[info] mutation-analysis: #s(mutant #f main.rkt 504) {constant-swap} => miss
[info] mutation-analysis: #s(mutant #f main.rkt 503) {constant-swap} => miss
[info] mutation-analysis: #s(mutant #f main.rkt 502) {constant-swap} => miss
[info] mutation-analysis: #s(mutant #f main.rkt 501) {constant-swap} => miss
[info] mutation-analysis: #s(mutant #f main.rkt 500) {constant-swap} => miss
mutation-analysis: #s(mutant #f main.rkt 507) {constant-swap} => miss
mutation-analysis: #s(mutant #f main.rkt 506) {constant-swap} => miss
mutation-analysis: #s(mutant #f main.rkt 505) {constant-swap} => miss
[info] mutation-analysis: #s(mutant #f main.rkt 507) {constant-swap} => miss
[info] mutation-analysis: #s(mutant #f main.rkt 506) {constant-swap} => miss
[info] mutation-analysis: #s(mutant #f main.rkt 505) {constant-swap} => miss
mutation-analysis: #s(mutant #f main.rkt 512) {constant-swap} => miss
mutation-analysis: #s(mutant #f main.rkt 511) {constant-swap} => miss
mutation-analysis: #s(mutant #f main.rkt 510) {constant-swap} => miss
mutation-analysis: #s(mutant #f main.rkt 509) {constant-swap} => miss
mutation-analysis: #s(mutant #f main.rkt 508) {constant-swap} => miss
[info] mutation-analysis: #s(mutant #f main.rkt 512) {constant-swap} => miss
[info] mutation-analysis: #s(mutant #f main.rkt 511) {constant-swap} => miss
[info] mutation-analysis: #s(mutant #f main.rkt 510) {constant-swap} => miss
[info] mutation-analysis: #s(mutant #f main.rkt 509) {constant-swap} => miss
[info] mutation-analysis: #s(mutant #f main.rkt 508) {constant-swap} => miss
mutation-analysis: #s(mutant #f main.rkt 515) {constant-swap} => miss
mutation-analysis: #s(mutant #f main.rkt 514) {constant-swap} => miss
mutation-analysis: #s(mutant #f main.rkt 513) {constant-swap} => miss
[info] mutation-analysis: #s(mutant #f main.rkt 515) {constant-swap} => miss
[info] mutation-analysis: #s(mutant #f main.rkt 514) {constant-swap} => miss
[info] mutation-analysis: #s(mutant #f main.rkt 513) {constant-swap} => miss
mutation-analysis: #s(mutant #f main.rkt 520) {constant-swap} => miss
mutation-analysis: #s(mutant #f main.rkt 519) {constant-swap} => miss
mutation-analysis: #s(mutant #f main.rkt 518) {constant-swap} => miss
mutation-analysis: #s(mutant #f main.rkt 517) {constant-swap} => miss
mutation-analysis: #s(mutant #f main.rkt 516) {constant-swap} => miss
[info] mutation-analysis: #s(mutant #f main.rkt 520) {constant-swap} => miss
[info] mutation-analysis: #s(mutant #f main.rkt 519) {constant-swap} => miss
[info] mutation-analysis: #s(mutant #f main.rkt 518) {constant-swap} => miss
[info] mutation-analysis: #s(mutant #f main.rkt 517) {constant-swap} => miss
[info] mutation-analysis: #s(mutant #f main.rkt 516) {constant-swap} => miss
mutation-analysis: #s(mutant #f main.rkt 523) {negate-conditional} => miss
mutation-analysis: #s(mutant #f main.rkt 522) {negate-conditional} => miss
mutation-analysis: #s(mutant #f main.rkt 521) {negate-conditional} => miss
[info] mutation-analysis: #s(mutant #f main.rkt 523) {negate-conditional} => miss
[info] mutation-analysis: #s(mutant #f main.rkt 522) {negate-conditional} => miss
[info] mutation-analysis: #s(mutant #f main.rkt 521) {negate-conditional} => miss
mutation-analysis: #s(mutant #f main.rkt 528) {constant-swap} => miss
mutation-analysis: #s(mutant #f main.rkt 527) {constant-swap} => miss
mutation-analysis: #s(mutant #f main.rkt 526) {constant-swap} => miss
mutation-analysis: #s(mutant #f main.rkt 525) {position-swap} => miss
mutation-analysis: #s(mutant #f main.rkt 524) {negate-conditional} => miss
[info] mutation-analysis: #s(mutant #f main.rkt 528) {constant-swap} => miss
[info] mutation-analysis: #s(mutant #f main.rkt 527) {constant-swap} => miss
[info] mutation-analysis: #s(mutant #f main.rkt 526) {constant-swap} => miss
[info] mutation-analysis: #s(mutant #f main.rkt 525) {position-swap} => miss
[info] mutation-analysis: #s(mutant #f main.rkt 524) {negate-conditional} => miss
mutation-analysis: #s(mutant #f main.rkt 531) {constant-swap} => miss
mutation-analysis: #s(mutant #f main.rkt 530) {constant-swap} => miss
mutation-analysis: #s(mutant #f main.rkt 529) {constant-swap} => miss
[info] mutation-analysis: #s(mutant #f main.rkt 531) {constant-swap} => miss
[info] mutation-analysis: #s(mutant #f main.rkt 530) {constant-swap} => miss
[info] mutation-analysis: #s(mutant #f main.rkt 529) {constant-swap} => miss
mutation-analysis: #s(mutant #f main.rkt 532) {constant-swap} => miss
[info] mutation-analysis: #s(mutant #f main.rkt 532) {constant-swap} => miss
mutation-analysis: #s(mutant #f main.rkt 536) {constant-swap} => miss
mutation-analysis: #s(mutant #f main.rkt 535) {constant-swap} => miss
mutation-analysis: #s(mutant #f main.rkt 534) {constant-swap} => miss
mutation-analysis: #s(mutant #f main.rkt 533) {constant-swap} => miss
[info] mutation-analysis: #s(mutant #f main.rkt 536) {constant-swap} => miss
[info] mutation-analysis: #s(mutant #f main.rkt 535) {constant-swap} => miss
[info] mutation-analysis: #s(mutant #f main.rkt 534) {constant-swap} => miss
[info] mutation-analysis: #s(mutant #f main.rkt 533) {constant-swap} => miss
mutation-analysis: #s(mutant #f main.rkt 539) {constant-swap} => miss
mutation-analysis: #s(mutant #f main.rkt 538) {constant-swap} => miss
mutation-analysis: #s(mutant #f main.rkt 537) {constant-swap} => miss
[info] mutation-analysis: #s(mutant #f main.rkt 539) {constant-swap} => miss
[info] mutation-analysis: #s(mutant #f main.rkt 538) {constant-swap} => miss
[info] mutation-analysis: #s(mutant #f main.rkt 537) {constant-swap} => miss
mutation-analysis: #s(mutant #f main.rkt 540) {constant-swap} => miss
[info] mutation-analysis: #s(mutant #f main.rkt 540) {constant-swap} => miss
mutation-analysis: #s(mutant #f main.rkt 541) {constant-swap} => miss
[info] mutation-analysis: #s(mutant #f main.rkt 541) {constant-swap} => miss
mutation-analysis: #s(mutant #f main.rkt 544) {constant-swap} => miss
mutation-analysis: #s(mutant #f main.rkt 543) {constant-swap} => miss
mutation-analysis: #s(mutant #f main.rkt 542) {position-swap} => miss
[info] mutation-analysis: #s(mutant #f main.rkt 544) {constant-swap} => miss
[info] mutation-analysis: #s(mutant #f main.rkt 543) {constant-swap} => miss
[info] mutation-analysis: #s(mutant #f main.rkt 542) {position-swap} => miss
mutation-analysis: #s(mutant #f main.rkt 547) {constant-swap} => miss
mutation-analysis: #s(mutant #f main.rkt 546) {constant-swap} => miss
mutation-analysis: #s(mutant #f main.rkt 545) {constant-swap} => miss
[info] mutation-analysis: #s(mutant #f main.rkt 547) {constant-swap} => miss
[info] mutation-analysis: #s(mutant #f main.rkt 546) {constant-swap} => miss
[info] mutation-analysis: #s(mutant #f main.rkt 545) {constant-swap} => miss
mutation-analysis: #s(mutant #f main.rkt 548) {constant-swap} => miss
[info] mutation-analysis: #s(mutant #f main.rkt 548) {constant-swap} => miss
mutation-analysis: #s(mutant #f main.rkt 549) {constant-swap} => miss
[info] mutation-analysis: #s(mutant #f main.rkt 549) {constant-swap} => miss
mutation-analysis: #s(mutant #f main.rkt 552) {constant-swap} => miss
mutation-analysis: #s(mutant #f main.rkt 551) {position-swap} => miss
mutation-analysis: #s(mutant #f main.rkt 550) {constant-swap} => miss
[info] mutation-analysis: #s(mutant #f main.rkt 552) {constant-swap} => miss
[info] mutation-analysis: #s(mutant #f main.rkt 551) {position-swap} => miss
[info] mutation-analysis: #s(mutant #f main.rkt 550) {constant-swap} => miss
mutation-analysis: #s(mutant #f main.rkt 553) {constant-swap} => miss
[info] mutation-analysis: #s(mutant #f main.rkt 553) {constant-swap} => miss
mutation-analysis: #s(mutant #f main.rkt 555) {constant-swap} => miss
mutation-analysis: #s(mutant #f main.rkt 554) {constant-swap} => miss
[info] mutation-analysis: #s(mutant #f main.rkt 555) {constant-swap} => miss
[info] mutation-analysis: #s(mutant #f main.rkt 554) {constant-swap} => miss
mutation-analysis: #s(mutant #f main.rkt 556) {constant-swap} => miss
[info] mutation-analysis: #s(mutant #f main.rkt 556) {constant-swap} => miss
mutation-analysis: #s(mutant #f main.rkt 557) {constant-swap} => miss
[info] mutation-analysis: #s(mutant #f main.rkt 557) {constant-swap} => miss
mutation-analysis: #s(mutant #f main.rkt 560) {negate-conditional} => miss
mutation-analysis: #s(mutant #f main.rkt 559) {constant-swap} => miss
mutation-analysis: #s(mutant #f main.rkt 558) {constant-swap} => miss
[info] mutation-analysis: #s(mutant #f main.rkt 560) {negate-conditional} => miss
[info] mutation-analysis: #s(mutant #f main.rkt 559) {constant-swap} => miss
[info] mutation-analysis: #s(mutant #f main.rkt 558) {constant-swap} => miss
mutation-analysis: #s(mutant #f main.rkt 561) {negate-conditional} => miss
[info] mutation-analysis: #s(mutant #f main.rkt 561) {negate-conditional} => miss
mutation-analysis: #s(mutant #f main.rkt 563) {negate-conditional} => miss
mutation-analysis: #s(mutant #f main.rkt 562) {negate-conditional} => miss
[info] mutation-analysis: #s(mutant #f main.rkt 563) {negate-conditional} => miss
[info] mutation-analysis: #s(mutant #f main.rkt 562) {negate-conditional} => miss
mutation-analysis: #s(mutant #f main.rkt 564) {position-swap} => miss
[info] mutation-analysis: #s(mutant #f main.rkt 564) {position-swap} => miss
mutation-analysis: #s(mutant #f main.rkt 565) {position-swap} => miss
[info] mutation-analysis: #s(mutant #f main.rkt 565) {position-swap} => miss
mutation-analysis: #s(mutant #f main.rkt 568) {constant-swap} => miss
mutation-analysis: #s(mutant #f main.rkt 567) {constant-swap} => miss
mutation-analysis: #s(mutant #f main.rkt 566) {constant-swap} => miss
[info] mutation-analysis: #s(mutant #f main.rkt 568) {constant-swap} => miss
[info] mutation-analysis: #s(mutant #f main.rkt 567) {constant-swap} => miss
[info] mutation-analysis: #s(mutant #f main.rkt 566) {constant-swap} => miss
mutation-analysis: #s(mutant #f main.rkt 569) {constant-swap} => miss
[info] mutation-analysis: #s(mutant #f main.rkt 569) {constant-swap} => miss
mutation-analysis: #s(mutant #f main.rkt 571) {constant-swap} => miss
mutation-analysis: #s(mutant #f main.rkt 570) {constant-swap} => miss
[info] mutation-analysis: #s(mutant #f main.rkt 571) {constant-swap} => miss
[info] mutation-analysis: #s(mutant #f main.rkt 570) {constant-swap} => miss
mutation-analysis: #s(mutant #f main.rkt 572) {constant-swap} => miss
[info] mutation-analysis: #s(mutant #f main.rkt 572) {constant-swap} => miss
mutation-analysis: #s(mutant #f main.rkt 573) {constant-swap} => miss
[info] mutation-analysis: #s(mutant #f main.rkt 573) {constant-swap} => miss
mutation-analysis: #s(mutant #f main.rkt 576) {constant-swap} => miss
mutation-analysis: #s(mutant #f main.rkt 575) {constant-swap} => miss
mutation-analysis: #s(mutant #f main.rkt 574) {position-swap} => miss
[info] mutation-analysis: #s(mutant #f main.rkt 576) {constant-swap} => miss
[info] mutation-analysis: #s(mutant #f main.rkt 575) {constant-swap} => miss
[info] mutation-analysis: #s(mutant #f main.rkt 574) {position-swap} => miss
mutation-analysis: #s(mutant #f main.rkt 577) {constant-swap} => miss
[info] mutation-analysis: #s(mutant #f main.rkt 577) {constant-swap} => miss
mutation-analysis: #s(mutant #f main.rkt 579) {constant-swap} => miss
mutation-analysis: #s(mutant #f main.rkt 578) {constant-swap} => miss
[info] mutation-analysis: #s(mutant #f main.rkt 579) {constant-swap} => miss
[info] mutation-analysis: #s(mutant #f main.rkt 578) {constant-swap} => miss
mutation-analysis: #s(mutant #f main.rkt 580) {constant-swap} => miss
[info] mutation-analysis: #s(mutant #f main.rkt 580) {constant-swap} => miss
mutation-analysis: #s(mutant #f main.rkt 581) {constant-swap} => miss
[info] mutation-analysis: #s(mutant #f main.rkt 581) {constant-swap} => miss
mutation-analysis: #s(mutant #f main.rkt 582) {constant-swap} => miss
[info] mutation-analysis: #s(mutant #f main.rkt 582) {constant-swap} => miss
mutation-analysis: #s(mutant #f main.rkt 584) {negate-conditional} => miss
mutation-analysis: #s(mutant #f main.rkt 583) {negate-conditional} => miss
[info] mutation-analysis: #s(mutant #f main.rkt 584) {negate-conditional} => miss
[info] mutation-analysis: #s(mutant #f main.rkt 583) {negate-conditional} => miss
mutation-analysis: #s(mutant #f main.rkt 585) {negate-conditional} => miss
[info] mutation-analysis: #s(mutant #f main.rkt 585) {negate-conditional} => miss
mutation-analysis: #s(mutant #f main.rkt 587) {position-swap} => miss
mutation-analysis: #s(mutant #f main.rkt 586) {negate-conditional} => miss
[info] mutation-analysis: #s(mutant #f main.rkt 587) {position-swap} => miss
[info] mutation-analysis: #s(mutant #f main.rkt 586) {negate-conditional} => miss
mutation-analysis: #s(mutant #f main.rkt 588) {constant-swap} => miss
[info] mutation-analysis: #s(mutant #f main.rkt 588) {constant-swap} => miss
mutation-analysis: #s(mutant #f main.rkt 589) {constant-swap} => miss
[info] mutation-analysis: #s(mutant #f main.rkt 589) {constant-swap} => miss
mutation-analysis: #s(mutant #f main.rkt 590) {constant-swap} => miss
[info] mutation-analysis: #s(mutant #f main.rkt 590) {constant-swap} => miss
mutation-analysis: #s(mutant #f main.rkt 592) {constant-swap} => miss
mutation-analysis: #s(mutant #f main.rkt 591) {constant-swap} => miss
[info] mutation-analysis: #s(mutant #f main.rkt 592) {constant-swap} => miss
[info] mutation-analysis: #s(mutant #f main.rkt 591) {constant-swap} => miss
mutation-analysis: #s(mutant #f main.rkt 595) {constant-swap} => miss
mutation-analysis: #s(mutant #f main.rkt 594) {constant-swap} => miss
mutation-analysis: #s(mutant #f main.rkt 593) {constant-swap} => miss
[info] mutation-analysis: #s(mutant #f main.rkt 595) {constant-swap} => miss
[info] mutation-analysis: #s(mutant #f main.rkt 594) {constant-swap} => miss
[info] mutation-analysis: #s(mutant #f main.rkt 593) {constant-swap} => miss
mutation-analysis: #s(mutant #f main.rkt 596) {negate-conditional} => miss
[info] mutation-analysis: #s(mutant #f main.rkt 596) {negate-conditional} => miss
mutation-analysis: #s(mutant #f main.rkt 597) {negate-conditional} => miss
[info] mutation-analysis: #s(mutant #f main.rkt 597) {negate-conditional} => miss
mutation-analysis: #s(mutant #f main.rkt 598) {negate-conditional} => miss
[info] mutation-analysis: #s(mutant #f main.rkt 598) {negate-conditional} => miss
mutation-analysis: #s(mutant #f main.rkt 600) {position-swap} => miss
mutation-analysis: #s(mutant #f main.rkt 599) {negate-conditional} => miss
[info] mutation-analysis: #s(mutant #f main.rkt 600) {position-swap} => miss
[info] mutation-analysis: #s(mutant #f main.rkt 599) {negate-conditional} => miss
mutation-analysis: #s(mutant #f main.rkt 603) {constant-swap} => miss
mutation-analysis: #s(mutant #f main.rkt 602) {constant-swap} => miss
mutation-analysis: #s(mutant #f main.rkt 601) {constant-swap} => miss
[info] mutation-analysis: #s(mutant #f main.rkt 603) {constant-swap} => miss
[info] mutation-analysis: #s(mutant #f main.rkt 602) {constant-swap} => miss
[info] mutation-analysis: #s(mutant #f main.rkt 601) {constant-swap} => miss
mutation-analysis: #s(mutant #f main.rkt 604) {constant-swap} => miss
[info] mutation-analysis: #s(mutant #f main.rkt 604) {constant-swap} => miss
mutation-analysis: #s(mutant #f main.rkt 605) {constant-swap} => miss
[info] mutation-analysis: #s(mutant #f main.rkt 605) {constant-swap} => miss
mutation-analysis: #s(mutant #f main.rkt 606) {constant-swap} => miss
[info] mutation-analysis: #s(mutant #f main.rkt 606) {constant-swap} => miss
mutation-analysis: #s(mutant #f main.rkt 608) {constant-swap} => miss
mutation-analysis: #s(mutant #f main.rkt 607) {constant-swap} => miss
[info] mutation-analysis: #s(mutant #f main.rkt 608) {constant-swap} => miss
[info] mutation-analysis: #s(mutant #f main.rkt 607) {constant-swap} => miss
mutation-analysis: #s(mutant #f main.rkt 611) {negate-conditional} => miss
mutation-analysis: #s(mutant #f main.rkt 610) {negate-conditional} => miss
mutation-analysis: #s(mutant #f main.rkt 609) {negate-conditional} => miss
[info] mutation-analysis: #s(mutant #f main.rkt 611) {negate-conditional} => miss
[info] mutation-analysis: #s(mutant #f main.rkt 610) {negate-conditional} => miss
[info] mutation-analysis: #s(mutant #f main.rkt 609) {negate-conditional} => miss
mutation-analysis: #s(mutant #f main.rkt 612) {negate-conditional} => miss
[info] mutation-analysis: #s(mutant #f main.rkt 612) {negate-conditional} => miss
mutation-analysis: #s(mutant #f main.rkt 613) {negate-conditional} => miss
[info] mutation-analysis: #s(mutant #f main.rkt 613) {negate-conditional} => miss
mutation-analysis: #s(mutant #f main.rkt 614) {negate-conditional} => miss
[info] mutation-analysis: #s(mutant #f main.rkt 614) {negate-conditional} => miss
mutation-analysis: #s(mutant #f main.rkt 616) {negate-conditional} => miss
mutation-analysis: #s(mutant #f main.rkt 615) {negate-conditional} => miss
[info] mutation-analysis: #s(mutant #f main.rkt 616) {negate-conditional} => miss
[info] mutation-analysis: #s(mutant #f main.rkt 615) {negate-conditional} => miss
mutation-analysis: #s(mutant #f main.rkt 619) {boolean-op-swap} => miss
mutation-analysis: #s(mutant #f main.rkt 618) {position-swap} => miss
[info] mutation-analysis: #s(mutant #f main.rkt 619) {boolean-op-swap} => miss
[info] mutation-analysis: #s(mutant #f main.rkt 618) {position-swap} => miss
mutation-analysis: #s(mutant #f main.rkt 617) {negate-conditional} => miss
[info] mutation-analysis: #s(mutant #f main.rkt 617) {negate-conditional} => miss
mutation-analysis: #s(mutant #f main.rkt 620) {position-swap} => miss
[info] mutation-analysis: #s(mutant #f main.rkt 620) {position-swap} => miss
mutation-analysis: #s(mutant #f main.rkt 621) {boolean-op-swap} => miss
[info] mutation-analysis: #s(mutant #f main.rkt 621) {boolean-op-swap} => miss
mutation-analysis: #s(mutant #f main.rkt 622) {position-swap} => miss
[info] mutation-analysis: #s(mutant #f main.rkt 622) {position-swap} => miss
mutation-analysis: #s(mutant #f main.rkt 624) {position-swap} => miss
mutation-analysis: #s(mutant #f main.rkt 623) {boolean-op-swap} => miss
[info] mutation-analysis: #s(mutant #f main.rkt 624) {position-swap} => miss
[info] mutation-analysis: #s(mutant #f main.rkt 623) {boolean-op-swap} => miss
mutation-analysis: #s(mutant #f main.rkt 626) {position-swap} => miss
mutation-analysis: #s(mutant #f main.rkt 625) {boolean-op-swap} => miss
[info] mutation-analysis: #s(mutant #f main.rkt 626) {position-swap} => miss
[info] mutation-analysis: #s(mutant #f main.rkt 625) {boolean-op-swap} => miss
mutation-analysis: #s(mutant #f main.rkt 627) {boolean-op-swap} => miss
[info] mutation-analysis: #s(mutant #f main.rkt 627) {boolean-op-swap} => miss
mutation-analysis: #s(mutant #f main.rkt 628) {position-swap} => miss
[info] mutation-analysis: #s(mutant #f main.rkt 628) {position-swap} => miss
mutation-analysis: #s(mutant #f main.rkt 629) {boolean-op-swap} => miss
[info] mutation-analysis: #s(mutant #f main.rkt 629) {boolean-op-swap} => miss
mutation-analysis: #s(mutant #f main.rkt 630) {position-swap} => miss
[info] mutation-analysis: #s(mutant #f main.rkt 630) {position-swap} => miss
mutation-analysis: #s(mutant #f message-queue.rkt 0) {begin-drop} => miss
[info] mutation-analysis: #s(mutant #f message-queue.rkt 0) {begin-drop} => miss
mutation-analysis: #s(mutant #f main.rkt 632) {constant-swap} => miss
mutation-analysis: #s(mutant #f main.rkt 631) {boolean-op-swap} => miss
[info] mutation-analysis: #s(mutant #f main.rkt 632) {constant-swap} => miss
[info] mutation-analysis: #s(mutant #f main.rkt 631) {boolean-op-swap} => miss
mutation-analysis: #s(mutant #f utils.rkt 0) {begin-drop} => miss
mutation-analysis: #s(mutant #f message-queue.rkt 2) {begin-drop} => miss
[info] mutation-analysis: #s(mutant #f utils.rkt 0) {begin-drop} => miss
[info] mutation-analysis: #s(mutant #f message-queue.rkt 2) {begin-drop} => miss
mutation-analysis: #s(mutant #f main.rkt 634) {constant-swap} => miss
mutation-analysis: #s(mutant #f main.rkt 633) {constant-swap} => miss
[info] mutation-analysis: #s(mutant #f main.rkt 634) {constant-swap} => miss
[info] mutation-analysis: #s(mutant #f main.rkt 633) {constant-swap} => miss
mutation-analysis: #s(mutant #f utils.rkt 2) {begin-drop} => miss
mutation-analysis: #s(mutant #f main.rkt 635) {constant-swap} => miss
[info] mutation-analysis: #s(mutant #f utils.rkt 2) {begin-drop} => miss
[info] mutation-analysis: #s(mutant #f main.rkt 635) {constant-swap} => miss
mutation-analysis: #s(mutant #f main.rkt 636) {constant-swap} => miss
[info] mutation-analysis: #s(mutant #f main.rkt 636) {constant-swap} => miss
mutation-analysis: #s(mutant #f utils.rkt 7) {begin-drop} => miss
mutation-analysis: #s(mutant #f main.rkt 637) {begin-drop} => miss
[info] mutation-analysis: #s(mutant #f utils.rkt 7) {begin-drop} => miss
[info] mutation-analysis: #s(mutant #f main.rkt 637) {begin-drop} => miss
mutation-analysis: #s(mutant #f message-queue.rkt 1) {position-swap} => miss
[info] mutation-analysis: #s(mutant #f message-queue.rkt 1) {position-swap} => miss
mutation-analysis: #s(mutant #f utils.rkt 1) {position-swap} => miss
[info] mutation-analysis: #s(mutant #f utils.rkt 1) {position-swap} => miss
mutation-analysis: #s(mutant #f utils.rkt 4) {begin-drop} => miss
mutation-analysis: #s(mutant #f utils.rkt 3) {begin-drop} => miss
[info] mutation-analysis: #s(mutant #f utils.rkt 4) {begin-drop} => miss
[info] mutation-analysis: #s(mutant #f utils.rkt 3) {begin-drop} => miss
mutation-analysis: #s(mutant #f utils.rkt 6) {position-swap} => miss
mutation-analysis: #s(mutant #f utils.rkt 5) {position-swap} => miss
[info] mutation-analysis: #s(mutant #f utils.rkt 6) {position-swap} => miss
[info] mutation-analysis: #s(mutant #f utils.rkt 5) {position-swap} => miss
mutation-analysis: #s(mutant #f utils.rkt 9) {negate-conditional} => miss
mutation-analysis: #s(mutant #f utils.rkt 8) {negate-conditional} => miss
[info] mutation-analysis: #s(mutant #f utils.rkt 9) {negate-conditional} => miss
[info] mutation-analysis: #s(mutant #f utils.rkt 8) {negate-conditional} => miss
mutation-analysis: #s(mutant #f utils.rkt 10) {constant-swap} => miss
[info] mutation-analysis: #s(mutant #f utils.rkt 10) {constant-swap} => miss
mutation-analysis: #s(mutant #f utils.rkt 11) {constant-swap} => miss
[info] mutation-analysis: #s(mutant #f utils.rkt 11) {constant-swap} => miss
mutation-analysis: #s(mutant #f utils.rkt 13) {negate-conditional} => miss
mutation-analysis: #s(mutant #f utils.rkt 12) {negate-conditional} => miss
[info] mutation-analysis: #s(mutant #f utils.rkt 13) {negate-conditional} => miss
[info] mutation-analysis: #s(mutant #f utils.rkt 12) {negate-conditional} => miss
mutation-analysis: #s(mutant #f utils.rkt 19) {begin-drop} => miss
mutation-analysis: #s(mutant #f utils.rkt 15) {constant-swap} => miss
mutation-analysis: #s(mutant #f utils.rkt 14) {constant-swap} => miss
[info] mutation-analysis: #s(mutant #f utils.rkt 19) {begin-drop} => miss
[info] mutation-analysis: #s(mutant #f utils.rkt 15) {constant-swap} => miss
[info] mutation-analysis: #s(mutant #f utils.rkt 14) {constant-swap} => miss
mutation-analysis: #s(mutant #f utils.rkt 24) {begin-drop} => miss
[info] mutation-analysis: #s(mutant #f utils.rkt 24) {begin-drop} => miss
mutation-analysis: #s(mutant #f utils.rkt 17) {constant-swap} => miss
mutation-analysis: #s(mutant #f utils.rkt 16) {negate-conditional} => miss
[info] mutation-analysis: #s(mutant #f utils.rkt 17) {constant-swap} => miss
[info] mutation-analysis: #s(mutant #f utils.rkt 16) {negate-conditional} => miss
mutation-analysis: #s(mutant #f utils.rkt 18) {constant-swap} => miss
[info] mutation-analysis: #s(mutant #f utils.rkt 18) {constant-swap} => miss
mutation-analysis: #s(mutant #f utils.rkt 21) {arithmetic-op-swap} => miss
mutation-analysis: #s(mutant #f utils.rkt 20) {position-swap} => miss
[info] mutation-analysis: #s(mutant #f utils.rkt 21) {arithmetic-op-swap} => miss
[info] mutation-analysis: #s(mutant #f utils.rkt 20) {position-swap} => miss
mutation-analysis: #s(mutant #f utils.rkt 23) {arithmetic-op-swap} => miss
mutation-analysis: #s(mutant #f utils.rkt 22) {position-swap} => miss
[info] mutation-analysis: #s(mutant #f utils.rkt 23) {arithmetic-op-swap} => miss
[info] mutation-analysis: #s(mutant #f utils.rkt 22) {position-swap} => miss
mutation-analysis: #s(mutant #f utils.rkt 27) {constant-swap} => miss
mutation-analysis: #s(mutant #f utils.rkt 26) {constant-swap} => miss
mutation-analysis: #s(mutant #f utils.rkt 25) {position-swap} => miss
[info] mutation-analysis: #s(mutant #f utils.rkt 27) {constant-swap} => miss
[info] mutation-analysis: #s(mutant #f utils.rkt 26) {constant-swap} => miss
[info] mutation-analysis: #s(mutant #f utils.rkt 25) {position-swap} => miss
mutation-analysis: #s(mutant #f utils.rkt 28) {constant-swap} => miss
[info] mutation-analysis: #s(mutant #f utils.rkt 28) {constant-swap} => miss
mutation-analysis: #s(mutant #f utils.rkt 36) {begin-drop} => miss
[info] mutation-analysis: #s(mutant #f utils.rkt 36) {begin-drop} => miss
mutation-analysis: #s(mutant #f utils.rkt 30) {constant-swap} => miss
mutation-analysis: #s(mutant #f utils.rkt 29) {constant-swap} => miss
[info] mutation-analysis: #s(mutant #f utils.rkt 30) {constant-swap} => miss
[info] mutation-analysis: #s(mutant #f utils.rkt 29) {constant-swap} => miss
mutation-analysis: #s(mutant #f utils.rkt 32) {constant-swap} => miss
mutation-analysis: #s(mutant #f utils.rkt 31) {constant-swap} => miss
[info] mutation-analysis: #s(mutant #f utils.rkt 32) {constant-swap} => miss
[info] mutation-analysis: #s(mutant #f utils.rkt 31) {constant-swap} => miss
mutation-analysis: #s(mutant #f utils.rkt 35) {constant-swap} => miss
mutation-analysis: #s(mutant #f utils.rkt 34) {constant-swap} => miss
mutation-analysis: #s(mutant #f utils.rkt 33) {constant-swap} => miss
[info] mutation-analysis: #s(mutant #f utils.rkt 35) {constant-swap} => miss
[info] mutation-analysis: #s(mutant #f utils.rkt 34) {constant-swap} => miss
[info] mutation-analysis: #s(mutant #f utils.rkt 33) {constant-swap} => miss
mutation-analysis: #s(mutant #f utils.rkt 37) {position-swap} => miss
[info] mutation-analysis: #s(mutant #f utils.rkt 37) {position-swap} => miss
mutation-analysis: #s(mutant #f utils.rkt 39) {constant-swap} => miss
mutation-analysis: #s(mutant #f utils.rkt 38) {constant-swap} => miss
[info] mutation-analysis: #s(mutant #f utils.rkt 39) {constant-swap} => miss
[info] mutation-analysis: #s(mutant #f utils.rkt 38) {constant-swap} => miss
mutation-analysis: #s(mutant #f utils.rkt 41) {constant-swap} => miss
mutation-analysis: #s(mutant #f utils.rkt 40) {constant-swap} => miss
[info] mutation-analysis: #s(mutant #f utils.rkt 41) {constant-swap} => miss
[info] mutation-analysis: #s(mutant #f utils.rkt 40) {constant-swap} => miss
mutation-analysis: #s(mutant #f utils.rkt 49) {begin-drop} => miss
mutation-analysis: #s(mutant #f utils.rkt 48) {begin-drop} => miss
mutation-analysis: #s(mutant #f utils.rkt 44) {constant-swap} => miss
mutation-analysis: #s(mutant #f utils.rkt 43) {constant-swap} => miss
mutation-analysis: #s(mutant #f utils.rkt 42) {constant-swap} => miss
[info] mutation-analysis: #s(mutant #f utils.rkt 49) {begin-drop} => miss
[info] mutation-analysis: #s(mutant #f utils.rkt 48) {begin-drop} => miss
[info] mutation-analysis: #s(mutant #f utils.rkt 44) {constant-swap} => miss
[info] mutation-analysis: #s(mutant #f utils.rkt 43) {constant-swap} => miss
[info] mutation-analysis: #s(mutant #f utils.rkt 42) {constant-swap} => miss
mutation-analysis: #s(mutant #f utils.rkt 45) {constant-swap} => miss
[info] mutation-analysis: #s(mutant #f utils.rkt 45) {constant-swap} => miss
mutation-analysis: #s(mutant #f utils.rkt 47) {constant-swap} => miss
mutation-analysis: #s(mutant #f utils.rkt 46) {constant-swap} => miss
[info] mutation-analysis: #s(mutant #f utils.rkt 47) {constant-swap} => miss
[info] mutation-analysis: #s(mutant #f utils.rkt 46) {constant-swap} => miss
mutation-analysis: Mutation analysis complete.
[info] mutation-analysis: Mutation analysis complete.
#hash((fail
       .
       #hash((arithmetic-op-swap . 27)
             (begin-drop . 62)
             (boolean-op-swap . 34)
             (comparison-op-swap . 16)
             (constant-swap . 390)
             (negate-conditional . 57)
             (position-swap . 286)))
      (success
       .
       #hash((class:publicity . 4) (constant-swap . 19) (position-swap . 1)))
      (total . 896))
