mutation-analysis: Beginning one mutation analysis.
[info] mutation-analysis: Beginning one mutation analysis.
mutation-analysis: Configured mutatable modules: ("ai.rkt" "benv.rkt" "denotable.rkt" "main.rkt" "structs.rkt" "time.rkt" "ui.rkt")
[info] mutation-analysis: Configured mutatable modules: ("ai.rkt" "benv.rkt" "denotable.rkt" "main.rkt" "structs.rkt" "time.rkt" "ui.rkt")
mutation-analysis: #s(mutant #f ai.rkt 7) {begin-drop} => miss
mutation-analysis: #s(mutant #f ai.rkt 0) {begin-drop} => miss
[info] mutation-analysis: #s(mutant #f ai.rkt 7) {begin-drop} => miss
[info] mutation-analysis: #s(mutant #f ai.rkt 0) {begin-drop} => miss
mutation-analysis: #s(mutant #f ai.rkt 6) {constant-swap} => miss
[info] mutation-analysis: #s(mutant #f ai.rkt 6) {constant-swap} => miss
mutation-analysis: #s(mutant #f ai.rkt 5) {position-swap} => miss
mutation-analysis: #s(mutant #f ai.rkt 4) {position-swap} => miss
mutation-analysis: #s(mutant #f ai.rkt 3) {position-swap} => miss
mutation-analysis: #s(mutant #f ai.rkt 2) {negate-conditional} => miss
[info] mutation-analysis: #s(mutant #f ai.rkt 5) {position-swap} => miss
[info] mutation-analysis: #s(mutant #f ai.rkt 4) {position-swap} => miss
[info] mutation-analysis: #s(mutant #f ai.rkt 3) {position-swap} => miss
[info] mutation-analysis: #s(mutant #f ai.rkt 2) {negate-conditional} => miss
mutation-analysis: #s(mutant #f ai.rkt 1) {negate-conditional} => miss
[info] mutation-analysis: #s(mutant #f ai.rkt 1) {negate-conditional} => miss
mutation-analysis: Beginning one mutation analysis.
[info] mutation-analysis: Beginning one mutation analysis.
mutation-analysis: Configured mutatable modules: ("ai.rkt" "benv.rkt" "denotable.rkt" "main.rkt" "structs.rkt" "time.rkt" "ui.rkt")
[info] mutation-analysis: Configured mutatable modules: ("ai.rkt" "benv.rkt" "denotable.rkt" "main.rkt" "structs.rkt" "time.rkt" "ui.rkt")
mutation-analysis: #s(mutant #f ai.rkt 9) {position-swap} => miss
[info] mutation-analysis: #s(mutant #f ai.rkt 9) {position-swap} => miss
mutation-analysis: #s(mutant #f ai.rkt 15) {position-swap} => miss
mutation-analysis: #s(mutant #f ai.rkt 8) {begin-drop} => miss
[info] mutation-analysis: #s(mutant #f ai.rkt 15) {position-swap} => miss
[info] mutation-analysis: #s(mutant #f ai.rkt 8) {begin-drop} => miss
mutation-analysis: #s(mutant #f ai.rkt 14) {position-swap} => miss
mutation-analysis: #s(mutant #f ai.rkt 13) {position-swap} => miss
mutation-analysis: #s(mutant #f ai.rkt 12) {negate-conditional} => miss
mutation-analysis: #s(mutant #f ai.rkt 11) {position-swap} => miss
[info] mutation-analysis: #s(mutant #f ai.rkt 14) {position-swap} => miss
[info] mutation-analysis: #s(mutant #f ai.rkt 13) {position-swap} => miss
[info] mutation-analysis: #s(mutant #f ai.rkt 12) {negate-conditional} => miss
[info] mutation-analysis: #s(mutant #f ai.rkt 11) {position-swap} => miss
mutation-analysis: #s(mutant #f ai.rkt 10) {position-swap} => miss
[info] mutation-analysis: #s(mutant #f ai.rkt 10) {position-swap} => miss
mutation-analysis: #s(mutant #f ai.rkt 16) {position-swap} => miss
[info] mutation-analysis: #s(mutant #f ai.rkt 16) {position-swap} => miss
mutation-analysis: #s(mutant #f ai.rkt 18) {position-swap} => miss
mutation-analysis: #s(mutant #f ai.rkt 17) {position-swap} => miss
[info] mutation-analysis: #s(mutant #f ai.rkt 18) {position-swap} => miss
[info] mutation-analysis: #s(mutant #f ai.rkt 17) {position-swap} => miss
mutation-analysis: #s(mutant #f ai.rkt 23) {position-swap} => miss
mutation-analysis: #s(mutant #f ai.rkt 22) {position-swap} => miss
mutation-analysis: #s(mutant #f ai.rkt 21) {position-swap} => miss
mutation-analysis: #s(mutant #f ai.rkt 20) {position-swap} => miss
[info] mutation-analysis: #s(mutant #f ai.rkt 23) {position-swap} => miss
[info] mutation-analysis: #s(mutant #f ai.rkt 22) {position-swap} => miss
[info] mutation-analysis: #s(mutant #f ai.rkt 21) {position-swap} => miss
[info] mutation-analysis: #s(mutant #f ai.rkt 20) {position-swap} => miss
mutation-analysis: #s(mutant #f ai.rkt 19) {position-swap} => miss
[info] mutation-analysis: #s(mutant #f ai.rkt 19) {position-swap} => miss
mutation-analysis: #s(mutant #f ai.rkt 24) {position-swap} => miss
[info] mutation-analysis: #s(mutant #f ai.rkt 24) {position-swap} => miss
mutation-analysis: #s(mutant #f ai.rkt 28) {begin-drop} => miss
mutation-analysis: #s(mutant #f ai.rkt 26) {position-swap} => miss
mutation-analysis: #s(mutant #f ai.rkt 25) {position-swap} => miss
[info] mutation-analysis: #s(mutant #f ai.rkt 28) {begin-drop} => miss
[info] mutation-analysis: #s(mutant #f ai.rkt 26) {position-swap} => miss
[info] mutation-analysis: #s(mutant #f ai.rkt 25) {position-swap} => miss
mutation-analysis: #s(mutant #f ai.rkt 30) {negate-conditional} => miss
mutation-analysis: #s(mutant #f ai.rkt 27) {position-swap} => miss
[info] mutation-analysis: #s(mutant #f ai.rkt 30) {negate-conditional} => miss
[info] mutation-analysis: #s(mutant #f ai.rkt 27) {position-swap} => miss
mutation-analysis: #s(mutant #f ai.rkt 31) {position-swap} => miss
mutation-analysis: #s(mutant #f ai.rkt 29) {negate-conditional} => miss
[info] mutation-analysis: #s(mutant #f ai.rkt 31) {position-swap} => miss
[info] mutation-analysis: #s(mutant #f ai.rkt 29) {negate-conditional} => miss
mutation-analysis: #s(mutant #f benv.rkt 0) {begin-drop} => miss
[info] mutation-analysis: #s(mutant #f benv.rkt 0) {begin-drop} => miss
mutation-analysis: #s(mutant #f ai.rkt 32) {position-swap} => miss
[info] mutation-analysis: #s(mutant #f ai.rkt 32) {position-swap} => miss
mutation-analysis: #s(mutant #f ai.rkt 35) {position-swap} => miss
mutation-analysis: #s(mutant #f ai.rkt 34) {position-swap} => miss
mutation-analysis: #s(mutant #f ai.rkt 33) {position-swap} => miss
[info] mutation-analysis: #s(mutant #f ai.rkt 35) {position-swap} => miss
[info] mutation-analysis: #s(mutant #f ai.rkt 34) {position-swap} => miss
[info] mutation-analysis: #s(mutant #f ai.rkt 33) {position-swap} => miss
mutation-analysis: #s(mutant #f ai.rkt 37) {position-swap} => miss
mutation-analysis: #s(mutant #f ai.rkt 36) {position-swap} => miss
[info] mutation-analysis: #s(mutant #f ai.rkt 37) {position-swap} => miss
[info] mutation-analysis: #s(mutant #f ai.rkt 36) {position-swap} => miss
mutation-analysis: #s(mutant #f denotable.rkt 0) {begin-drop} => miss
mutation-analysis: #s(mutant #f benv.rkt 1) {position-swap} => miss
[info] mutation-analysis: #s(mutant #f denotable.rkt 0) {begin-drop} => miss
[info] mutation-analysis: #s(mutant #f benv.rkt 1) {position-swap} => miss
mutation-analysis: #s(mutant #f denotable.rkt 4) {position-swap} => miss
mutation-analysis: #s(mutant #f denotable.rkt 3) {begin-drop} => miss
mutation-analysis: #s(mutant #f denotable.rkt 2) {begin-drop} => miss
[info] mutation-analysis: #s(mutant #f denotable.rkt 4) {position-swap} => miss
[info] mutation-analysis: #s(mutant #f denotable.rkt 3) {begin-drop} => miss
[info] mutation-analysis: #s(mutant #f denotable.rkt 2) {begin-drop} => miss
mutation-analysis: #s(mutant #f denotable.rkt 8) {begin-drop} => miss
mutation-analysis: #s(mutant #f denotable.rkt 1) {position-swap} => miss
[info] mutation-analysis: #s(mutant #f denotable.rkt 8) {begin-drop} => miss
[info] mutation-analysis: #s(mutant #f denotable.rkt 1) {position-swap} => miss
mutation-analysis: #s(mutant #f denotable.rkt 10) {begin-drop} => miss
[info] mutation-analysis: #s(mutant #f denotable.rkt 10) {begin-drop} => miss
mutation-analysis: #s(mutant #f denotable.rkt 6) {position-swap} => miss
mutation-analysis: #s(mutant #f denotable.rkt 5) {position-swap} => miss
[info] mutation-analysis: #s(mutant #f denotable.rkt 6) {position-swap} => miss
[info] mutation-analysis: #s(mutant #f denotable.rkt 5) {position-swap} => miss
mutation-analysis: #s(mutant #f time.rkt 1) {begin-drop} => miss
mutation-analysis: #s(mutant #f time.rkt 0) {begin-drop} => miss
mutation-analysis: #s(mutant #f denotable.rkt 7) {position-swap} => miss
[info] mutation-analysis: #s(mutant #f time.rkt 1) {begin-drop} => miss
[info] mutation-analysis: #s(mutant #f time.rkt 0) {begin-drop} => miss
[info] mutation-analysis: #s(mutant #f denotable.rkt 7) {position-swap} => miss
mutation-analysis: #s(mutant #f time.rkt 2) {begin-drop} => miss
[info] mutation-analysis: #s(mutant #f time.rkt 2) {begin-drop} => miss
mutation-analysis: #s(mutant #f time.rkt 3) {position-swap} => miss
mutation-analysis: #s(mutant #f denotable.rkt 11) {position-swap} => miss
mutation-analysis: #s(mutant #f denotable.rkt 9) {position-swap} => miss
[info] mutation-analysis: #s(mutant #f time.rkt 3) {position-swap} => miss
[info] mutation-analysis: #s(mutant #f denotable.rkt 11) {position-swap} => miss
[info] mutation-analysis: #s(mutant #f denotable.rkt 9) {position-swap} => miss
mutation-analysis: #s(mutant #f time.rkt 11) {begin-drop} => miss
[info] mutation-analysis: #s(mutant #f time.rkt 11) {begin-drop} => miss
mutation-analysis: #s(mutant #f time.rkt 4) {position-swap} => miss
[info] mutation-analysis: #s(mutant #f time.rkt 4) {position-swap} => miss
mutation-analysis: #s(mutant #f time.rkt 7) {constant-swap} => miss
mutation-analysis: #s(mutant #f time.rkt 6) {constant-swap} => miss
mutation-analysis: #s(mutant #f time.rkt 5) {position-swap} => miss
[info] mutation-analysis: #s(mutant #f time.rkt 7) {constant-swap} => miss
[info] mutation-analysis: #s(mutant #f time.rkt 6) {constant-swap} => miss
[info] mutation-analysis: #s(mutant #f time.rkt 5) {position-swap} => miss
mutation-analysis: #s(mutant #f time.rkt 8) {constant-swap} => miss
[info] mutation-analysis: #s(mutant #f time.rkt 8) {constant-swap} => miss
mutation-analysis: #s(mutant #f time.rkt 10) {constant-swap} => miss
mutation-analysis: #s(mutant #f time.rkt 9) {constant-swap} => miss
[info] mutation-analysis: #s(mutant #f time.rkt 10) {constant-swap} => miss
[info] mutation-analysis: #s(mutant #f time.rkt 9) {constant-swap} => miss
mutation-analysis: #s(mutant #f ui.rkt 0) {begin-drop} => miss
mutation-analysis: #s(mutant #f time.rkt 12) {position-swap} => miss
[info] mutation-analysis: #s(mutant #f ui.rkt 0) {begin-drop} => miss
[info] mutation-analysis: #s(mutant #f time.rkt 12) {position-swap} => miss
mutation-analysis: #s(mutant #f ui.rkt 3) {begin-drop} => miss
mutation-analysis: #s(mutant #f ui.rkt 2) {begin-drop} => miss
[info] mutation-analysis: #s(mutant #f ui.rkt 3) {begin-drop} => miss
[info] mutation-analysis: #s(mutant #f ui.rkt 2) {begin-drop} => miss
mutation-analysis: #s(mutant #f ui.rkt 4) {begin-drop} => miss
mutation-analysis: #s(mutant #f ui.rkt 1) {position-swap} => miss
[info] mutation-analysis: #s(mutant #f ui.rkt 4) {begin-drop} => miss
[info] mutation-analysis: #s(mutant #f ui.rkt 1) {position-swap} => miss
mutation-analysis: #s(mutant #f ui.rkt 5) {begin-drop} => miss
[info] mutation-analysis: #s(mutant #f ui.rkt 5) {begin-drop} => miss
mutation-analysis: #s(mutant #f ui.rkt 6) {position-swap} => miss
[info] mutation-analysis: #s(mutant #f ui.rkt 6) {position-swap} => miss
mutation-analysis: #s(mutant #f ui.rkt 8) {position-swap} => miss
mutation-analysis: #s(mutant #f ui.rkt 7) {position-swap} => miss
[info] mutation-analysis: #s(mutant #f ui.rkt 8) {position-swap} => miss
[info] mutation-analysis: #s(mutant #f ui.rkt 7) {position-swap} => miss
mutation-analysis: #s(mutant #f ui.rkt 12) {begin-drop} => miss
mutation-analysis: #s(mutant #f ui.rkt 11) {begin-drop} => miss
mutation-analysis: #s(mutant #f ui.rkt 10) {position-swap} => miss
[info] mutation-analysis: #s(mutant #f ui.rkt 12) {begin-drop} => miss
[info] mutation-analysis: #s(mutant #f ui.rkt 11) {begin-drop} => miss
[info] mutation-analysis: #s(mutant #f ui.rkt 10) {position-swap} => miss
mutation-analysis: #s(mutant #f ui.rkt 9) {position-swap} => miss
[info] mutation-analysis: #s(mutant #f ui.rkt 9) {position-swap} => miss
mutation-analysis: #s(mutant #f ui.rkt 13) {begin-drop} => miss
[info] mutation-analysis: #s(mutant #f ui.rkt 13) {begin-drop} => miss
mutation-analysis: #s(mutant #f ui.rkt 14) {begin-drop} => miss
[info] mutation-analysis: #s(mutant #f ui.rkt 14) {begin-drop} => miss
mutation-analysis: #s(mutant #f ui.rkt 15) {begin-drop} => miss
[info] mutation-analysis: #s(mutant #f ui.rkt 15) {begin-drop} => miss
mutation-analysis: #s(mutant #f ui.rkt 16) {position-swap} => miss
[info] mutation-analysis: #s(mutant #f ui.rkt 16) {position-swap} => miss
mutation-analysis: #s(mutant #f ui.rkt 21) {begin-drop} => miss
mutation-analysis: #s(mutant #f ui.rkt 17) {position-swap} => miss
[info] mutation-analysis: #s(mutant #f ui.rkt 21) {begin-drop} => miss
[info] mutation-analysis: #s(mutant #f ui.rkt 17) {position-swap} => miss
mutation-analysis: #s(mutant #f ui.rkt 22) {begin-drop} => miss
mutation-analysis: #s(mutant #f ui.rkt 20) {position-swap} => miss
mutation-analysis: #s(mutant #f ui.rkt 19) {position-swap} => miss
mutation-analysis: #s(mutant #f ui.rkt 18) {position-swap} => miss
[info] mutation-analysis: #s(mutant #f ui.rkt 22) {begin-drop} => miss
[info] mutation-analysis: #s(mutant #f ui.rkt 20) {position-swap} => miss
[info] mutation-analysis: #s(mutant #f ui.rkt 19) {position-swap} => miss
[info] mutation-analysis: #s(mutant #f ui.rkt 18) {position-swap} => miss
mutation-analysis: #s(mutant #f ui.rkt 23) {position-swap} => miss
[info] mutation-analysis: #s(mutant #f ui.rkt 23) {position-swap} => miss
mutation-analysis: #s(mutant #f ui.rkt 24) {position-swap} => miss
[info] mutation-analysis: #s(mutant #f ui.rkt 24) {position-swap} => miss
mutation-analysis: #s(mutant #f ui.rkt 26) {position-swap} => miss
mutation-analysis: #s(mutant #f ui.rkt 25) {constant-swap} => miss
[info] mutation-analysis: #s(mutant #f ui.rkt 26) {position-swap} => miss
[info] mutation-analysis: #s(mutant #f ui.rkt 25) {constant-swap} => miss
mutation-analysis: #s(mutant #f ui.rkt 29) {constant-swap} => miss
mutation-analysis: #s(mutant #f ui.rkt 27) {position-swap} => miss
[info] mutation-analysis: #s(mutant #f ui.rkt 29) {constant-swap} => miss
[info] mutation-analysis: #s(mutant #f ui.rkt 27) {position-swap} => miss
mutation-analysis: #s(mutant #f ui.rkt 30) {position-swap} => miss
mutation-analysis: #s(mutant #f ui.rkt 28) {constant-swap} => miss
[info] mutation-analysis: #s(mutant #f ui.rkt 30) {position-swap} => miss
[info] mutation-analysis: #s(mutant #f ui.rkt 28) {constant-swap} => miss
mutation-analysis: #s(mutant #f ui.rkt 31) {constant-swap} => miss
mutation-analysis: Mutation analysis complete.
#hash((fail
       .
       #hash((begin-drop . 26)
             (constant-swap . 10)
             (negate-conditional . 5)
             (position-swap . 56)))
      (total . 97))
mutation-analysis: Beginning one mutation analysis.
[info] mutation-analysis: Beginning one mutation analysis.
mutation-analysis: Configured mutatable modules: ("ai.rkt" "benv.rkt" "denotable.rkt" "main.rkt" "structs.rkt" "time.rkt" "ui.rkt")
[info] mutation-analysis: Configured mutatable modules: ("ai.rkt" "benv.rkt" "denotable.rkt" "main.rkt" "structs.rkt" "time.rkt" "ui.rkt")
mutation-analysis: Mutation analysis complete.
#hash((fail
       .
       #hash((begin-drop . 26)
             (constant-swap . 10)
             (negate-conditional . 5)
             (position-swap . 56)))
      (total . 97))
mutation-analysis: Beginning one mutation analysis.
[info] mutation-analysis: Beginning one mutation analysis.
mutation-analysis: Configured mutatable modules: ("ai.rkt" "benv.rkt" "denotable.rkt" "main.rkt" "structs.rkt" "time.rkt" "ui.rkt")
[info] mutation-analysis: Configured mutatable modules: ("ai.rkt" "benv.rkt" "denotable.rkt" "main.rkt" "structs.rkt" "time.rkt" "ui.rkt")
mutation-analysis: Mutation analysis complete.
#hash((fail
       .
       #hash((begin-drop . 26)
             (constant-swap . 10)
             (negate-conditional . 5)
             (position-swap . 56)))
      (total . 97))
mutation-analysis: Beginning one mutation analysis.
[info] mutation-analysis: Beginning one mutation analysis.
mutation-analysis: Configured mutatable modules: ("ai.rkt" "benv.rkt" "denotable.rkt" "main.rkt" "structs.rkt" "time.rkt" "ui.rkt")
[info] mutation-analysis: Configured mutatable modules: ("ai.rkt" "benv.rkt" "denotable.rkt" "main.rkt" "structs.rkt" "time.rkt" "ui.rkt")
mutation-analysis: Mutation analysis complete.
#hash((fail
       .
       #hash((begin-drop . 26)
             (constant-swap . 10)
             (negate-conditional . 5)
             (position-swap . 56)))
      (total . 97))
mutation-analysis: Beginning one mutation analysis.
[info] mutation-analysis: Beginning one mutation analysis.
mutation-analysis: Configured mutatable modules: ("ai.rkt" "benv.rkt" "denotable.rkt" "main.rkt" "structs.rkt" "time.rkt" "ui.rkt")
[info] mutation-analysis: Configured mutatable modules: ("ai.rkt" "benv.rkt" "denotable.rkt" "main.rkt" "structs.rkt" "time.rkt" "ui.rkt")
mutation-analysis: Mutation analysis complete.
#hash((fail
       .
       #hash((begin-drop . 26)
             (constant-swap . 10)
             (negate-conditional . 5)
             (position-swap . 56)))
      (total . 97))
mutation-analysis: Beginning one mutation analysis.
[info] mutation-analysis: Beginning one mutation analysis.
mutation-analysis: Configured mutatable modules: ("ai.rkt" "benv.rkt" "denotable.rkt" "main.rkt" "structs.rkt" "time.rkt" "ui.rkt")
[info] mutation-analysis: Configured mutatable modules: ("ai.rkt" "benv.rkt" "denotable.rkt" "main.rkt" "structs.rkt" "time.rkt" "ui.rkt")
mutation-analysis: Mutation analysis complete.
#hash((fail
       .
       #hash((begin-drop . 26)
             (constant-swap . 10)
             (negate-conditional . 5)
             (position-swap . 56)))
      (total . 97))
mutation-analysis: Beginning one mutation analysis.
[info] mutation-analysis: Beginning one mutation analysis.
mutation-analysis: Configured mutatable modules: ("ai.rkt" "benv.rkt" "denotable.rkt" "main.rkt" "structs.rkt" "time.rkt" "ui.rkt")
[info] mutation-analysis: Configured mutatable modules: ("ai.rkt" "benv.rkt" "denotable.rkt" "main.rkt" "structs.rkt" "time.rkt" "ui.rkt")
mutation-analysis: Mutation analysis complete.
#hash((fail
       .
       #hash((begin-drop . 26)
             (constant-swap . 10)
             (negate-conditional . 5)
             (position-swap . 56)))
      (total . 97))
mutation-analysis: Beginning one mutation analysis.
[info] mutation-analysis: Beginning one mutation analysis.
mutation-analysis: Configured mutatable modules: ("ai.rkt" "benv.rkt" "denotable.rkt" "main.rkt" "structs.rkt" "time.rkt" "ui.rkt")
[info] mutation-analysis: Configured mutatable modules: ("ai.rkt" "benv.rkt" "denotable.rkt" "main.rkt" "structs.rkt" "time.rkt" "ui.rkt")
mutation-analysis: Mutation analysis complete.
#hash((fail
       .
       #hash((begin-drop . 26)
             (constant-swap . 10)
             (negate-conditional . 5)
             (position-swap . 56)))
      (total . 97))
mutation-analysis: Beginning one mutation analysis.
[info] mutation-analysis: Beginning one mutation analysis.
mutation-analysis: Configured mutatable modules: ("ai.rkt" "benv.rkt" "denotable.rkt" "main.rkt" "structs.rkt" "time.rkt" "ui.rkt")
[info] mutation-analysis: Configured mutatable modules: ("ai.rkt" "benv.rkt" "denotable.rkt" "main.rkt" "structs.rkt" "time.rkt" "ui.rkt")
[info] mutation-runner: Mutating module #<mod: #<path:/Users/nhejduk/Research-Local/blgt-parent/gtp-benchmarks/benchmarks/kcfa/untyped/ai.rkt> #<syntax from #<path:/Users/nhejduk/Research-Local/blgt-parent/contracts-and-testing/bex/configurables/configurations/module-export-ctcs.rkt>>> @ 10050 using configured mutator #<procedure:mutate-benchmark>
[warning] mutation-runner: configured mutator #<procedure:mutate-benchmark> has no mutant #<mod: #<path:/Users/nhejduk/Research-Local/blgt-parent/gtp-benchmarks/benchmarks/kcfa/untyped/ai.rkt> #<syntax from #<path:/Users/nhejduk/Research-Local/blgt-parent/contracts-and-testing/bex/configurables/configurations/module-export-ctcs.rkt>>> @ 10050
[info] mutation-runner: Mutating module #<mod: #<path:/Users/nhejduk/Research-Local/blgt-parent/gtp-benchmarks/benchmarks/kcfa/untyped/ai.rkt> #<syntax from #<path:/Users/nhejduk/Research-Local/blgt-parent/contracts-and-testing/bex/configurables/configurations/module-export-ctcs.rkt>>> @ 5024 using configured mutator #<procedure:mutate-benchmark>
[warning] mutation-runner: configured mutator #<procedure:mutate-benchmark> has no mutant #<mod: #<path:/Users/nhejduk/Research-Local/blgt-parent/gtp-benchmarks/benchmarks/kcfa/untyped/ai.rkt> #<syntax from #<path:/Users/nhejduk/Research-Local/blgt-parent/contracts-and-testing/bex/configurables/configurations/module-export-ctcs.rkt>>> @ 5024
[info] mutation-runner: Mutating module #<mod: #<path:/Users/nhejduk/Research-Local/blgt-parent/gtp-benchmarks/benchmarks/kcfa/untyped/ai.rkt> #<syntax from #<path:/Users/nhejduk/Research-Local/blgt-parent/contracts-and-testing/bex/configurables/configurations/module-export-ctcs.rkt>>> @ 2511 using configured mutator #<procedure:mutate-benchmark>
[warning] mutation-runner: configured mutator #<procedure:mutate-benchmark> has no mutant #<mod: #<path:/Users/nhejduk/Research-Local/blgt-parent/gtp-benchmarks/benchmarks/kcfa/untyped/ai.rkt> #<syntax from #<path:/Users/nhejduk/Research-Local/blgt-parent/contracts-and-testing/bex/configurables/configurations/module-export-ctcs.rkt>>> @ 2511
[info] mutation-runner: Mutating module #<mod: #<path:/Users/nhejduk/Research-Local/blgt-parent/gtp-benchmarks/benchmarks/kcfa/untyped/ai.rkt> #<syntax from #<path:/Users/nhejduk/Research-Local/blgt-parent/contracts-and-testing/bex/configurables/configurations/module-export-ctcs.rkt>>> @ 1255 using configured mutator #<procedure:mutate-benchmark>
[warning] mutation-runner: configured mutator #<procedure:mutate-benchmark> has no mutant #<mod: #<path:/Users/nhejduk/Research-Local/blgt-parent/gtp-benchmarks/benchmarks/kcfa/untyped/ai.rkt> #<syntax from #<path:/Users/nhejduk/Research-Local/blgt-parent/contracts-and-testing/bex/configurables/configurations/module-export-ctcs.rkt>>> @ 1255
[info] mutation-runner: Mutating module #<mod: #<path:/Users/nhejduk/Research-Local/blgt-parent/gtp-benchmarks/benchmarks/kcfa/untyped/ai.rkt> #<syntax from #<path:/Users/nhejduk/Research-Local/blgt-parent/contracts-and-testing/bex/configurables/configurations/module-export-ctcs.rkt>>> @ 627 using configured mutator #<procedure:mutate-benchmark>
[warning] mutation-runner: configured mutator #<procedure:mutate-benchmark> has no mutant #<mod: #<path:/Users/nhejduk/Research-Local/blgt-parent/gtp-benchmarks/benchmarks/kcfa/untyped/ai.rkt> #<syntax from #<path:/Users/nhejduk/Research-Local/blgt-parent/contracts-and-testing/bex/configurables/configurations/module-export-ctcs.rkt>>> @ 627
[info] mutation-runner: Mutating module #<mod: #<path:/Users/nhejduk/Research-Local/blgt-parent/gtp-benchmarks/benchmarks/kcfa/untyped/ai.rkt> #<syntax from #<path:/Users/nhejduk/Research-Local/blgt-parent/contracts-and-testing/bex/configurables/configurations/module-export-ctcs.rkt>>> @ 313 using configured mutator #<procedure:mutate-benchmark>
[warning] mutation-runner: configured mutator #<procedure:mutate-benchmark> has no mutant #<mod: #<path:/Users/nhejduk/Research-Local/blgt-parent/gtp-benchmarks/benchmarks/kcfa/untyped/ai.rkt> #<syntax from #<path:/Users/nhejduk/Research-Local/blgt-parent/contracts-and-testing/bex/configurables/configurations/module-export-ctcs.rkt>>> @ 313
[info] mutation-runner: Mutating module #<mod: #<path:/Users/nhejduk/Research-Local/blgt-parent/gtp-benchmarks/benchmarks/kcfa/untyped/ai.rkt> #<syntax from #<path:/Users/nhejduk/Research-Local/blgt-parent/contracts-and-testing/bex/configurables/configurations/module-export-ctcs.rkt>>> @ 156 using configured mutator #<procedure:mutate-benchmark>
[warning] mutation-runner: configured mutator #<procedure:mutate-benchmark> has no mutant #<mod: #<path:/Users/nhejduk/Research-Local/blgt-parent/gtp-benchmarks/benchmarks/kcfa/untyped/ai.rkt> #<syntax from #<path:/Users/nhejduk/Research-Local/blgt-parent/contracts-and-testing/bex/configurables/configurations/module-export-ctcs.rkt>>> @ 156
[info] mutation-runner: Mutating module #<mod: #<path:/Users/nhejduk/Research-Local/blgt-parent/gtp-benchmarks/benchmarks/kcfa/untyped/ai.rkt> #<syntax from #<path:/Users/nhejduk/Research-Local/blgt-parent/contracts-and-testing/bex/configurables/configurations/module-export-ctcs.rkt>>> @ 77 using configured mutator #<procedure:mutate-benchmark>
[warning] mutation-runner: configured mutator #<procedure:mutate-benchmark> has no mutant #<mod: #<path:/Users/nhejduk/Research-Local/blgt-parent/gtp-benchmarks/benchmarks/kcfa/untyped/ai.rkt> #<syntax from #<path:/Users/nhejduk/Research-Local/blgt-parent/contracts-and-testing/bex/configurables/configurations/module-export-ctcs.rkt>>> @ 77
[info] mutation-runner: Mutating module #<mod: #<path:/Users/nhejduk/Research-Local/blgt-parent/gtp-benchmarks/benchmarks/kcfa/untyped/ai.rkt> #<syntax from #<path:/Users/nhejduk/Research-Local/blgt-parent/contracts-and-testing/bex/configurables/configurations/module-export-ctcs.rkt>>> @ 38 using configured mutator #<procedure:mutate-benchmark>
[warning] mutation-runner: configured mutator #<procedure:mutate-benchmark> has no mutant #<mod: #<path:/Users/nhejduk/Research-Local/blgt-parent/gtp-benchmarks/benchmarks/kcfa/untyped/ai.rkt> #<syntax from #<path:/Users/nhejduk/Research-Local/blgt-parent/contracts-and-testing/bex/configurables/configurations/module-export-ctcs.rkt>>> @ 38
[info] mutation-runner: Mutating module #<mod: #<path:/Users/nhejduk/Research-Local/blgt-parent/gtp-benchmarks/benchmarks/kcfa/untyped/ai.rkt> #<syntax from #<path:/Users/nhejduk/Research-Local/blgt-parent/contracts-and-testing/bex/configurables/configurations/module-export-ctcs.rkt>>> @ 18 using configured mutator #<procedure:mutate-benchmark>
[info] mutation-runner: Mutating module #<mod: #<path:/Users/nhejduk/Research-Local/blgt-parent/gtp-benchmarks/benchmarks/kcfa/untyped/ai.rkt> #<syntax from #<path:/Users/nhejduk/Research-Local/blgt-parent/contracts-and-testing/bex/configurables/configurations/module-export-ctcs.rkt>>> @ 28 using configured mutator #<procedure:mutate-benchmark>
[info] mutation-runner: Mutating module #<mod: #<path:/Users/nhejduk/Research-Local/blgt-parent/gtp-benchmarks/benchmarks/kcfa/untyped/ai.rkt> #<syntax from #<path:/Users/nhejduk/Research-Local/blgt-parent/contracts-and-testing/bex/configurables/configurations/module-export-ctcs.rkt>>> @ 33 using configured mutator #<procedure:mutate-benchmark>
[info] mutation-runner: Mutating module #<mod: #<path:/Users/nhejduk/Research-Local/blgt-parent/gtp-benchmarks/benchmarks/kcfa/untyped/ai.rkt> #<syntax from #<path:/Users/nhejduk/Research-Local/blgt-parent/contracts-and-testing/bex/configurables/configurations/module-export-ctcs.rkt>>> @ 35 using configured mutator #<procedure:mutate-benchmark>
[info] mutation-runner: Mutating module #<mod: #<path:/Users/nhejduk/Research-Local/blgt-parent/gtp-benchmarks/benchmarks/kcfa/untyped/ai.rkt> #<syntax from #<path:/Users/nhejduk/Research-Local/blgt-parent/contracts-and-testing/bex/configurables/configurations/module-export-ctcs.rkt>>> @ 36 using configured mutator #<procedure:mutate-benchmark>
[info] mutation-runner: Mutating module #<mod: #<path:/Users/nhejduk/Research-Local/blgt-parent/gtp-benchmarks/benchmarks/kcfa/untyped/ai.rkt> #<syntax from #<path:/Users/nhejduk/Research-Local/blgt-parent/contracts-and-testing/bex/configurables/configurations/module-export-ctcs.rkt>>> @ 37 using configured mutator #<procedure:mutate-benchmark>
[info] mutation-runner: Mutating module #<mod: #<path:/Users/nhejduk/Research-Local/blgt-parent/gtp-benchmarks/benchmarks/kcfa/untyped/benv.rkt> #<syntax from #<path:/Users/nhejduk/Research-Local/blgt-parent/contracts-and-testing/bex/configurables/configurations/module-export-ctcs.rkt>>> @ 10050 using configured mutator #<procedure:mutate-benchmark>
[warning] mutation-runner: configured mutator #<procedure:mutate-benchmark> has no mutant #<mod: #<path:/Users/nhejduk/Research-Local/blgt-parent/gtp-benchmarks/benchmarks/kcfa/untyped/benv.rkt> #<syntax from #<path:/Users/nhejduk/Research-Local/blgt-parent/contracts-and-testing/bex/configurables/configurations/module-export-ctcs.rkt>>> @ 10050
[info] mutation-runner: Mutating module #<mod: #<path:/Users/nhejduk/Research-Local/blgt-parent/gtp-benchmarks/benchmarks/kcfa/untyped/benv.rkt> #<syntax from #<path:/Users/nhejduk/Research-Local/blgt-parent/contracts-and-testing/bex/configurables/configurations/module-export-ctcs.rkt>>> @ 5024 using configured mutator #<procedure:mutate-benchmark>
[warning] mutation-runner: configured mutator #<procedure:mutate-benchmark> has no mutant #<mod: #<path:/Users/nhejduk/Research-Local/blgt-parent/gtp-benchmarks/benchmarks/kcfa/untyped/benv.rkt> #<syntax from #<path:/Users/nhejduk/Research-Local/blgt-parent/contracts-and-testing/bex/configurables/configurations/module-export-ctcs.rkt>>> @ 5024
[info] mutation-runner: Mutating module #<mod: #<path:/Users/nhejduk/Research-Local/blgt-parent/gtp-benchmarks/benchmarks/kcfa/untyped/benv.rkt> #<syntax from #<path:/Users/nhejduk/Research-Local/blgt-parent/contracts-and-testing/bex/configurables/configurations/module-export-ctcs.rkt>>> @ 2511 using configured mutator #<procedure:mutate-benchmark>
[warning] mutation-runner: configured mutator #<procedure:mutate-benchmark> has no mutant #<mod: #<path:/Users/nhejduk/Research-Local/blgt-parent/gtp-benchmarks/benchmarks/kcfa/untyped/benv.rkt> #<syntax from #<path:/Users/nhejduk/Research-Local/blgt-parent/contracts-and-testing/bex/configurables/configurations/module-export-ctcs.rkt>>> @ 2511
[info] mutation-runner: Mutating module #<mod: #<path:/Users/nhejduk/Research-Local/blgt-parent/gtp-benchmarks/benchmarks/kcfa/untyped/benv.rkt> #<syntax from #<path:/Users/nhejduk/Research-Local/blgt-parent/contracts-and-testing/bex/configurables/configurations/module-export-ctcs.rkt>>> @ 1255 using configured mutator #<procedure:mutate-benchmark>
[warning] mutation-runner: configured mutator #<procedure:mutate-benchmark> has no mutant #<mod: #<path:/Users/nhejduk/Research-Local/blgt-parent/gtp-benchmarks/benchmarks/kcfa/untyped/benv.rkt> #<syntax from #<path:/Users/nhejduk/Research-Local/blgt-parent/contracts-and-testing/bex/configurables/configurations/module-export-ctcs.rkt>>> @ 1255
[info] mutation-runner: Mutating module #<mod: #<path:/Users/nhejduk/Research-Local/blgt-parent/gtp-benchmarks/benchmarks/kcfa/untyped/benv.rkt> #<syntax from #<path:/Users/nhejduk/Research-Local/blgt-parent/contracts-and-testing/bex/configurables/configurations/module-export-ctcs.rkt>>> @ 627 using configured mutator #<procedure:mutate-benchmark>
[warning] mutation-runner: configured mutator #<procedure:mutate-benchmark> has no mutant #<mod: #<path:/Users/nhejduk/Research-Local/blgt-parent/gtp-benchmarks/benchmarks/kcfa/untyped/benv.rkt> #<syntax from #<path:/Users/nhejduk/Research-Local/blgt-parent/contracts-and-testing/bex/configurables/configurations/module-export-ctcs.rkt>>> @ 627
[info] mutation-runner: Mutating module #<mod: #<path:/Users/nhejduk/Research-Local/blgt-parent/gtp-benchmarks/benchmarks/kcfa/untyped/benv.rkt> #<syntax from #<path:/Users/nhejduk/Research-Local/blgt-parent/contracts-and-testing/bex/configurables/configurations/module-export-ctcs.rkt>>> @ 313 using configured mutator #<procedure:mutate-benchmark>
[warning] mutation-runner: configured mutator #<procedure:mutate-benchmark> has no mutant #<mod: #<path:/Users/nhejduk/Research-Local/blgt-parent/gtp-benchmarks/benchmarks/kcfa/untyped/benv.rkt> #<syntax from #<path:/Users/nhejduk/Research-Local/blgt-parent/contracts-and-testing/bex/configurables/configurations/module-export-ctcs.rkt>>> @ 313
[info] mutation-runner: Mutating module #<mod: #<path:/Users/nhejduk/Research-Local/blgt-parent/gtp-benchmarks/benchmarks/kcfa/untyped/benv.rkt> #<syntax from #<path:/Users/nhejduk/Research-Local/blgt-parent/contracts-and-testing/bex/configurables/configurations/module-export-ctcs.rkt>>> @ 156 using configured mutator #<procedure:mutate-benchmark>
[warning] mutation-runner: configured mutator #<procedure:mutate-benchmark> has no mutant #<mod: #<path:/Users/nhejduk/Research-Local/blgt-parent/gtp-benchmarks/benchmarks/kcfa/untyped/benv.rkt> #<syntax from #<path:/Users/nhejduk/Research-Local/blgt-parent/contracts-and-testing/bex/configurables/configurations/module-export-ctcs.rkt>>> @ 156
[info] mutation-runner: Mutating module #<mod: #<path:/Users/nhejduk/Research-Local/blgt-parent/gtp-benchmarks/benchmarks/kcfa/untyped/benv.rkt> #<syntax from #<path:/Users/nhejduk/Research-Local/blgt-parent/contracts-and-testing/bex/configurables/configurations/module-export-ctcs.rkt>>> @ 77 using configured mutator #<procedure:mutate-benchmark>
[warning] mutation-runner: configured mutator #<procedure:mutate-benchmark> has no mutant #<mod: #<path:/Users/nhejduk/Research-Local/blgt-parent/gtp-benchmarks/benchmarks/kcfa/untyped/benv.rkt> #<syntax from #<path:/Users/nhejduk/Research-Local/blgt-parent/contracts-and-testing/bex/configurables/configurations/module-export-ctcs.rkt>>> @ 77
[info] mutation-runner: Mutating module #<mod: #<path:/Users/nhejduk/Research-Local/blgt-parent/gtp-benchmarks/benchmarks/kcfa/untyped/benv.rkt> #<syntax from #<path:/Users/nhejduk/Research-Local/blgt-parent/contracts-and-testing/bex/configurables/configurations/module-export-ctcs.rkt>>> @ 38 using configured mutator #<procedure:mutate-benchmark>
[warning] mutation-runner: configured mutator #<procedure:mutate-benchmark> has no mutant #<mod: #<path:/Users/nhejduk/Research-Local/blgt-parent/gtp-benchmarks/benchmarks/kcfa/untyped/benv.rkt> #<syntax from #<path:/Users/nhejduk/Research-Local/blgt-parent/contracts-and-testing/bex/configurables/configurations/module-export-ctcs.rkt>>> @ 38
[info] mutation-runner: Mutating module #<mod: #<path:/Users/nhejduk/Research-Local/blgt-parent/gtp-benchmarks/benchmarks/kcfa/untyped/benv.rkt> #<syntax from #<path:/Users/nhejduk/Research-Local/blgt-parent/contracts-and-testing/bex/configurables/configurations/module-export-ctcs.rkt>>> @ 18 using configured mutator #<procedure:mutate-benchmark>
[warning] mutation-runner: configured mutator #<procedure:mutate-benchmark> has no mutant #<mod: #<path:/Users/nhejduk/Research-Local/blgt-parent/gtp-benchmarks/benchmarks/kcfa/untyped/benv.rkt> #<syntax from #<path:/Users/nhejduk/Research-Local/blgt-parent/contracts-and-testing/bex/configurables/configurations/module-export-ctcs.rkt>>> @ 18
[info] mutation-runner: Mutating module #<mod: #<path:/Users/nhejduk/Research-Local/blgt-parent/gtp-benchmarks/benchmarks/kcfa/untyped/benv.rkt> #<syntax from #<path:/Users/nhejduk/Research-Local/blgt-parent/contracts-and-testing/bex/configurables/configurations/module-export-ctcs.rkt>>> @ 8 using configured mutator #<procedure:mutate-benchmark>
[warning] mutation-runner: configured mutator #<procedure:mutate-benchmark> has no mutant #<mod: #<path:/Users/nhejduk/Research-Local/blgt-parent/gtp-benchmarks/benchmarks/kcfa/untyped/benv.rkt> #<syntax from #<path:/Users/nhejduk/Research-Local/blgt-parent/contracts-and-testing/bex/configurables/configurations/module-export-ctcs.rkt>>> @ 8
[info] mutation-runner: Mutating module #<mod: #<path:/Users/nhejduk/Research-Local/blgt-parent/gtp-benchmarks/benchmarks/kcfa/untyped/benv.rkt> #<syntax from #<path:/Users/nhejduk/Research-Local/blgt-parent/contracts-and-testing/bex/configurables/configurations/module-export-ctcs.rkt>>> @ 3 using configured mutator #<procedure:mutate-benchmark>
[warning] mutation-runner: configured mutator #<procedure:mutate-benchmark> has no mutant #<mod: #<path:/Users/nhejduk/Research-Local/blgt-parent/gtp-benchmarks/benchmarks/kcfa/untyped/benv.rkt> #<syntax from #<path:/Users/nhejduk/Research-Local/blgt-parent/contracts-and-testing/bex/configurables/configurations/module-export-ctcs.rkt>>> @ 3
[info] mutation-runner: Mutating module #<mod: #<path:/Users/nhejduk/Research-Local/blgt-parent/gtp-benchmarks/benchmarks/kcfa/untyped/benv.rkt> #<syntax from #<path:/Users/nhejduk/Research-Local/blgt-parent/contracts-and-testing/bex/configurables/configurations/module-export-ctcs.rkt>>> @ 1 using configured mutator #<procedure:mutate-benchmark>
[info] mutation-runner: Mutating module #<mod: #<path:/Users/nhejduk/Research-Local/blgt-parent/gtp-benchmarks/benchmarks/kcfa/untyped/benv.rkt> #<syntax from #<path:/Users/nhejduk/Research-Local/blgt-parent/contracts-and-testing/bex/configurables/configurations/module-export-ctcs.rkt>>> @ 2 using configured mutator #<procedure:mutate-benchmark>
[warning] mutation-runner: configured mutator #<procedure:mutate-benchmark> has no mutant #<mod: #<path:/Users/nhejduk/Research-Local/blgt-parent/gtp-benchmarks/benchmarks/kcfa/untyped/benv.rkt> #<syntax from #<path:/Users/nhejduk/Research-Local/blgt-parent/contracts-and-testing/bex/configurables/configurations/module-export-ctcs.rkt>>> @ 2
[info] mutation-runner: Mutating module #<mod: #<path:/Users/nhejduk/Research-Local/blgt-parent/gtp-benchmarks/benchmarks/kcfa/untyped/denotable.rkt> #<syntax from #<path:/Users/nhejduk/Research-Local/blgt-parent/contracts-and-testing/bex/configurables/configurations/module-export-ctcs.rkt>>> @ 10050 using configured mutator #<procedure:mutate-benchmark>
[warning] mutation-runner: configured mutator #<procedure:mutate-benchmark> has no mutant #<mod: #<path:/Users/nhejduk/Research-Local/blgt-parent/gtp-benchmarks/benchmarks/kcfa/untyped/denotable.rkt> #<syntax from #<path:/Users/nhejduk/Research-Local/blgt-parent/contracts-and-testing/bex/configurables/configurations/module-export-ctcs.rkt>>> @ 10050
[info] mutation-runner: Mutating module #<mod: #<path:/Users/nhejduk/Research-Local/blgt-parent/gtp-benchmarks/benchmarks/kcfa/untyped/denotable.rkt> #<syntax from #<path:/Users/nhejduk/Research-Local/blgt-parent/contracts-and-testing/bex/configurables/configurations/module-export-ctcs.rkt>>> @ 5024 using configured mutator #<procedure:mutate-benchmark>
[warning] mutation-runner: configured mutator #<procedure:mutate-benchmark> has no mutant #<mod: #<path:/Users/nhejduk/Research-Local/blgt-parent/gtp-benchmarks/benchmarks/kcfa/untyped/denotable.rkt> #<syntax from #<path:/Users/nhejduk/Research-Local/blgt-parent/contracts-and-testing/bex/configurables/configurations/module-export-ctcs.rkt>>> @ 5024
[info] mutation-runner: Mutating module #<mod: #<path:/Users/nhejduk/Research-Local/blgt-parent/gtp-benchmarks/benchmarks/kcfa/untyped/denotable.rkt> #<syntax from #<path:/Users/nhejduk/Research-Local/blgt-parent/contracts-and-testing/bex/configurables/configurations/module-export-ctcs.rkt>>> @ 2511 using configured mutator #<procedure:mutate-benchmark>
[warning] mutation-runner: configured mutator #<procedure:mutate-benchmark> has no mutant #<mod: #<path:/Users/nhejduk/Research-Local/blgt-parent/gtp-benchmarks/benchmarks/kcfa/untyped/denotable.rkt> #<syntax from #<path:/Users/nhejduk/Research-Local/blgt-parent/contracts-and-testing/bex/configurables/configurations/module-export-ctcs.rkt>>> @ 2511
[info] mutation-runner: Mutating module #<mod: #<path:/Users/nhejduk/Research-Local/blgt-parent/gtp-benchmarks/benchmarks/kcfa/untyped/denotable.rkt> #<syntax from #<path:/Users/nhejduk/Research-Local/blgt-parent/contracts-and-testing/bex/configurables/configurations/module-export-ctcs.rkt>>> @ 1255 using configured mutator #<procedure:mutate-benchmark>
[warning] mutation-runner: configured mutator #<procedure:mutate-benchmark> has no mutant #<mod: #<path:/Users/nhejduk/Research-Local/blgt-parent/gtp-benchmarks/benchmarks/kcfa/untyped/denotable.rkt> #<syntax from #<path:/Users/nhejduk/Research-Local/blgt-parent/contracts-and-testing/bex/configurables/configurations/module-export-ctcs.rkt>>> @ 1255
[info] mutation-runner: Mutating module #<mod: #<path:/Users/nhejduk/Research-Local/blgt-parent/gtp-benchmarks/benchmarks/kcfa/untyped/denotable.rkt> #<syntax from #<path:/Users/nhejduk/Research-Local/blgt-parent/contracts-and-testing/bex/configurables/configurations/module-export-ctcs.rkt>>> @ 627 using configured mutator #<procedure:mutate-benchmark>
[warning] mutation-runner: configured mutator #<procedure:mutate-benchmark> has no mutant #<mod: #<path:/Users/nhejduk/Research-Local/blgt-parent/gtp-benchmarks/benchmarks/kcfa/untyped/denotable.rkt> #<syntax from #<path:/Users/nhejduk/Research-Local/blgt-parent/contracts-and-testing/bex/configurables/configurations/module-export-ctcs.rkt>>> @ 627
[info] mutation-runner: Mutating module #<mod: #<path:/Users/nhejduk/Research-Local/blgt-parent/gtp-benchmarks/benchmarks/kcfa/untyped/denotable.rkt> #<syntax from #<path:/Users/nhejduk/Research-Local/blgt-parent/contracts-and-testing/bex/configurables/configurations/module-export-ctcs.rkt>>> @ 313 using configured mutator #<procedure:mutate-benchmark>
[warning] mutation-runner: configured mutator #<procedure:mutate-benchmark> has no mutant #<mod: #<path:/Users/nhejduk/Research-Local/blgt-parent/gtp-benchmarks/benchmarks/kcfa/untyped/denotable.rkt> #<syntax from #<path:/Users/nhejduk/Research-Local/blgt-parent/contracts-and-testing/bex/configurables/configurations/module-export-ctcs.rkt>>> @ 313
[info] mutation-runner: Mutating module #<mod: #<path:/Users/nhejduk/Research-Local/blgt-parent/gtp-benchmarks/benchmarks/kcfa/untyped/denotable.rkt> #<syntax from #<path:/Users/nhejduk/Research-Local/blgt-parent/contracts-and-testing/bex/configurables/configurations/module-export-ctcs.rkt>>> @ 156 using configured mutator #<procedure:mutate-benchmark>
[warning] mutation-runner: configured mutator #<procedure:mutate-benchmark> has no mutant #<mod: #<path:/Users/nhejduk/Research-Local/blgt-parent/gtp-benchmarks/benchmarks/kcfa/untyped/denotable.rkt> #<syntax from #<path:/Users/nhejduk/Research-Local/blgt-parent/contracts-and-testing/bex/configurables/configurations/module-export-ctcs.rkt>>> @ 156
[info] mutation-runner: Mutating module #<mod: #<path:/Users/nhejduk/Research-Local/blgt-parent/gtp-benchmarks/benchmarks/kcfa/untyped/denotable.rkt> #<syntax from #<path:/Users/nhejduk/Research-Local/blgt-parent/contracts-and-testing/bex/configurables/configurations/module-export-ctcs.rkt>>> @ 77 using configured mutator #<procedure:mutate-benchmark>
[warning] mutation-runner: configured mutator #<procedure:mutate-benchmark> has no mutant #<mod: #<path:/Users/nhejduk/Research-Local/blgt-parent/gtp-benchmarks/benchmarks/kcfa/untyped/denotable.rkt> #<syntax from #<path:/Users/nhejduk/Research-Local/blgt-parent/contracts-and-testing/bex/configurables/configurations/module-export-ctcs.rkt>>> @ 77
[info] mutation-runner: Mutating module #<mod: #<path:/Users/nhejduk/Research-Local/blgt-parent/gtp-benchmarks/benchmarks/kcfa/untyped/denotable.rkt> #<syntax from #<path:/Users/nhejduk/Research-Local/blgt-parent/contracts-and-testing/bex/configurables/configurations/module-export-ctcs.rkt>>> @ 38 using configured mutator #<procedure:mutate-benchmark>
[warning] mutation-runner: configured mutator #<procedure:mutate-benchmark> has no mutant #<mod: #<path:/Users/nhejduk/Research-Local/blgt-parent/gtp-benchmarks/benchmarks/kcfa/untyped/denotable.rkt> #<syntax from #<path:/Users/nhejduk/Research-Local/blgt-parent/contracts-and-testing/bex/configurables/configurations/module-export-ctcs.rkt>>> @ 38
[info] mutation-runner: Mutating module #<mod: #<path:/Users/nhejduk/Research-Local/blgt-parent/gtp-benchmarks/benchmarks/kcfa/untyped/denotable.rkt> #<syntax from #<path:/Users/nhejduk/Research-Local/blgt-parent/contracts-and-testing/bex/configurables/configurations/module-export-ctcs.rkt>>> @ 18 using configured mutator #<procedure:mutate-benchmark>
[warning] mutation-runner: configured mutator #<procedure:mutate-benchmark> has no mutant #<mod: #<path:/Users/nhejduk/Research-Local/blgt-parent/gtp-benchmarks/benchmarks/kcfa/untyped/denotable.rkt> #<syntax from #<path:/Users/nhejduk/Research-Local/blgt-parent/contracts-and-testing/bex/configurables/configurations/module-export-ctcs.rkt>>> @ 18
[info] mutation-runner: Mutating module #<mod: #<path:/Users/nhejduk/Research-Local/blgt-parent/gtp-benchmarks/benchmarks/kcfa/untyped/denotable.rkt> #<syntax from #<path:/Users/nhejduk/Research-Local/blgt-parent/contracts-and-testing/bex/configurables/configurations/module-export-ctcs.rkt>>> @ 8 using configured mutator #<procedure:mutate-benchmark>
[info] mutation-runner: Mutating module #<mod: #<path:/Users/nhejduk/Research-Local/blgt-parent/gtp-benchmarks/benchmarks/kcfa/untyped/denotable.rkt> #<syntax from #<path:/Users/nhejduk/Research-Local/blgt-parent/contracts-and-testing/bex/configurables/configurations/module-export-ctcs.rkt>>> @ 13 using configured mutator #<procedure:mutate-benchmark>
[warning] mutation-runner: configured mutator #<procedure:mutate-benchmark> has no mutant #<mod: #<path:/Users/nhejduk/Research-Local/blgt-parent/gtp-benchmarks/benchmarks/kcfa/untyped/denotable.rkt> #<syntax from #<path:/Users/nhejduk/Research-Local/blgt-parent/contracts-and-testing/bex/configurables/configurations/module-export-ctcs.rkt>>> @ 13
[info] mutation-runner: Mutating module #<mod: #<path:/Users/nhejduk/Research-Local/blgt-parent/gtp-benchmarks/benchmarks/kcfa/untyped/denotable.rkt> #<syntax from #<path:/Users/nhejduk/Research-Local/blgt-parent/contracts-and-testing/bex/configurables/configurations/module-export-ctcs.rkt>>> @ 10 using configured mutator #<procedure:mutate-benchmark>
[info] mutation-runner: Mutating module #<mod: #<path:/Users/nhejduk/Research-Local/blgt-parent/gtp-benchmarks/benchmarks/kcfa/untyped/denotable.rkt> #<syntax from #<path:/Users/nhejduk/Research-Local/blgt-parent/contracts-and-testing/bex/configurables/configurations/module-export-ctcs.rkt>>> @ 11 using configured mutator #<procedure:mutate-benchmark>
[info] mutation-runner: Mutating module #<mod: #<path:/Users/nhejduk/Research-Local/blgt-parent/gtp-benchmarks/benchmarks/kcfa/untyped/denotable.rkt> #<syntax from #<path:/Users/nhejduk/Research-Local/blgt-parent/contracts-and-testing/bex/configurables/configurations/module-export-ctcs.rkt>>> @ 12 using configured mutator #<procedure:mutate-benchmark>
[warning] mutation-runner: configured mutator #<procedure:mutate-benchmark> has no mutant #<mod: #<path:/Users/nhejduk/Research-Local/blgt-parent/gtp-benchmarks/benchmarks/kcfa/untyped/denotable.rkt> #<syntax from #<path:/Users/nhejduk/Research-Local/blgt-parent/contracts-and-testing/bex/configurables/configurations/module-export-ctcs.rkt>>> @ 12
[info] mutation-runner: Mutating module #<mod: #<path:/Users/nhejduk/Research-Local/blgt-parent/gtp-benchmarks/benchmarks/kcfa/untyped/main.rkt> #<syntax from #<path:/Users/nhejduk/Research-Local/blgt-parent/contracts-and-testing/bex/configurables/configurations/module-export-ctcs.rkt>>> @ 10050 using configured mutator #<procedure:mutate-benchmark>
[warning] mutation-runner: configured mutator #<procedure:mutate-benchmark> has no mutant #<mod: #<path:/Users/nhejduk/Research-Local/blgt-parent/gtp-benchmarks/benchmarks/kcfa/untyped/main.rkt> #<syntax from #<path:/Users/nhejduk/Research-Local/blgt-parent/contracts-and-testing/bex/configurables/configurations/module-export-ctcs.rkt>>> @ 10050
[info] mutation-runner: Mutating module #<mod: #<path:/Users/nhejduk/Research-Local/blgt-parent/gtp-benchmarks/benchmarks/kcfa/untyped/main.rkt> #<syntax from #<path:/Users/nhejduk/Research-Local/blgt-parent/contracts-and-testing/bex/configurables/configurations/module-export-ctcs.rkt>>> @ 5024 using configured mutator #<procedure:mutate-benchmark>
[warning] mutation-runner: configured mutator #<procedure:mutate-benchmark> has no mutant #<mod: #<path:/Users/nhejduk/Research-Local/blgt-parent/gtp-benchmarks/benchmarks/kcfa/untyped/main.rkt> #<syntax from #<path:/Users/nhejduk/Research-Local/blgt-parent/contracts-and-testing/bex/configurables/configurations/module-export-ctcs.rkt>>> @ 5024
[info] mutation-runner: Mutating module #<mod: #<path:/Users/nhejduk/Research-Local/blgt-parent/gtp-benchmarks/benchmarks/kcfa/untyped/main.rkt> #<syntax from #<path:/Users/nhejduk/Research-Local/blgt-parent/contracts-and-testing/bex/configurables/configurations/module-export-ctcs.rkt>>> @ 2511 using configured mutator #<procedure:mutate-benchmark>
[warning] mutation-runner: configured mutator #<procedure:mutate-benchmark> has no mutant #<mod: #<path:/Users/nhejduk/Research-Local/blgt-parent/gtp-benchmarks/benchmarks/kcfa/untyped/main.rkt> #<syntax from #<path:/Users/nhejduk/Research-Local/blgt-parent/contracts-and-testing/bex/configurables/configurations/module-export-ctcs.rkt>>> @ 2511
[info] mutation-runner: Mutating module #<mod: #<path:/Users/nhejduk/Research-Local/blgt-parent/gtp-benchmarks/benchmarks/kcfa/untyped/main.rkt> #<syntax from #<path:/Users/nhejduk/Research-Local/blgt-parent/contracts-and-testing/bex/configurables/configurations/module-export-ctcs.rkt>>> @ 1255 using configured mutator #<procedure:mutate-benchmark>
[warning] mutation-runner: configured mutator #<procedure:mutate-benchmark> has no mutant #<mod: #<path:/Users/nhejduk/Research-Local/blgt-parent/gtp-benchmarks/benchmarks/kcfa/untyped/main.rkt> #<syntax from #<path:/Users/nhejduk/Research-Local/blgt-parent/contracts-and-testing/bex/configurables/configurations/module-export-ctcs.rkt>>> @ 1255
[info] mutation-runner: Mutating module #<mod: #<path:/Users/nhejduk/Research-Local/blgt-parent/gtp-benchmarks/benchmarks/kcfa/untyped/main.rkt> #<syntax from #<path:/Users/nhejduk/Research-Local/blgt-parent/contracts-and-testing/bex/configurables/configurations/module-export-ctcs.rkt>>> @ 627 using configured mutator #<procedure:mutate-benchmark>
[warning] mutation-runner: configured mutator #<procedure:mutate-benchmark> has no mutant #<mod: #<path:/Users/nhejduk/Research-Local/blgt-parent/gtp-benchmarks/benchmarks/kcfa/untyped/main.rkt> #<syntax from #<path:/Users/nhejduk/Research-Local/blgt-parent/contracts-and-testing/bex/configurables/configurations/module-export-ctcs.rkt>>> @ 627
[info] mutation-runner: Mutating module #<mod: #<path:/Users/nhejduk/Research-Local/blgt-parent/gtp-benchmarks/benchmarks/kcfa/untyped/main.rkt> #<syntax from #<path:/Users/nhejduk/Research-Local/blgt-parent/contracts-and-testing/bex/configurables/configurations/module-export-ctcs.rkt>>> @ 313 using configured mutator #<procedure:mutate-benchmark>
[warning] mutation-runner: configured mutator #<procedure:mutate-benchmark> has no mutant #<mod: #<path:/Users/nhejduk/Research-Local/blgt-parent/gtp-benchmarks/benchmarks/kcfa/untyped/main.rkt> #<syntax from #<path:/Users/nhejduk/Research-Local/blgt-parent/contracts-and-testing/bex/configurables/configurations/module-export-ctcs.rkt>>> @ 313
[info] mutation-runner: Mutating module #<mod: #<path:/Users/nhejduk/Research-Local/blgt-parent/gtp-benchmarks/benchmarks/kcfa/untyped/main.rkt> #<syntax from #<path:/Users/nhejduk/Research-Local/blgt-parent/contracts-and-testing/bex/configurables/configurations/module-export-ctcs.rkt>>> @ 156 using configured mutator #<procedure:mutate-benchmark>
[warning] mutation-runner: configured mutator #<procedure:mutate-benchmark> has no mutant #<mod: #<path:/Users/nhejduk/Research-Local/blgt-parent/gtp-benchmarks/benchmarks/kcfa/untyped/main.rkt> #<syntax from #<path:/Users/nhejduk/Research-Local/blgt-parent/contracts-and-testing/bex/configurables/configurations/module-export-ctcs.rkt>>> @ 156
[info] mutation-runner: Mutating module #<mod: #<path:/Users/nhejduk/Research-Local/blgt-parent/gtp-benchmarks/benchmarks/kcfa/untyped/main.rkt> #<syntax from #<path:/Users/nhejduk/Research-Local/blgt-parent/contracts-and-testing/bex/configurables/configurations/module-export-ctcs.rkt>>> @ 77 using configured mutator #<procedure:mutate-benchmark>
[warning] mutation-runner: configured mutator #<procedure:mutate-benchmark> has no mutant #<mod: #<path:/Users/nhejduk/Research-Local/blgt-parent/gtp-benchmarks/benchmarks/kcfa/untyped/main.rkt> #<syntax from #<path:/Users/nhejduk/Research-Local/blgt-parent/contracts-and-testing/bex/configurables/configurations/module-export-ctcs.rkt>>> @ 77
[info] mutation-runner: Mutating module #<mod: #<path:/Users/nhejduk/Research-Local/blgt-parent/gtp-benchmarks/benchmarks/kcfa/untyped/main.rkt> #<syntax from #<path:/Users/nhejduk/Research-Local/blgt-parent/contracts-and-testing/bex/configurables/configurations/module-export-ctcs.rkt>>> @ 38 using configured mutator #<procedure:mutate-benchmark>
[warning] mutation-runner: configured mutator #<procedure:mutate-benchmark> has no mutant #<mod: #<path:/Users/nhejduk/Research-Local/blgt-parent/gtp-benchmarks/benchmarks/kcfa/untyped/main.rkt> #<syntax from #<path:/Users/nhejduk/Research-Local/blgt-parent/contracts-and-testing/bex/configurables/configurations/module-export-ctcs.rkt>>> @ 38
[info] mutation-runner: Mutating module #<mod: #<path:/Users/nhejduk/Research-Local/blgt-parent/gtp-benchmarks/benchmarks/kcfa/untyped/main.rkt> #<syntax from #<path:/Users/nhejduk/Research-Local/blgt-parent/contracts-and-testing/bex/configurables/configurations/module-export-ctcs.rkt>>> @ 18 using configured mutator #<procedure:mutate-benchmark>
[warning] mutation-runner: configured mutator #<procedure:mutate-benchmark> has no mutant #<mod: #<path:/Users/nhejduk/Research-Local/blgt-parent/gtp-benchmarks/benchmarks/kcfa/untyped/main.rkt> #<syntax from #<path:/Users/nhejduk/Research-Local/blgt-parent/contracts-and-testing/bex/configurables/configurations/module-export-ctcs.rkt>>> @ 18
[info] mutation-runner: Mutating module #<mod: #<path:/Users/nhejduk/Research-Local/blgt-parent/gtp-benchmarks/benchmarks/kcfa/untyped/main.rkt> #<syntax from #<path:/Users/nhejduk/Research-Local/blgt-parent/contracts-and-testing/bex/configurables/configurations/module-export-ctcs.rkt>>> @ 8 using configured mutator #<procedure:mutate-benchmark>
[warning] mutation-runner: configured mutator #<procedure:mutate-benchmark> has no mutant #<mod: #<path:/Users/nhejduk/Research-Local/blgt-parent/gtp-benchmarks/benchmarks/kcfa/untyped/main.rkt> #<syntax from #<path:/Users/nhejduk/Research-Local/blgt-parent/contracts-and-testing/bex/configurables/configurations/module-export-ctcs.rkt>>> @ 8
[info] mutation-runner: Mutating module #<mod: #<path:/Users/nhejduk/Research-Local/blgt-parent/gtp-benchmarks/benchmarks/kcfa/untyped/main.rkt> #<syntax from #<path:/Users/nhejduk/Research-Local/blgt-parent/contracts-and-testing/bex/configurables/configurations/module-export-ctcs.rkt>>> @ 3 using configured mutator #<procedure:mutate-benchmark>
[warning] mutation-runner: configured mutator #<procedure:mutate-benchmark> has no mutant #<mod: #<path:/Users/nhejduk/Research-Local/blgt-parent/gtp-benchmarks/benchmarks/kcfa/untyped/main.rkt> #<syntax from #<path:/Users/nhejduk/Research-Local/blgt-parent/contracts-and-testing/bex/configurables/configurations/module-export-ctcs.rkt>>> @ 3
[info] mutation-runner: Mutating module #<mod: #<path:/Users/nhejduk/Research-Local/blgt-parent/gtp-benchmarks/benchmarks/kcfa/untyped/main.rkt> #<syntax from #<path:/Users/nhejduk/Research-Local/blgt-parent/contracts-and-testing/bex/configurables/configurations/module-export-ctcs.rkt>>> @ 1 using configured mutator #<procedure:mutate-benchmark>
[warning] mutation-runner: configured mutator #<procedure:mutate-benchmark> has no mutant #<mod: #<path:/Users/nhejduk/Research-Local/blgt-parent/gtp-benchmarks/benchmarks/kcfa/untyped/main.rkt> #<syntax from #<path:/Users/nhejduk/Research-Local/blgt-parent/contracts-and-testing/bex/configurables/configurations/module-export-ctcs.rkt>>> @ 1
[info] mutation-runner: Mutating module #<mod: #<path:/Users/nhejduk/Research-Local/blgt-parent/gtp-benchmarks/benchmarks/kcfa/untyped/main.rkt> #<syntax from #<path:/Users/nhejduk/Research-Local/blgt-parent/contracts-and-testing/bex/configurables/configurations/module-export-ctcs.rkt>>> @ 0 using configured mutator #<procedure:mutate-benchmark>
[warning] mutation-runner: configured mutator #<procedure:mutate-benchmark> has no mutant #<mod: #<path:/Users/nhejduk/Research-Local/blgt-parent/gtp-benchmarks/benchmarks/kcfa/untyped/main.rkt> #<syntax from #<path:/Users/nhejduk/Research-Local/blgt-parent/contracts-and-testing/bex/configurables/configurations/module-export-ctcs.rkt>>> @ 0
[info] mutation-runner: Mutating module #<mod: #<path:/Users/nhejduk/Research-Local/blgt-parent/gtp-benchmarks/benchmarks/kcfa/untyped/structs.rkt> #<syntax from #<path:/Users/nhejduk/Research-Local/blgt-parent/contracts-and-testing/bex/configurables/configurations/module-export-ctcs.rkt>>> @ 10050 using configured mutator #<procedure:mutate-benchmark>
[warning] mutation-runner: configured mutator #<procedure:mutate-benchmark> has no mutant #<mod: #<path:/Users/nhejduk/Research-Local/blgt-parent/gtp-benchmarks/benchmarks/kcfa/untyped/structs.rkt> #<syntax from #<path:/Users/nhejduk/Research-Local/blgt-parent/contracts-and-testing/bex/configurables/configurations/module-export-ctcs.rkt>>> @ 10050
[info] mutation-runner: Mutating module #<mod: #<path:/Users/nhejduk/Research-Local/blgt-parent/gtp-benchmarks/benchmarks/kcfa/untyped/structs.rkt> #<syntax from #<path:/Users/nhejduk/Research-Local/blgt-parent/contracts-and-testing/bex/configurables/configurations/module-export-ctcs.rkt>>> @ 5024 using configured mutator #<procedure:mutate-benchmark>
[warning] mutation-runner: configured mutator #<procedure:mutate-benchmark> has no mutant #<mod: #<path:/Users/nhejduk/Research-Local/blgt-parent/gtp-benchmarks/benchmarks/kcfa/untyped/structs.rkt> #<syntax from #<path:/Users/nhejduk/Research-Local/blgt-parent/contracts-and-testing/bex/configurables/configurations/module-export-ctcs.rkt>>> @ 5024
[info] mutation-runner: Mutating module #<mod: #<path:/Users/nhejduk/Research-Local/blgt-parent/gtp-benchmarks/benchmarks/kcfa/untyped/structs.rkt> #<syntax from #<path:/Users/nhejduk/Research-Local/blgt-parent/contracts-and-testing/bex/configurables/configurations/module-export-ctcs.rkt>>> @ 2511 using configured mutator #<procedure:mutate-benchmark>
[warning] mutation-runner: configured mutator #<procedure:mutate-benchmark> has no mutant #<mod: #<path:/Users/nhejduk/Research-Local/blgt-parent/gtp-benchmarks/benchmarks/kcfa/untyped/structs.rkt> #<syntax from #<path:/Users/nhejduk/Research-Local/blgt-parent/contracts-and-testing/bex/configurables/configurations/module-export-ctcs.rkt>>> @ 2511
[info] mutation-runner: Mutating module #<mod: #<path:/Users/nhejduk/Research-Local/blgt-parent/gtp-benchmarks/benchmarks/kcfa/untyped/structs.rkt> #<syntax from #<path:/Users/nhejduk/Research-Local/blgt-parent/contracts-and-testing/bex/configurables/configurations/module-export-ctcs.rkt>>> @ 1255 using configured mutator #<procedure:mutate-benchmark>
[warning] mutation-runner: configured mutator #<procedure:mutate-benchmark> has no mutant #<mod: #<path:/Users/nhejduk/Research-Local/blgt-parent/gtp-benchmarks/benchmarks/kcfa/untyped/structs.rkt> #<syntax from #<path:/Users/nhejduk/Research-Local/blgt-parent/contracts-and-testing/bex/configurables/configurations/module-export-ctcs.rkt>>> @ 1255
[info] mutation-runner: Mutating module #<mod: #<path:/Users/nhejduk/Research-Local/blgt-parent/gtp-benchmarks/benchmarks/kcfa/untyped/structs.rkt> #<syntax from #<path:/Users/nhejduk/Research-Local/blgt-parent/contracts-and-testing/bex/configurables/configurations/module-export-ctcs.rkt>>> @ 627 using configured mutator #<procedure:mutate-benchmark>
[warning] mutation-runner: configured mutator #<procedure:mutate-benchmark> has no mutant #<mod: #<path:/Users/nhejduk/Research-Local/blgt-parent/gtp-benchmarks/benchmarks/kcfa/untyped/structs.rkt> #<syntax from #<path:/Users/nhejduk/Research-Local/blgt-parent/contracts-and-testing/bex/configurables/configurations/module-export-ctcs.rkt>>> @ 627
[info] mutation-runner: Mutating module #<mod: #<path:/Users/nhejduk/Research-Local/blgt-parent/gtp-benchmarks/benchmarks/kcfa/untyped/structs.rkt> #<syntax from #<path:/Users/nhejduk/Research-Local/blgt-parent/contracts-and-testing/bex/configurables/configurations/module-export-ctcs.rkt>>> @ 313 using configured mutator #<procedure:mutate-benchmark>
[warning] mutation-runner: configured mutator #<procedure:mutate-benchmark> has no mutant #<mod: #<path:/Users/nhejduk/Research-Local/blgt-parent/gtp-benchmarks/benchmarks/kcfa/untyped/structs.rkt> #<syntax from #<path:/Users/nhejduk/Research-Local/blgt-parent/contracts-and-testing/bex/configurables/configurations/module-export-ctcs.rkt>>> @ 313
[info] mutation-runner: Mutating module #<mod: #<path:/Users/nhejduk/Research-Local/blgt-parent/gtp-benchmarks/benchmarks/kcfa/untyped/structs.rkt> #<syntax from #<path:/Users/nhejduk/Research-Local/blgt-parent/contracts-and-testing/bex/configurables/configurations/module-export-ctcs.rkt>>> @ 156 using configured mutator #<procedure:mutate-benchmark>
[warning] mutation-runner: configured mutator #<procedure:mutate-benchmark> has no mutant #<mod: #<path:/Users/nhejduk/Research-Local/blgt-parent/gtp-benchmarks/benchmarks/kcfa/untyped/structs.rkt> #<syntax from #<path:/Users/nhejduk/Research-Local/blgt-parent/contracts-and-testing/bex/configurables/configurations/module-export-ctcs.rkt>>> @ 156
[info] mutation-runner: Mutating module #<mod: #<path:/Users/nhejduk/Research-Local/blgt-parent/gtp-benchmarks/benchmarks/kcfa/untyped/structs.rkt> #<syntax from #<path:/Users/nhejduk/Research-Local/blgt-parent/contracts-and-testing/bex/configurables/configurations/module-export-ctcs.rkt>>> @ 77 using configured mutator #<procedure:mutate-benchmark>
[warning] mutation-runner: configured mutator #<procedure:mutate-benchmark> has no mutant #<mod: #<path:/Users/nhejduk/Research-Local/blgt-parent/gtp-benchmarks/benchmarks/kcfa/untyped/structs.rkt> #<syntax from #<path:/Users/nhejduk/Research-Local/blgt-parent/contracts-and-testing/bex/configurables/configurations/module-export-ctcs.rkt>>> @ 77
[info] mutation-runner: Mutating module #<mod: #<path:/Users/nhejduk/Research-Local/blgt-parent/gtp-benchmarks/benchmarks/kcfa/untyped/structs.rkt> #<syntax from #<path:/Users/nhejduk/Research-Local/blgt-parent/contracts-and-testing/bex/configurables/configurations/module-export-ctcs.rkt>>> @ 38 using configured mutator #<procedure:mutate-benchmark>
[warning] mutation-runner: configured mutator #<procedure:mutate-benchmark> has no mutant #<mod: #<path:/Users/nhejduk/Research-Local/blgt-parent/gtp-benchmarks/benchmarks/kcfa/untyped/structs.rkt> #<syntax from #<path:/Users/nhejduk/Research-Local/blgt-parent/contracts-and-testing/bex/configurables/configurations/module-export-ctcs.rkt>>> @ 38
[info] mutation-runner: Mutating module #<mod: #<path:/Users/nhejduk/Research-Local/blgt-parent/gtp-benchmarks/benchmarks/kcfa/untyped/structs.rkt> #<syntax from #<path:/Users/nhejduk/Research-Local/blgt-parent/contracts-and-testing/bex/configurables/configurations/module-export-ctcs.rkt>>> @ 18 using configured mutator #<procedure:mutate-benchmark>
[warning] mutation-runner: configured mutator #<procedure:mutate-benchmark> has no mutant #<mod: #<path:/Users/nhejduk/Research-Local/blgt-parent/gtp-benchmarks/benchmarks/kcfa/untyped/structs.rkt> #<syntax from #<path:/Users/nhejduk/Research-Local/blgt-parent/contracts-and-testing/bex/configurables/configurations/module-export-ctcs.rkt>>> @ 18
[info] mutation-runner: Mutating module #<mod: #<path:/Users/nhejduk/Research-Local/blgt-parent/gtp-benchmarks/benchmarks/kcfa/untyped/structs.rkt> #<syntax from #<path:/Users/nhejduk/Research-Local/blgt-parent/contracts-and-testing/bex/configurables/configurations/module-export-ctcs.rkt>>> @ 8 using configured mutator #<procedure:mutate-benchmark>
[warning] mutation-runner: configured mutator #<procedure:mutate-benchmark> has no mutant #<mod: #<path:/Users/nhejduk/Research-Local/blgt-parent/gtp-benchmarks/benchmarks/kcfa/untyped/structs.rkt> #<syntax from #<path:/Users/nhejduk/Research-Local/blgt-parent/contracts-and-testing/bex/configurables/configurations/module-export-ctcs.rkt>>> @ 8
[info] mutation-runner: Mutating module #<mod: #<path:/Users/nhejduk/Research-Local/blgt-parent/gtp-benchmarks/benchmarks/kcfa/untyped/structs.rkt> #<syntax from #<path:/Users/nhejduk/Research-Local/blgt-parent/contracts-and-testing/bex/configurables/configurations/module-export-ctcs.rkt>>> @ 3 using configured mutator #<procedure:mutate-benchmark>
[warning] mutation-runner: configured mutator #<procedure:mutate-benchmark> has no mutant #<mod: #<path:/Users/nhejduk/Research-Local/blgt-parent/gtp-benchmarks/benchmarks/kcfa/untyped/structs.rkt> #<syntax from #<path:/Users/nhejduk/Research-Local/blgt-parent/contracts-and-testing/bex/configurables/configurations/module-export-ctcs.rkt>>> @ 3
[info] mutation-runner: Mutating module #<mod: #<path:/Users/nhejduk/Research-Local/blgt-parent/gtp-benchmarks/benchmarks/kcfa/untyped/structs.rkt> #<syntax from #<path:/Users/nhejduk/Research-Local/blgt-parent/contracts-and-testing/bex/configurables/configurations/module-export-ctcs.rkt>>> @ 1 using configured mutator #<procedure:mutate-benchmark>
[warning] mutation-runner: configured mutator #<procedure:mutate-benchmark> has no mutant #<mod: #<path:/Users/nhejduk/Research-Local/blgt-parent/gtp-benchmarks/benchmarks/kcfa/untyped/structs.rkt> #<syntax from #<path:/Users/nhejduk/Research-Local/blgt-parent/contracts-and-testing/bex/configurables/configurations/module-export-ctcs.rkt>>> @ 1
[info] mutation-runner: Mutating module #<mod: #<path:/Users/nhejduk/Research-Local/blgt-parent/gtp-benchmarks/benchmarks/kcfa/untyped/structs.rkt> #<syntax from #<path:/Users/nhejduk/Research-Local/blgt-parent/contracts-and-testing/bex/configurables/configurations/module-export-ctcs.rkt>>> @ 0 using configured mutator #<procedure:mutate-benchmark>
[warning] mutation-runner: configured mutator #<procedure:mutate-benchmark> has no mutant #<mod: #<path:/Users/nhejduk/Research-Local/blgt-parent/gtp-benchmarks/benchmarks/kcfa/untyped/structs.rkt> #<syntax from #<path:/Users/nhejduk/Research-Local/blgt-parent/contracts-and-testing/bex/configurables/configurations/module-export-ctcs.rkt>>> @ 0
[info] mutation-runner: Mutating module #<mod: #<path:/Users/nhejduk/Research-Local/blgt-parent/gtp-benchmarks/benchmarks/kcfa/untyped/time.rkt> #<syntax from #<path:/Users/nhejduk/Research-Local/blgt-parent/contracts-and-testing/bex/configurables/configurations/module-export-ctcs.rkt>>> @ 10050 using configured mutator #<procedure:mutate-benchmark>
[warning] mutation-runner: configured mutator #<procedure:mutate-benchmark> has no mutant #<mod: #<path:/Users/nhejduk/Research-Local/blgt-parent/gtp-benchmarks/benchmarks/kcfa/untyped/time.rkt> #<syntax from #<path:/Users/nhejduk/Research-Local/blgt-parent/contracts-and-testing/bex/configurables/configurations/module-export-ctcs.rkt>>> @ 10050
[info] mutation-runner: Mutating module #<mod: #<path:/Users/nhejduk/Research-Local/blgt-parent/gtp-benchmarks/benchmarks/kcfa/untyped/time.rkt> #<syntax from #<path:/Users/nhejduk/Research-Local/blgt-parent/contracts-and-testing/bex/configurables/configurations/module-export-ctcs.rkt>>> @ 5024 using configured mutator #<procedure:mutate-benchmark>
[warning] mutation-runner: configured mutator #<procedure:mutate-benchmark> has no mutant #<mod: #<path:/Users/nhejduk/Research-Local/blgt-parent/gtp-benchmarks/benchmarks/kcfa/untyped/time.rkt> #<syntax from #<path:/Users/nhejduk/Research-Local/blgt-parent/contracts-and-testing/bex/configurables/configurations/module-export-ctcs.rkt>>> @ 5024
[info] mutation-runner: Mutating module #<mod: #<path:/Users/nhejduk/Research-Local/blgt-parent/gtp-benchmarks/benchmarks/kcfa/untyped/time.rkt> #<syntax from #<path:/Users/nhejduk/Research-Local/blgt-parent/contracts-and-testing/bex/configurables/configurations/module-export-ctcs.rkt>>> @ 2511 using configured mutator #<procedure:mutate-benchmark>
[warning] mutation-runner: configured mutator #<procedure:mutate-benchmark> has no mutant #<mod: #<path:/Users/nhejduk/Research-Local/blgt-parent/gtp-benchmarks/benchmarks/kcfa/untyped/time.rkt> #<syntax from #<path:/Users/nhejduk/Research-Local/blgt-parent/contracts-and-testing/bex/configurables/configurations/module-export-ctcs.rkt>>> @ 2511
[info] mutation-runner: Mutating module #<mod: #<path:/Users/nhejduk/Research-Local/blgt-parent/gtp-benchmarks/benchmarks/kcfa/untyped/time.rkt> #<syntax from #<path:/Users/nhejduk/Research-Local/blgt-parent/contracts-and-testing/bex/configurables/configurations/module-export-ctcs.rkt>>> @ 1255 using configured mutator #<procedure:mutate-benchmark>
[warning] mutation-runner: configured mutator #<procedure:mutate-benchmark> has no mutant #<mod: #<path:/Users/nhejduk/Research-Local/blgt-parent/gtp-benchmarks/benchmarks/kcfa/untyped/time.rkt> #<syntax from #<path:/Users/nhejduk/Research-Local/blgt-parent/contracts-and-testing/bex/configurables/configurations/module-export-ctcs.rkt>>> @ 1255
[info] mutation-runner: Mutating module #<mod: #<path:/Users/nhejduk/Research-Local/blgt-parent/gtp-benchmarks/benchmarks/kcfa/untyped/time.rkt> #<syntax from #<path:/Users/nhejduk/Research-Local/blgt-parent/contracts-and-testing/bex/configurables/configurations/module-export-ctcs.rkt>>> @ 627 using configured mutator #<procedure:mutate-benchmark>
[warning] mutation-runner: configured mutator #<procedure:mutate-benchmark> has no mutant #<mod: #<path:/Users/nhejduk/Research-Local/blgt-parent/gtp-benchmarks/benchmarks/kcfa/untyped/time.rkt> #<syntax from #<path:/Users/nhejduk/Research-Local/blgt-parent/contracts-and-testing/bex/configurables/configurations/module-export-ctcs.rkt>>> @ 627
[info] mutation-runner: Mutating module #<mod: #<path:/Users/nhejduk/Research-Local/blgt-parent/gtp-benchmarks/benchmarks/kcfa/untyped/time.rkt> #<syntax from #<path:/Users/nhejduk/Research-Local/blgt-parent/contracts-and-testing/bex/configurables/configurations/module-export-ctcs.rkt>>> @ 313 using configured mutator #<procedure:mutate-benchmark>
[warning] mutation-runner: configured mutator #<procedure:mutate-benchmark> has no mutant #<mod: #<path:/Users/nhejduk/Research-Local/blgt-parent/gtp-benchmarks/benchmarks/kcfa/untyped/time.rkt> #<syntax from #<path:/Users/nhejduk/Research-Local/blgt-parent/contracts-and-testing/bex/configurables/configurations/module-export-ctcs.rkt>>> @ 313
[info] mutation-runner: Mutating module #<mod: #<path:/Users/nhejduk/Research-Local/blgt-parent/gtp-benchmarks/benchmarks/kcfa/untyped/time.rkt> #<syntax from #<path:/Users/nhejduk/Research-Local/blgt-parent/contracts-and-testing/bex/configurables/configurations/module-export-ctcs.rkt>>> @ 156 using configured mutator #<procedure:mutate-benchmark>
[warning] mutation-runner: configured mutator #<procedure:mutate-benchmark> has no mutant #<mod: #<path:/Users/nhejduk/Research-Local/blgt-parent/gtp-benchmarks/benchmarks/kcfa/untyped/time.rkt> #<syntax from #<path:/Users/nhejduk/Research-Local/blgt-parent/contracts-and-testing/bex/configurables/configurations/module-export-ctcs.rkt>>> @ 156
[info] mutation-runner: Mutating module #<mod: #<path:/Users/nhejduk/Research-Local/blgt-parent/gtp-benchmarks/benchmarks/kcfa/untyped/time.rkt> #<syntax from #<path:/Users/nhejduk/Research-Local/blgt-parent/contracts-and-testing/bex/configurables/configurations/module-export-ctcs.rkt>>> @ 77 using configured mutator #<procedure:mutate-benchmark>
[warning] mutation-runner: configured mutator #<procedure:mutate-benchmark> has no mutant #<mod: #<path:/Users/nhejduk/Research-Local/blgt-parent/gtp-benchmarks/benchmarks/kcfa/untyped/time.rkt> #<syntax from #<path:/Users/nhejduk/Research-Local/blgt-parent/contracts-and-testing/bex/configurables/configurations/module-export-ctcs.rkt>>> @ 77
[info] mutation-runner: Mutating module #<mod: #<path:/Users/nhejduk/Research-Local/blgt-parent/gtp-benchmarks/benchmarks/kcfa/untyped/time.rkt> #<syntax from #<path:/Users/nhejduk/Research-Local/blgt-parent/contracts-and-testing/bex/configurables/configurations/module-export-ctcs.rkt>>> @ 38 using configured mutator #<procedure:mutate-benchmark>
[warning] mutation-runner: configured mutator #<procedure:mutate-benchmark> has no mutant #<mod: #<path:/Users/nhejduk/Research-Local/blgt-parent/gtp-benchmarks/benchmarks/kcfa/untyped/time.rkt> #<syntax from #<path:/Users/nhejduk/Research-Local/blgt-parent/contracts-and-testing/bex/configurables/configurations/module-export-ctcs.rkt>>> @ 38
[info] mutation-runner: Mutating module #<mod: #<path:/Users/nhejduk/Research-Local/blgt-parent/gtp-benchmarks/benchmarks/kcfa/untyped/time.rkt> #<syntax from #<path:/Users/nhejduk/Research-Local/blgt-parent/contracts-and-testing/bex/configurables/configurations/module-export-ctcs.rkt>>> @ 18 using configured mutator #<procedure:mutate-benchmark>
[warning] mutation-runner: configured mutator #<procedure:mutate-benchmark> has no mutant #<mod: #<path:/Users/nhejduk/Research-Local/blgt-parent/gtp-benchmarks/benchmarks/kcfa/untyped/time.rkt> #<syntax from #<path:/Users/nhejduk/Research-Local/blgt-parent/contracts-and-testing/bex/configurables/configurations/module-export-ctcs.rkt>>> @ 18
[info] mutation-runner: Mutating module #<mod: #<path:/Users/nhejduk/Research-Local/blgt-parent/gtp-benchmarks/benchmarks/kcfa/untyped/time.rkt> #<syntax from #<path:/Users/nhejduk/Research-Local/blgt-parent/contracts-and-testing/bex/configurables/configurations/module-export-ctcs.rkt>>> @ 8 using configured mutator #<procedure:mutate-benchmark>
[info] mutation-runner: Mutating module #<mod: #<path:/Users/nhejduk/Research-Local/blgt-parent/gtp-benchmarks/benchmarks/kcfa/untyped/time.rkt> #<syntax from #<path:/Users/nhejduk/Research-Local/blgt-parent/contracts-and-testing/bex/configurables/configurations/module-export-ctcs.rkt>>> @ 13 using configured mutator #<procedure:mutate-benchmark>
[warning] mutation-runner: configured mutator #<procedure:mutate-benchmark> has no mutant #<mod: #<path:/Users/nhejduk/Research-Local/blgt-parent/gtp-benchmarks/benchmarks/kcfa/untyped/time.rkt> #<syntax from #<path:/Users/nhejduk/Research-Local/blgt-parent/contracts-and-testing/bex/configurables/configurations/module-export-ctcs.rkt>>> @ 13
[info] mutation-runner: Mutating module #<mod: #<path:/Users/nhejduk/Research-Local/blgt-parent/gtp-benchmarks/benchmarks/kcfa/untyped/time.rkt> #<syntax from #<path:/Users/nhejduk/Research-Local/blgt-parent/contracts-and-testing/bex/configurables/configurations/module-export-ctcs.rkt>>> @ 10 using configured mutator #<procedure:mutate-benchmark>
[info] mutation-runner: Mutating module #<mod: #<path:/Users/nhejduk/Research-Local/blgt-parent/gtp-benchmarks/benchmarks/kcfa/untyped/time.rkt> #<syntax from #<path:/Users/nhejduk/Research-Local/blgt-parent/contracts-and-testing/bex/configurables/configurations/module-export-ctcs.rkt>>> @ 11 using configured mutator #<procedure:mutate-benchmark>
[info] mutation-runner: Mutating module #<mod: #<path:/Users/nhejduk/Research-Local/blgt-parent/gtp-benchmarks/benchmarks/kcfa/untyped/time.rkt> #<syntax from #<path:/Users/nhejduk/Research-Local/blgt-parent/contracts-and-testing/bex/configurables/configurations/module-export-ctcs.rkt>>> @ 12 using configured mutator #<procedure:mutate-benchmark>
[info] mutation-runner: Mutating module #<mod: #<path:/Users/nhejduk/Research-Local/blgt-parent/gtp-benchmarks/benchmarks/kcfa/untyped/ui.rkt> #<syntax from #<path:/Users/nhejduk/Research-Local/blgt-parent/contracts-and-testing/bex/configurables/configurations/module-export-ctcs.rkt>>> @ 10050 using configured mutator #<procedure:mutate-benchmark>
[warning] mutation-runner: configured mutator #<procedure:mutate-benchmark> has no mutant #<mod: #<path:/Users/nhejduk/Research-Local/blgt-parent/gtp-benchmarks/benchmarks/kcfa/untyped/ui.rkt> #<syntax from #<path:/Users/nhejduk/Research-Local/blgt-parent/contracts-and-testing/bex/configurables/configurations/module-export-ctcs.rkt>>> @ 10050
[info] mutation-runner: Mutating module #<mod: #<path:/Users/nhejduk/Research-Local/blgt-parent/gtp-benchmarks/benchmarks/kcfa/untyped/ui.rkt> #<syntax from #<path:/Users/nhejduk/Research-Local/blgt-parent/contracts-and-testing/bex/configurables/configurations/module-export-ctcs.rkt>>> @ 5024 using configured mutator #<procedure:mutate-benchmark>
[warning] mutation-runner: configured mutator #<procedure:mutate-benchmark> has no mutant #<mod: #<path:/Users/nhejduk/Research-Local/blgt-parent/gtp-benchmarks/benchmarks/kcfa/untyped/ui.rkt> #<syntax from #<path:/Users/nhejduk/Research-Local/blgt-parent/contracts-and-testing/bex/configurables/configurations/module-export-ctcs.rkt>>> @ 5024
[info] mutation-runner: Mutating module #<mod: #<path:/Users/nhejduk/Research-Local/blgt-parent/gtp-benchmarks/benchmarks/kcfa/untyped/ui.rkt> #<syntax from #<path:/Users/nhejduk/Research-Local/blgt-parent/contracts-and-testing/bex/configurables/configurations/module-export-ctcs.rkt>>> @ 2511 using configured mutator #<procedure:mutate-benchmark>
[warning] mutation-runner: configured mutator #<procedure:mutate-benchmark> has no mutant #<mod: #<path:/Users/nhejduk/Research-Local/blgt-parent/gtp-benchmarks/benchmarks/kcfa/untyped/ui.rkt> #<syntax from #<path:/Users/nhejduk/Research-Local/blgt-parent/contracts-and-testing/bex/configurables/configurations/module-export-ctcs.rkt>>> @ 2511
[info] mutation-runner: Mutating module #<mod: #<path:/Users/nhejduk/Research-Local/blgt-parent/gtp-benchmarks/benchmarks/kcfa/untyped/ui.rkt> #<syntax from #<path:/Users/nhejduk/Research-Local/blgt-parent/contracts-and-testing/bex/configurables/configurations/module-export-ctcs.rkt>>> @ 1255 using configured mutator #<procedure:mutate-benchmark>
[warning] mutation-runner: configured mutator #<procedure:mutate-benchmark> has no mutant #<mod: #<path:/Users/nhejduk/Research-Local/blgt-parent/gtp-benchmarks/benchmarks/kcfa/untyped/ui.rkt> #<syntax from #<path:/Users/nhejduk/Research-Local/blgt-parent/contracts-and-testing/bex/configurables/configurations/module-export-ctcs.rkt>>> @ 1255
[info] mutation-runner: Mutating module #<mod: #<path:/Users/nhejduk/Research-Local/blgt-parent/gtp-benchmarks/benchmarks/kcfa/untyped/ui.rkt> #<syntax from #<path:/Users/nhejduk/Research-Local/blgt-parent/contracts-and-testing/bex/configurables/configurations/module-export-ctcs.rkt>>> @ 627 using configured mutator #<procedure:mutate-benchmark>
[warning] mutation-runner: configured mutator #<procedure:mutate-benchmark> has no mutant #<mod: #<path:/Users/nhejduk/Research-Local/blgt-parent/gtp-benchmarks/benchmarks/kcfa/untyped/ui.rkt> #<syntax from #<path:/Users/nhejduk/Research-Local/blgt-parent/contracts-and-testing/bex/configurables/configurations/module-export-ctcs.rkt>>> @ 627
[info] mutation-runner: Mutating module #<mod: #<path:/Users/nhejduk/Research-Local/blgt-parent/gtp-benchmarks/benchmarks/kcfa/untyped/ui.rkt> #<syntax from #<path:/Users/nhejduk/Research-Local/blgt-parent/contracts-and-testing/bex/configurables/configurations/module-export-ctcs.rkt>>> @ 313 using configured mutator #<procedure:mutate-benchmark>
[warning] mutation-runner: configured mutator #<procedure:mutate-benchmark> has no mutant #<mod: #<path:/Users/nhejduk/Research-Local/blgt-parent/gtp-benchmarks/benchmarks/kcfa/untyped/ui.rkt> #<syntax from #<path:/Users/nhejduk/Research-Local/blgt-parent/contracts-and-testing/bex/configurables/configurations/module-export-ctcs.rkt>>> @ 313
[info] mutation-runner: Mutating module #<mod: #<path:/Users/nhejduk/Research-Local/blgt-parent/gtp-benchmarks/benchmarks/kcfa/untyped/ui.rkt> #<syntax from #<path:/Users/nhejduk/Research-Local/blgt-parent/contracts-and-testing/bex/configurables/configurations/module-export-ctcs.rkt>>> @ 156 using configured mutator #<procedure:mutate-benchmark>
[warning] mutation-runner: configured mutator #<procedure:mutate-benchmark> has no mutant #<mod: #<path:/Users/nhejduk/Research-Local/blgt-parent/gtp-benchmarks/benchmarks/kcfa/untyped/ui.rkt> #<syntax from #<path:/Users/nhejduk/Research-Local/blgt-parent/contracts-and-testing/bex/configurables/configurations/module-export-ctcs.rkt>>> @ 156
[info] mutation-runner: Mutating module #<mod: #<path:/Users/nhejduk/Research-Local/blgt-parent/gtp-benchmarks/benchmarks/kcfa/untyped/ui.rkt> #<syntax from #<path:/Users/nhejduk/Research-Local/blgt-parent/contracts-and-testing/bex/configurables/configurations/module-export-ctcs.rkt>>> @ 77 using configured mutator #<procedure:mutate-benchmark>
[warning] mutation-runner: configured mutator #<procedure:mutate-benchmark> has no mutant #<mod: #<path:/Users/nhejduk/Research-Local/blgt-parent/gtp-benchmarks/benchmarks/kcfa/untyped/ui.rkt> #<syntax from #<path:/Users/nhejduk/Research-Local/blgt-parent/contracts-and-testing/bex/configurables/configurations/module-export-ctcs.rkt>>> @ 77
[info] mutation-runner: Mutating module #<mod: #<path:/Users/nhejduk/Research-Local/blgt-parent/gtp-benchmarks/benchmarks/kcfa/untyped/ui.rkt> #<syntax from #<path:/Users/nhejduk/Research-Local/blgt-parent/contracts-and-testing/bex/configurables/configurations/module-export-ctcs.rkt>>> @ 38 using configured mutator #<procedure:mutate-benchmark>
[warning] mutation-runner: configured mutator #<procedure:mutate-benchmark> has no mutant #<mod: #<path:/Users/nhejduk/Research-Local/blgt-parent/gtp-benchmarks/benchmarks/kcfa/untyped/ui.rkt> #<syntax from #<path:/Users/nhejduk/Research-Local/blgt-parent/contracts-and-testing/bex/configurables/configurations/module-export-ctcs.rkt>>> @ 38
[info] mutation-runner: Mutating module #<mod: #<path:/Users/nhejduk/Research-Local/blgt-parent/gtp-benchmarks/benchmarks/kcfa/untyped/ui.rkt> #<syntax from #<path:/Users/nhejduk/Research-Local/blgt-parent/contracts-and-testing/bex/configurables/configurations/module-export-ctcs.rkt>>> @ 18 using configured mutator #<procedure:mutate-benchmark>
[info] mutation-runner: Mutating module #<mod: #<path:/Users/nhejduk/Research-Local/blgt-parent/gtp-benchmarks/benchmarks/kcfa/untyped/ui.rkt> #<syntax from #<path:/Users/nhejduk/Research-Local/blgt-parent/contracts-and-testing/bex/configurables/configurations/module-export-ctcs.rkt>>> @ 28 using configured mutator #<procedure:mutate-benchmark>
[info] mutation-runner: Mutating module #<mod: #<path:/Users/nhejduk/Research-Local/blgt-parent/gtp-benchmarks/benchmarks/kcfa/untyped/ui.rkt> #<syntax from #<path:/Users/nhejduk/Research-Local/blgt-parent/contracts-and-testing/bex/configurables/configurations/module-export-ctcs.rkt>>> @ 33 using configured mutator #<procedure:mutate-benchmark>
[warning] mutation-runner: configured mutator #<procedure:mutate-benchmark> has no mutant #<mod: #<path:/Users/nhejduk/Research-Local/blgt-parent/gtp-benchmarks/benchmarks/kcfa/untyped/ui.rkt> #<syntax from #<path:/Users/nhejduk/Research-Local/blgt-parent/contracts-and-testing/bex/configurables/configurations/module-export-ctcs.rkt>>> @ 33
[info] mutation-runner: Mutating module #<mod: #<path:/Users/nhejduk/Research-Local/blgt-parent/gtp-benchmarks/benchmarks/kcfa/untyped/ui.rkt> #<syntax from #<path:/Users/nhejduk/Research-Local/blgt-parent/contracts-and-testing/bex/configurables/configurations/module-export-ctcs.rkt>>> @ 30 using configured mutator #<procedure:mutate-benchmark>
[info] mutation-runner: Mutating module #<mod: #<path:/Users/nhejduk/Research-Local/blgt-parent/gtp-benchmarks/benchmarks/kcfa/untyped/ui.rkt> #<syntax from #<path:/Users/nhejduk/Research-Local/blgt-parent/contracts-and-testing/bex/configurables/configurations/module-export-ctcs.rkt>>> @ 31 using configured mutator #<procedure:mutate-benchmark>
[info] mutation-runner: Mutating module #<mod: #<path:/Users/nhejduk/Research-Local/blgt-parent/gtp-benchmarks/benchmarks/kcfa/untyped/ui.rkt> #<syntax from #<path:/Users/nhejduk/Research-Local/blgt-parent/contracts-and-testing/bex/configurables/configurations/module-export-ctcs.rkt>>> @ 32 using configured mutator #<procedure:mutate-benchmark>
mutation-analysis: Mutation analysis complete.
#hash((fail
       .
       #hash((begin-drop . 26)
             (constant-swap . 10)
             (negate-conditional . 5)
             (position-swap . 56)))
      (total . 97))
mutation-analysis: Beginning one mutation analysis.
[info] mutation-analysis: Beginning one mutation analysis.
mutation-analysis: Configured mutatable modules: ("ai.rkt" "benv.rkt" "denotable.rkt" "main.rkt" "structs.rkt" "time.rkt" "ui.rkt")
[info] mutation-analysis: Configured mutatable modules: ("ai.rkt" "benv.rkt" "denotable.rkt" "main.rkt" "structs.rkt" "time.rkt" "ui.rkt")
[info] mutation-runner: Mutating module #<mod: #<path:/Users/nhejduk/Research-Local/blgt-parent/gtp-benchmarks/benchmarks/kcfa/untyped/ai.rkt> #<syntax from #<path:/Users/nhejduk/Research-Local/blgt-parent/contracts-and-testing/bex/configurables/configurations/module-export-ctcs.rkt>>> @ 10050 using configured mutator #<procedure:mutate-benchmark>
[warning] mutation-runner: configured mutator #<procedure:mutate-benchmark> has no mutant #<mod: #<path:/Users/nhejduk/Research-Local/blgt-parent/gtp-benchmarks/benchmarks/kcfa/untyped/ai.rkt> #<syntax from #<path:/Users/nhejduk/Research-Local/blgt-parent/contracts-and-testing/bex/configurables/configurations/module-export-ctcs.rkt>>> @ 10050
[info] mutation-runner: Mutating module #<mod: #<path:/Users/nhejduk/Research-Local/blgt-parent/gtp-benchmarks/benchmarks/kcfa/untyped/ai.rkt> #<syntax from #<path:/Users/nhejduk/Research-Local/blgt-parent/contracts-and-testing/bex/configurables/configurations/module-export-ctcs.rkt>>> @ 5024 using configured mutator #<procedure:mutate-benchmark>
[warning] mutation-runner: configured mutator #<procedure:mutate-benchmark> has no mutant #<mod: #<path:/Users/nhejduk/Research-Local/blgt-parent/gtp-benchmarks/benchmarks/kcfa/untyped/ai.rkt> #<syntax from #<path:/Users/nhejduk/Research-Local/blgt-parent/contracts-and-testing/bex/configurables/configurations/module-export-ctcs.rkt>>> @ 5024
[info] mutation-runner: Mutating module #<mod: #<path:/Users/nhejduk/Research-Local/blgt-parent/gtp-benchmarks/benchmarks/kcfa/untyped/ai.rkt> #<syntax from #<path:/Users/nhejduk/Research-Local/blgt-parent/contracts-and-testing/bex/configurables/configurations/module-export-ctcs.rkt>>> @ 2511 using configured mutator #<procedure:mutate-benchmark>
[warning] mutation-runner: configured mutator #<procedure:mutate-benchmark> has no mutant #<mod: #<path:/Users/nhejduk/Research-Local/blgt-parent/gtp-benchmarks/benchmarks/kcfa/untyped/ai.rkt> #<syntax from #<path:/Users/nhejduk/Research-Local/blgt-parent/contracts-and-testing/bex/configurables/configurations/module-export-ctcs.rkt>>> @ 2511
[info] mutation-runner: Mutating module #<mod: #<path:/Users/nhejduk/Research-Local/blgt-parent/gtp-benchmarks/benchmarks/kcfa/untyped/ai.rkt> #<syntax from #<path:/Users/nhejduk/Research-Local/blgt-parent/contracts-and-testing/bex/configurables/configurations/module-export-ctcs.rkt>>> @ 1255 using configured mutator #<procedure:mutate-benchmark>
[warning] mutation-runner: configured mutator #<procedure:mutate-benchmark> has no mutant #<mod: #<path:/Users/nhejduk/Research-Local/blgt-parent/gtp-benchmarks/benchmarks/kcfa/untyped/ai.rkt> #<syntax from #<path:/Users/nhejduk/Research-Local/blgt-parent/contracts-and-testing/bex/configurables/configurations/module-export-ctcs.rkt>>> @ 1255
[info] mutation-runner: Mutating module #<mod: #<path:/Users/nhejduk/Research-Local/blgt-parent/gtp-benchmarks/benchmarks/kcfa/untyped/ai.rkt> #<syntax from #<path:/Users/nhejduk/Research-Local/blgt-parent/contracts-and-testing/bex/configurables/configurations/module-export-ctcs.rkt>>> @ 627 using configured mutator #<procedure:mutate-benchmark>
[warning] mutation-runner: configured mutator #<procedure:mutate-benchmark> has no mutant #<mod: #<path:/Users/nhejduk/Research-Local/blgt-parent/gtp-benchmarks/benchmarks/kcfa/untyped/ai.rkt> #<syntax from #<path:/Users/nhejduk/Research-Local/blgt-parent/contracts-and-testing/bex/configurables/configurations/module-export-ctcs.rkt>>> @ 627
[info] mutation-runner: Mutating module #<mod: #<path:/Users/nhejduk/Research-Local/blgt-parent/gtp-benchmarks/benchmarks/kcfa/untyped/ai.rkt> #<syntax from #<path:/Users/nhejduk/Research-Local/blgt-parent/contracts-and-testing/bex/configurables/configurations/module-export-ctcs.rkt>>> @ 313 using configured mutator #<procedure:mutate-benchmark>
[warning] mutation-runner: configured mutator #<procedure:mutate-benchmark> has no mutant #<mod: #<path:/Users/nhejduk/Research-Local/blgt-parent/gtp-benchmarks/benchmarks/kcfa/untyped/ai.rkt> #<syntax from #<path:/Users/nhejduk/Research-Local/blgt-parent/contracts-and-testing/bex/configurables/configurations/module-export-ctcs.rkt>>> @ 313
[info] mutation-runner: Mutating module #<mod: #<path:/Users/nhejduk/Research-Local/blgt-parent/gtp-benchmarks/benchmarks/kcfa/untyped/ai.rkt> #<syntax from #<path:/Users/nhejduk/Research-Local/blgt-parent/contracts-and-testing/bex/configurables/configurations/module-export-ctcs.rkt>>> @ 156 using configured mutator #<procedure:mutate-benchmark>
[warning] mutation-runner: configured mutator #<procedure:mutate-benchmark> has no mutant #<mod: #<path:/Users/nhejduk/Research-Local/blgt-parent/gtp-benchmarks/benchmarks/kcfa/untyped/ai.rkt> #<syntax from #<path:/Users/nhejduk/Research-Local/blgt-parent/contracts-and-testing/bex/configurables/configurations/module-export-ctcs.rkt>>> @ 156
[info] mutation-runner: Mutating module #<mod: #<path:/Users/nhejduk/Research-Local/blgt-parent/gtp-benchmarks/benchmarks/kcfa/untyped/ai.rkt> #<syntax from #<path:/Users/nhejduk/Research-Local/blgt-parent/contracts-and-testing/bex/configurables/configurations/module-export-ctcs.rkt>>> @ 77 using configured mutator #<procedure:mutate-benchmark>
[warning] mutation-runner: configured mutator #<procedure:mutate-benchmark> has no mutant #<mod: #<path:/Users/nhejduk/Research-Local/blgt-parent/gtp-benchmarks/benchmarks/kcfa/untyped/ai.rkt> #<syntax from #<path:/Users/nhejduk/Research-Local/blgt-parent/contracts-and-testing/bex/configurables/configurations/module-export-ctcs.rkt>>> @ 77
[info] mutation-runner: Mutating module #<mod: #<path:/Users/nhejduk/Research-Local/blgt-parent/gtp-benchmarks/benchmarks/kcfa/untyped/ai.rkt> #<syntax from #<path:/Users/nhejduk/Research-Local/blgt-parent/contracts-and-testing/bex/configurables/configurations/module-export-ctcs.rkt>>> @ 38 using configured mutator #<procedure:mutate-benchmark>
[warning] mutation-runner: configured mutator #<procedure:mutate-benchmark> has no mutant #<mod: #<path:/Users/nhejduk/Research-Local/blgt-parent/gtp-benchmarks/benchmarks/kcfa/untyped/ai.rkt> #<syntax from #<path:/Users/nhejduk/Research-Local/blgt-parent/contracts-and-testing/bex/configurables/configurations/module-export-ctcs.rkt>>> @ 38
[info] mutation-runner: Mutating module #<mod: #<path:/Users/nhejduk/Research-Local/blgt-parent/gtp-benchmarks/benchmarks/kcfa/untyped/ai.rkt> #<syntax from #<path:/Users/nhejduk/Research-Local/blgt-parent/contracts-and-testing/bex/configurables/configurations/module-export-ctcs.rkt>>> @ 18 using configured mutator #<procedure:mutate-benchmark>
[info] mutation-runner: Mutating module #<mod: #<path:/Users/nhejduk/Research-Local/blgt-parent/gtp-benchmarks/benchmarks/kcfa/untyped/ai.rkt> #<syntax from #<path:/Users/nhejduk/Research-Local/blgt-parent/contracts-and-testing/bex/configurables/configurations/module-export-ctcs.rkt>>> @ 28 using configured mutator #<procedure:mutate-benchmark>
[info] mutation-runner: Mutating module #<mod: #<path:/Users/nhejduk/Research-Local/blgt-parent/gtp-benchmarks/benchmarks/kcfa/untyped/ai.rkt> #<syntax from #<path:/Users/nhejduk/Research-Local/blgt-parent/contracts-and-testing/bex/configurables/configurations/module-export-ctcs.rkt>>> @ 33 using configured mutator #<procedure:mutate-benchmark>
[info] mutation-runner: Mutating module #<mod: #<path:/Users/nhejduk/Research-Local/blgt-parent/gtp-benchmarks/benchmarks/kcfa/untyped/ai.rkt> #<syntax from #<path:/Users/nhejduk/Research-Local/blgt-parent/contracts-and-testing/bex/configurables/configurations/module-export-ctcs.rkt>>> @ 35 using configured mutator #<procedure:mutate-benchmark>
[info] mutation-runner: Mutating module #<mod: #<path:/Users/nhejduk/Research-Local/blgt-parent/gtp-benchmarks/benchmarks/kcfa/untyped/ai.rkt> #<syntax from #<path:/Users/nhejduk/Research-Local/blgt-parent/contracts-and-testing/bex/configurables/configurations/module-export-ctcs.rkt>>> @ 36 using configured mutator #<procedure:mutate-benchmark>
[info] mutation-runner: Mutating module #<mod: #<path:/Users/nhejduk/Research-Local/blgt-parent/gtp-benchmarks/benchmarks/kcfa/untyped/ai.rkt> #<syntax from #<path:/Users/nhejduk/Research-Local/blgt-parent/contracts-and-testing/bex/configurables/configurations/module-export-ctcs.rkt>>> @ 37 using configured mutator #<procedure:mutate-benchmark>
[info] mutation-runner: Mutating module #<mod: #<path:/Users/nhejduk/Research-Local/blgt-parent/gtp-benchmarks/benchmarks/kcfa/untyped/benv.rkt> #<syntax from #<path:/Users/nhejduk/Research-Local/blgt-parent/contracts-and-testing/bex/configurables/configurations/module-export-ctcs.rkt>>> @ 10050 using configured mutator #<procedure:mutate-benchmark>
[warning] mutation-runner: configured mutator #<procedure:mutate-benchmark> has no mutant #<mod: #<path:/Users/nhejduk/Research-Local/blgt-parent/gtp-benchmarks/benchmarks/kcfa/untyped/benv.rkt> #<syntax from #<path:/Users/nhejduk/Research-Local/blgt-parent/contracts-and-testing/bex/configurables/configurations/module-export-ctcs.rkt>>> @ 10050
[info] mutation-runner: Mutating module #<mod: #<path:/Users/nhejduk/Research-Local/blgt-parent/gtp-benchmarks/benchmarks/kcfa/untyped/benv.rkt> #<syntax from #<path:/Users/nhejduk/Research-Local/blgt-parent/contracts-and-testing/bex/configurables/configurations/module-export-ctcs.rkt>>> @ 5024 using configured mutator #<procedure:mutate-benchmark>
[warning] mutation-runner: configured mutator #<procedure:mutate-benchmark> has no mutant #<mod: #<path:/Users/nhejduk/Research-Local/blgt-parent/gtp-benchmarks/benchmarks/kcfa/untyped/benv.rkt> #<syntax from #<path:/Users/nhejduk/Research-Local/blgt-parent/contracts-and-testing/bex/configurables/configurations/module-export-ctcs.rkt>>> @ 5024
[info] mutation-runner: Mutating module #<mod: #<path:/Users/nhejduk/Research-Local/blgt-parent/gtp-benchmarks/benchmarks/kcfa/untyped/benv.rkt> #<syntax from #<path:/Users/nhejduk/Research-Local/blgt-parent/contracts-and-testing/bex/configurables/configurations/module-export-ctcs.rkt>>> @ 2511 using configured mutator #<procedure:mutate-benchmark>
[warning] mutation-runner: configured mutator #<procedure:mutate-benchmark> has no mutant #<mod: #<path:/Users/nhejduk/Research-Local/blgt-parent/gtp-benchmarks/benchmarks/kcfa/untyped/benv.rkt> #<syntax from #<path:/Users/nhejduk/Research-Local/blgt-parent/contracts-and-testing/bex/configurables/configurations/module-export-ctcs.rkt>>> @ 2511
[info] mutation-runner: Mutating module #<mod: #<path:/Users/nhejduk/Research-Local/blgt-parent/gtp-benchmarks/benchmarks/kcfa/untyped/benv.rkt> #<syntax from #<path:/Users/nhejduk/Research-Local/blgt-parent/contracts-and-testing/bex/configurables/configurations/module-export-ctcs.rkt>>> @ 1255 using configured mutator #<procedure:mutate-benchmark>
[warning] mutation-runner: configured mutator #<procedure:mutate-benchmark> has no mutant #<mod: #<path:/Users/nhejduk/Research-Local/blgt-parent/gtp-benchmarks/benchmarks/kcfa/untyped/benv.rkt> #<syntax from #<path:/Users/nhejduk/Research-Local/blgt-parent/contracts-and-testing/bex/configurables/configurations/module-export-ctcs.rkt>>> @ 1255
[info] mutation-runner: Mutating module #<mod: #<path:/Users/nhejduk/Research-Local/blgt-parent/gtp-benchmarks/benchmarks/kcfa/untyped/benv.rkt> #<syntax from #<path:/Users/nhejduk/Research-Local/blgt-parent/contracts-and-testing/bex/configurables/configurations/module-export-ctcs.rkt>>> @ 627 using configured mutator #<procedure:mutate-benchmark>
[warning] mutation-runner: configured mutator #<procedure:mutate-benchmark> has no mutant #<mod: #<path:/Users/nhejduk/Research-Local/blgt-parent/gtp-benchmarks/benchmarks/kcfa/untyped/benv.rkt> #<syntax from #<path:/Users/nhejduk/Research-Local/blgt-parent/contracts-and-testing/bex/configurables/configurations/module-export-ctcs.rkt>>> @ 627
[info] mutation-runner: Mutating module #<mod: #<path:/Users/nhejduk/Research-Local/blgt-parent/gtp-benchmarks/benchmarks/kcfa/untyped/benv.rkt> #<syntax from #<path:/Users/nhejduk/Research-Local/blgt-parent/contracts-and-testing/bex/configurables/configurations/module-export-ctcs.rkt>>> @ 313 using configured mutator #<procedure:mutate-benchmark>
[warning] mutation-runner: configured mutator #<procedure:mutate-benchmark> has no mutant #<mod: #<path:/Users/nhejduk/Research-Local/blgt-parent/gtp-benchmarks/benchmarks/kcfa/untyped/benv.rkt> #<syntax from #<path:/Users/nhejduk/Research-Local/blgt-parent/contracts-and-testing/bex/configurables/configurations/module-export-ctcs.rkt>>> @ 313
[info] mutation-runner: Mutating module #<mod: #<path:/Users/nhejduk/Research-Local/blgt-parent/gtp-benchmarks/benchmarks/kcfa/untyped/benv.rkt> #<syntax from #<path:/Users/nhejduk/Research-Local/blgt-parent/contracts-and-testing/bex/configurables/configurations/module-export-ctcs.rkt>>> @ 156 using configured mutator #<procedure:mutate-benchmark>
[warning] mutation-runner: configured mutator #<procedure:mutate-benchmark> has no mutant #<mod: #<path:/Users/nhejduk/Research-Local/blgt-parent/gtp-benchmarks/benchmarks/kcfa/untyped/benv.rkt> #<syntax from #<path:/Users/nhejduk/Research-Local/blgt-parent/contracts-and-testing/bex/configurables/configurations/module-export-ctcs.rkt>>> @ 156
[info] mutation-runner: Mutating module #<mod: #<path:/Users/nhejduk/Research-Local/blgt-parent/gtp-benchmarks/benchmarks/kcfa/untyped/benv.rkt> #<syntax from #<path:/Users/nhejduk/Research-Local/blgt-parent/contracts-and-testing/bex/configurables/configurations/module-export-ctcs.rkt>>> @ 77 using configured mutator #<procedure:mutate-benchmark>
[warning] mutation-runner: configured mutator #<procedure:mutate-benchmark> has no mutant #<mod: #<path:/Users/nhejduk/Research-Local/blgt-parent/gtp-benchmarks/benchmarks/kcfa/untyped/benv.rkt> #<syntax from #<path:/Users/nhejduk/Research-Local/blgt-parent/contracts-and-testing/bex/configurables/configurations/module-export-ctcs.rkt>>> @ 77
[info] mutation-runner: Mutating module #<mod: #<path:/Users/nhejduk/Research-Local/blgt-parent/gtp-benchmarks/benchmarks/kcfa/untyped/benv.rkt> #<syntax from #<path:/Users/nhejduk/Research-Local/blgt-parent/contracts-and-testing/bex/configurables/configurations/module-export-ctcs.rkt>>> @ 38 using configured mutator #<procedure:mutate-benchmark>
[warning] mutation-runner: configured mutator #<procedure:mutate-benchmark> has no mutant #<mod: #<path:/Users/nhejduk/Research-Local/blgt-parent/gtp-benchmarks/benchmarks/kcfa/untyped/benv.rkt> #<syntax from #<path:/Users/nhejduk/Research-Local/blgt-parent/contracts-and-testing/bex/configurables/configurations/module-export-ctcs.rkt>>> @ 38
[info] mutation-runner: Mutating module #<mod: #<path:/Users/nhejduk/Research-Local/blgt-parent/gtp-benchmarks/benchmarks/kcfa/untyped/benv.rkt> #<syntax from #<path:/Users/nhejduk/Research-Local/blgt-parent/contracts-and-testing/bex/configurables/configurations/module-export-ctcs.rkt>>> @ 18 using configured mutator #<procedure:mutate-benchmark>
[warning] mutation-runner: configured mutator #<procedure:mutate-benchmark> has no mutant #<mod: #<path:/Users/nhejduk/Research-Local/blgt-parent/gtp-benchmarks/benchmarks/kcfa/untyped/benv.rkt> #<syntax from #<path:/Users/nhejduk/Research-Local/blgt-parent/contracts-and-testing/bex/configurables/configurations/module-export-ctcs.rkt>>> @ 18
[info] mutation-runner: Mutating module #<mod: #<path:/Users/nhejduk/Research-Local/blgt-parent/gtp-benchmarks/benchmarks/kcfa/untyped/benv.rkt> #<syntax from #<path:/Users/nhejduk/Research-Local/blgt-parent/contracts-and-testing/bex/configurables/configurations/module-export-ctcs.rkt>>> @ 8 using configured mutator #<procedure:mutate-benchmark>
[warning] mutation-runner: configured mutator #<procedure:mutate-benchmark> has no mutant #<mod: #<path:/Users/nhejduk/Research-Local/blgt-parent/gtp-benchmarks/benchmarks/kcfa/untyped/benv.rkt> #<syntax from #<path:/Users/nhejduk/Research-Local/blgt-parent/contracts-and-testing/bex/configurables/configurations/module-export-ctcs.rkt>>> @ 8
[info] mutation-runner: Mutating module #<mod: #<path:/Users/nhejduk/Research-Local/blgt-parent/gtp-benchmarks/benchmarks/kcfa/untyped/benv.rkt> #<syntax from #<path:/Users/nhejduk/Research-Local/blgt-parent/contracts-and-testing/bex/configurables/configurations/module-export-ctcs.rkt>>> @ 3 using configured mutator #<procedure:mutate-benchmark>
[warning] mutation-runner: configured mutator #<procedure:mutate-benchmark> has no mutant #<mod: #<path:/Users/nhejduk/Research-Local/blgt-parent/gtp-benchmarks/benchmarks/kcfa/untyped/benv.rkt> #<syntax from #<path:/Users/nhejduk/Research-Local/blgt-parent/contracts-and-testing/bex/configurables/configurations/module-export-ctcs.rkt>>> @ 3
[info] mutation-runner: Mutating module #<mod: #<path:/Users/nhejduk/Research-Local/blgt-parent/gtp-benchmarks/benchmarks/kcfa/untyped/benv.rkt> #<syntax from #<path:/Users/nhejduk/Research-Local/blgt-parent/contracts-and-testing/bex/configurables/configurations/module-export-ctcs.rkt>>> @ 1 using configured mutator #<procedure:mutate-benchmark>
[info] mutation-runner: Mutating module #<mod: #<path:/Users/nhejduk/Research-Local/blgt-parent/gtp-benchmarks/benchmarks/kcfa/untyped/benv.rkt> #<syntax from #<path:/Users/nhejduk/Research-Local/blgt-parent/contracts-and-testing/bex/configurables/configurations/module-export-ctcs.rkt>>> @ 2 using configured mutator #<procedure:mutate-benchmark>
[warning] mutation-runner: configured mutator #<procedure:mutate-benchmark> has no mutant #<mod: #<path:/Users/nhejduk/Research-Local/blgt-parent/gtp-benchmarks/benchmarks/kcfa/untyped/benv.rkt> #<syntax from #<path:/Users/nhejduk/Research-Local/blgt-parent/contracts-and-testing/bex/configurables/configurations/module-export-ctcs.rkt>>> @ 2
[info] mutation-runner: Mutating module #<mod: #<path:/Users/nhejduk/Research-Local/blgt-parent/gtp-benchmarks/benchmarks/kcfa/untyped/denotable.rkt> #<syntax from #<path:/Users/nhejduk/Research-Local/blgt-parent/contracts-and-testing/bex/configurables/configurations/module-export-ctcs.rkt>>> @ 10050 using configured mutator #<procedure:mutate-benchmark>
[warning] mutation-runner: configured mutator #<procedure:mutate-benchmark> has no mutant #<mod: #<path:/Users/nhejduk/Research-Local/blgt-parent/gtp-benchmarks/benchmarks/kcfa/untyped/denotable.rkt> #<syntax from #<path:/Users/nhejduk/Research-Local/blgt-parent/contracts-and-testing/bex/configurables/configurations/module-export-ctcs.rkt>>> @ 10050
[info] mutation-runner: Mutating module #<mod: #<path:/Users/nhejduk/Research-Local/blgt-parent/gtp-benchmarks/benchmarks/kcfa/untyped/denotable.rkt> #<syntax from #<path:/Users/nhejduk/Research-Local/blgt-parent/contracts-and-testing/bex/configurables/configurations/module-export-ctcs.rkt>>> @ 5024 using configured mutator #<procedure:mutate-benchmark>
[warning] mutation-runner: configured mutator #<procedure:mutate-benchmark> has no mutant #<mod: #<path:/Users/nhejduk/Research-Local/blgt-parent/gtp-benchmarks/benchmarks/kcfa/untyped/denotable.rkt> #<syntax from #<path:/Users/nhejduk/Research-Local/blgt-parent/contracts-and-testing/bex/configurables/configurations/module-export-ctcs.rkt>>> @ 5024
[info] mutation-runner: Mutating module #<mod: #<path:/Users/nhejduk/Research-Local/blgt-parent/gtp-benchmarks/benchmarks/kcfa/untyped/denotable.rkt> #<syntax from #<path:/Users/nhejduk/Research-Local/blgt-parent/contracts-and-testing/bex/configurables/configurations/module-export-ctcs.rkt>>> @ 2511 using configured mutator #<procedure:mutate-benchmark>
[warning] mutation-runner: configured mutator #<procedure:mutate-benchmark> has no mutant #<mod: #<path:/Users/nhejduk/Research-Local/blgt-parent/gtp-benchmarks/benchmarks/kcfa/untyped/denotable.rkt> #<syntax from #<path:/Users/nhejduk/Research-Local/blgt-parent/contracts-and-testing/bex/configurables/configurations/module-export-ctcs.rkt>>> @ 2511
[info] mutation-runner: Mutating module #<mod: #<path:/Users/nhejduk/Research-Local/blgt-parent/gtp-benchmarks/benchmarks/kcfa/untyped/denotable.rkt> #<syntax from #<path:/Users/nhejduk/Research-Local/blgt-parent/contracts-and-testing/bex/configurables/configurations/module-export-ctcs.rkt>>> @ 1255 using configured mutator #<procedure:mutate-benchmark>
[warning] mutation-runner: configured mutator #<procedure:mutate-benchmark> has no mutant #<mod: #<path:/Users/nhejduk/Research-Local/blgt-parent/gtp-benchmarks/benchmarks/kcfa/untyped/denotable.rkt> #<syntax from #<path:/Users/nhejduk/Research-Local/blgt-parent/contracts-and-testing/bex/configurables/configurations/module-export-ctcs.rkt>>> @ 1255
[info] mutation-runner: Mutating module #<mod: #<path:/Users/nhejduk/Research-Local/blgt-parent/gtp-benchmarks/benchmarks/kcfa/untyped/denotable.rkt> #<syntax from #<path:/Users/nhejduk/Research-Local/blgt-parent/contracts-and-testing/bex/configurables/configurations/module-export-ctcs.rkt>>> @ 627 using configured mutator #<procedure:mutate-benchmark>
[warning] mutation-runner: configured mutator #<procedure:mutate-benchmark> has no mutant #<mod: #<path:/Users/nhejduk/Research-Local/blgt-parent/gtp-benchmarks/benchmarks/kcfa/untyped/denotable.rkt> #<syntax from #<path:/Users/nhejduk/Research-Local/blgt-parent/contracts-and-testing/bex/configurables/configurations/module-export-ctcs.rkt>>> @ 627
[info] mutation-runner: Mutating module #<mod: #<path:/Users/nhejduk/Research-Local/blgt-parent/gtp-benchmarks/benchmarks/kcfa/untyped/denotable.rkt> #<syntax from #<path:/Users/nhejduk/Research-Local/blgt-parent/contracts-and-testing/bex/configurables/configurations/module-export-ctcs.rkt>>> @ 313 using configured mutator #<procedure:mutate-benchmark>
[warning] mutation-runner: configured mutator #<procedure:mutate-benchmark> has no mutant #<mod: #<path:/Users/nhejduk/Research-Local/blgt-parent/gtp-benchmarks/benchmarks/kcfa/untyped/denotable.rkt> #<syntax from #<path:/Users/nhejduk/Research-Local/blgt-parent/contracts-and-testing/bex/configurables/configurations/module-export-ctcs.rkt>>> @ 313
[info] mutation-runner: Mutating module #<mod: #<path:/Users/nhejduk/Research-Local/blgt-parent/gtp-benchmarks/benchmarks/kcfa/untyped/denotable.rkt> #<syntax from #<path:/Users/nhejduk/Research-Local/blgt-parent/contracts-and-testing/bex/configurables/configurations/module-export-ctcs.rkt>>> @ 156 using configured mutator #<procedure:mutate-benchmark>
[warning] mutation-runner: configured mutator #<procedure:mutate-benchmark> has no mutant #<mod: #<path:/Users/nhejduk/Research-Local/blgt-parent/gtp-benchmarks/benchmarks/kcfa/untyped/denotable.rkt> #<syntax from #<path:/Users/nhejduk/Research-Local/blgt-parent/contracts-and-testing/bex/configurables/configurations/module-export-ctcs.rkt>>> @ 156
[info] mutation-runner: Mutating module #<mod: #<path:/Users/nhejduk/Research-Local/blgt-parent/gtp-benchmarks/benchmarks/kcfa/untyped/denotable.rkt> #<syntax from #<path:/Users/nhejduk/Research-Local/blgt-parent/contracts-and-testing/bex/configurables/configurations/module-export-ctcs.rkt>>> @ 77 using configured mutator #<procedure:mutate-benchmark>
[warning] mutation-runner: configured mutator #<procedure:mutate-benchmark> has no mutant #<mod: #<path:/Users/nhejduk/Research-Local/blgt-parent/gtp-benchmarks/benchmarks/kcfa/untyped/denotable.rkt> #<syntax from #<path:/Users/nhejduk/Research-Local/blgt-parent/contracts-and-testing/bex/configurables/configurations/module-export-ctcs.rkt>>> @ 77
[info] mutation-runner: Mutating module #<mod: #<path:/Users/nhejduk/Research-Local/blgt-parent/gtp-benchmarks/benchmarks/kcfa/untyped/denotable.rkt> #<syntax from #<path:/Users/nhejduk/Research-Local/blgt-parent/contracts-and-testing/bex/configurables/configurations/module-export-ctcs.rkt>>> @ 38 using configured mutator #<procedure:mutate-benchmark>
[warning] mutation-runner: configured mutator #<procedure:mutate-benchmark> has no mutant #<mod: #<path:/Users/nhejduk/Research-Local/blgt-parent/gtp-benchmarks/benchmarks/kcfa/untyped/denotable.rkt> #<syntax from #<path:/Users/nhejduk/Research-Local/blgt-parent/contracts-and-testing/bex/configurables/configurations/module-export-ctcs.rkt>>> @ 38
[info] mutation-runner: Mutating module #<mod: #<path:/Users/nhejduk/Research-Local/blgt-parent/gtp-benchmarks/benchmarks/kcfa/untyped/denotable.rkt> #<syntax from #<path:/Users/nhejduk/Research-Local/blgt-parent/contracts-and-testing/bex/configurables/configurations/module-export-ctcs.rkt>>> @ 18 using configured mutator #<procedure:mutate-benchmark>
[warning] mutation-runner: configured mutator #<procedure:mutate-benchmark> has no mutant #<mod: #<path:/Users/nhejduk/Research-Local/blgt-parent/gtp-benchmarks/benchmarks/kcfa/untyped/denotable.rkt> #<syntax from #<path:/Users/nhejduk/Research-Local/blgt-parent/contracts-and-testing/bex/configurables/configurations/module-export-ctcs.rkt>>> @ 18
[info] mutation-runner: Mutating module #<mod: #<path:/Users/nhejduk/Research-Local/blgt-parent/gtp-benchmarks/benchmarks/kcfa/untyped/denotable.rkt> #<syntax from #<path:/Users/nhejduk/Research-Local/blgt-parent/contracts-and-testing/bex/configurables/configurations/module-export-ctcs.rkt>>> @ 8 using configured mutator #<procedure:mutate-benchmark>
[info] mutation-runner: Mutating module #<mod: #<path:/Users/nhejduk/Research-Local/blgt-parent/gtp-benchmarks/benchmarks/kcfa/untyped/denotable.rkt> #<syntax from #<path:/Users/nhejduk/Research-Local/blgt-parent/contracts-and-testing/bex/configurables/configurations/module-export-ctcs.rkt>>> @ 13 using configured mutator #<procedure:mutate-benchmark>
[warning] mutation-runner: configured mutator #<procedure:mutate-benchmark> has no mutant #<mod: #<path:/Users/nhejduk/Research-Local/blgt-parent/gtp-benchmarks/benchmarks/kcfa/untyped/denotable.rkt> #<syntax from #<path:/Users/nhejduk/Research-Local/blgt-parent/contracts-and-testing/bex/configurables/configurations/module-export-ctcs.rkt>>> @ 13
[info] mutation-runner: Mutating module #<mod: #<path:/Users/nhejduk/Research-Local/blgt-parent/gtp-benchmarks/benchmarks/kcfa/untyped/denotable.rkt> #<syntax from #<path:/Users/nhejduk/Research-Local/blgt-parent/contracts-and-testing/bex/configurables/configurations/module-export-ctcs.rkt>>> @ 10 using configured mutator #<procedure:mutate-benchmark>
[info] mutation-runner: Mutating module #<mod: #<path:/Users/nhejduk/Research-Local/blgt-parent/gtp-benchmarks/benchmarks/kcfa/untyped/denotable.rkt> #<syntax from #<path:/Users/nhejduk/Research-Local/blgt-parent/contracts-and-testing/bex/configurables/configurations/module-export-ctcs.rkt>>> @ 11 using configured mutator #<procedure:mutate-benchmark>
[info] mutation-runner: Mutating module #<mod: #<path:/Users/nhejduk/Research-Local/blgt-parent/gtp-benchmarks/benchmarks/kcfa/untyped/denotable.rkt> #<syntax from #<path:/Users/nhejduk/Research-Local/blgt-parent/contracts-and-testing/bex/configurables/configurations/module-export-ctcs.rkt>>> @ 12 using configured mutator #<procedure:mutate-benchmark>
[warning] mutation-runner: configured mutator #<procedure:mutate-benchmark> has no mutant #<mod: #<path:/Users/nhejduk/Research-Local/blgt-parent/gtp-benchmarks/benchmarks/kcfa/untyped/denotable.rkt> #<syntax from #<path:/Users/nhejduk/Research-Local/blgt-parent/contracts-and-testing/bex/configurables/configurations/module-export-ctcs.rkt>>> @ 12
[info] mutation-runner: Mutating module #<mod: #<path:/Users/nhejduk/Research-Local/blgt-parent/gtp-benchmarks/benchmarks/kcfa/untyped/main.rkt> #<syntax from #<path:/Users/nhejduk/Research-Local/blgt-parent/contracts-and-testing/bex/configurables/configurations/module-export-ctcs.rkt>>> @ 10050 using configured mutator #<procedure:mutate-benchmark>
[warning] mutation-runner: configured mutator #<procedure:mutate-benchmark> has no mutant #<mod: #<path:/Users/nhejduk/Research-Local/blgt-parent/gtp-benchmarks/benchmarks/kcfa/untyped/main.rkt> #<syntax from #<path:/Users/nhejduk/Research-Local/blgt-parent/contracts-and-testing/bex/configurables/configurations/module-export-ctcs.rkt>>> @ 10050
[info] mutation-runner: Mutating module #<mod: #<path:/Users/nhejduk/Research-Local/blgt-parent/gtp-benchmarks/benchmarks/kcfa/untyped/main.rkt> #<syntax from #<path:/Users/nhejduk/Research-Local/blgt-parent/contracts-and-testing/bex/configurables/configurations/module-export-ctcs.rkt>>> @ 5024 using configured mutator #<procedure:mutate-benchmark>
[warning] mutation-runner: configured mutator #<procedure:mutate-benchmark> has no mutant #<mod: #<path:/Users/nhejduk/Research-Local/blgt-parent/gtp-benchmarks/benchmarks/kcfa/untyped/main.rkt> #<syntax from #<path:/Users/nhejduk/Research-Local/blgt-parent/contracts-and-testing/bex/configurables/configurations/module-export-ctcs.rkt>>> @ 5024
[info] mutation-runner: Mutating module #<mod: #<path:/Users/nhejduk/Research-Local/blgt-parent/gtp-benchmarks/benchmarks/kcfa/untyped/main.rkt> #<syntax from #<path:/Users/nhejduk/Research-Local/blgt-parent/contracts-and-testing/bex/configurables/configurations/module-export-ctcs.rkt>>> @ 2511 using configured mutator #<procedure:mutate-benchmark>
[warning] mutation-runner: configured mutator #<procedure:mutate-benchmark> has no mutant #<mod: #<path:/Users/nhejduk/Research-Local/blgt-parent/gtp-benchmarks/benchmarks/kcfa/untyped/main.rkt> #<syntax from #<path:/Users/nhejduk/Research-Local/blgt-parent/contracts-and-testing/bex/configurables/configurations/module-export-ctcs.rkt>>> @ 2511
[info] mutation-runner: Mutating module #<mod: #<path:/Users/nhejduk/Research-Local/blgt-parent/gtp-benchmarks/benchmarks/kcfa/untyped/main.rkt> #<syntax from #<path:/Users/nhejduk/Research-Local/blgt-parent/contracts-and-testing/bex/configurables/configurations/module-export-ctcs.rkt>>> @ 1255 using configured mutator #<procedure:mutate-benchmark>
[warning] mutation-runner: configured mutator #<procedure:mutate-benchmark> has no mutant #<mod: #<path:/Users/nhejduk/Research-Local/blgt-parent/gtp-benchmarks/benchmarks/kcfa/untyped/main.rkt> #<syntax from #<path:/Users/nhejduk/Research-Local/blgt-parent/contracts-and-testing/bex/configurables/configurations/module-export-ctcs.rkt>>> @ 1255
[info] mutation-runner: Mutating module #<mod: #<path:/Users/nhejduk/Research-Local/blgt-parent/gtp-benchmarks/benchmarks/kcfa/untyped/main.rkt> #<syntax from #<path:/Users/nhejduk/Research-Local/blgt-parent/contracts-and-testing/bex/configurables/configurations/module-export-ctcs.rkt>>> @ 627 using configured mutator #<procedure:mutate-benchmark>
[warning] mutation-runner: configured mutator #<procedure:mutate-benchmark> has no mutant #<mod: #<path:/Users/nhejduk/Research-Local/blgt-parent/gtp-benchmarks/benchmarks/kcfa/untyped/main.rkt> #<syntax from #<path:/Users/nhejduk/Research-Local/blgt-parent/contracts-and-testing/bex/configurables/configurations/module-export-ctcs.rkt>>> @ 627
[info] mutation-runner: Mutating module #<mod: #<path:/Users/nhejduk/Research-Local/blgt-parent/gtp-benchmarks/benchmarks/kcfa/untyped/main.rkt> #<syntax from #<path:/Users/nhejduk/Research-Local/blgt-parent/contracts-and-testing/bex/configurables/configurations/module-export-ctcs.rkt>>> @ 313 using configured mutator #<procedure:mutate-benchmark>
[warning] mutation-runner: configured mutator #<procedure:mutate-benchmark> has no mutant #<mod: #<path:/Users/nhejduk/Research-Local/blgt-parent/gtp-benchmarks/benchmarks/kcfa/untyped/main.rkt> #<syntax from #<path:/Users/nhejduk/Research-Local/blgt-parent/contracts-and-testing/bex/configurables/configurations/module-export-ctcs.rkt>>> @ 313
[info] mutation-runner: Mutating module #<mod: #<path:/Users/nhejduk/Research-Local/blgt-parent/gtp-benchmarks/benchmarks/kcfa/untyped/main.rkt> #<syntax from #<path:/Users/nhejduk/Research-Local/blgt-parent/contracts-and-testing/bex/configurables/configurations/module-export-ctcs.rkt>>> @ 156 using configured mutator #<procedure:mutate-benchmark>
[warning] mutation-runner: configured mutator #<procedure:mutate-benchmark> has no mutant #<mod: #<path:/Users/nhejduk/Research-Local/blgt-parent/gtp-benchmarks/benchmarks/kcfa/untyped/main.rkt> #<syntax from #<path:/Users/nhejduk/Research-Local/blgt-parent/contracts-and-testing/bex/configurables/configurations/module-export-ctcs.rkt>>> @ 156
[info] mutation-runner: Mutating module #<mod: #<path:/Users/nhejduk/Research-Local/blgt-parent/gtp-benchmarks/benchmarks/kcfa/untyped/main.rkt> #<syntax from #<path:/Users/nhejduk/Research-Local/blgt-parent/contracts-and-testing/bex/configurables/configurations/module-export-ctcs.rkt>>> @ 77 using configured mutator #<procedure:mutate-benchmark>
[warning] mutation-runner: configured mutator #<procedure:mutate-benchmark> has no mutant #<mod: #<path:/Users/nhejduk/Research-Local/blgt-parent/gtp-benchmarks/benchmarks/kcfa/untyped/main.rkt> #<syntax from #<path:/Users/nhejduk/Research-Local/blgt-parent/contracts-and-testing/bex/configurables/configurations/module-export-ctcs.rkt>>> @ 77
[info] mutation-runner: Mutating module #<mod: #<path:/Users/nhejduk/Research-Local/blgt-parent/gtp-benchmarks/benchmarks/kcfa/untyped/main.rkt> #<syntax from #<path:/Users/nhejduk/Research-Local/blgt-parent/contracts-and-testing/bex/configurables/configurations/module-export-ctcs.rkt>>> @ 38 using configured mutator #<procedure:mutate-benchmark>
[warning] mutation-runner: configured mutator #<procedure:mutate-benchmark> has no mutant #<mod: #<path:/Users/nhejduk/Research-Local/blgt-parent/gtp-benchmarks/benchmarks/kcfa/untyped/main.rkt> #<syntax from #<path:/Users/nhejduk/Research-Local/blgt-parent/contracts-and-testing/bex/configurables/configurations/module-export-ctcs.rkt>>> @ 38
[info] mutation-runner: Mutating module #<mod: #<path:/Users/nhejduk/Research-Local/blgt-parent/gtp-benchmarks/benchmarks/kcfa/untyped/main.rkt> #<syntax from #<path:/Users/nhejduk/Research-Local/blgt-parent/contracts-and-testing/bex/configurables/configurations/module-export-ctcs.rkt>>> @ 18 using configured mutator #<procedure:mutate-benchmark>
[warning] mutation-runner: configured mutator #<procedure:mutate-benchmark> has no mutant #<mod: #<path:/Users/nhejduk/Research-Local/blgt-parent/gtp-benchmarks/benchmarks/kcfa/untyped/main.rkt> #<syntax from #<path:/Users/nhejduk/Research-Local/blgt-parent/contracts-and-testing/bex/configurables/configurations/module-export-ctcs.rkt>>> @ 18
[info] mutation-runner: Mutating module #<mod: #<path:/Users/nhejduk/Research-Local/blgt-parent/gtp-benchmarks/benchmarks/kcfa/untyped/main.rkt> #<syntax from #<path:/Users/nhejduk/Research-Local/blgt-parent/contracts-and-testing/bex/configurables/configurations/module-export-ctcs.rkt>>> @ 8 using configured mutator #<procedure:mutate-benchmark>
[warning] mutation-runner: configured mutator #<procedure:mutate-benchmark> has no mutant #<mod: #<path:/Users/nhejduk/Research-Local/blgt-parent/gtp-benchmarks/benchmarks/kcfa/untyped/main.rkt> #<syntax from #<path:/Users/nhejduk/Research-Local/blgt-parent/contracts-and-testing/bex/configurables/configurations/module-export-ctcs.rkt>>> @ 8
[info] mutation-runner: Mutating module #<mod: #<path:/Users/nhejduk/Research-Local/blgt-parent/gtp-benchmarks/benchmarks/kcfa/untyped/main.rkt> #<syntax from #<path:/Users/nhejduk/Research-Local/blgt-parent/contracts-and-testing/bex/configurables/configurations/module-export-ctcs.rkt>>> @ 3 using configured mutator #<procedure:mutate-benchmark>
[warning] mutation-runner: configured mutator #<procedure:mutate-benchmark> has no mutant #<mod: #<path:/Users/nhejduk/Research-Local/blgt-parent/gtp-benchmarks/benchmarks/kcfa/untyped/main.rkt> #<syntax from #<path:/Users/nhejduk/Research-Local/blgt-parent/contracts-and-testing/bex/configurables/configurations/module-export-ctcs.rkt>>> @ 3
[info] mutation-runner: Mutating module #<mod: #<path:/Users/nhejduk/Research-Local/blgt-parent/gtp-benchmarks/benchmarks/kcfa/untyped/main.rkt> #<syntax from #<path:/Users/nhejduk/Research-Local/blgt-parent/contracts-and-testing/bex/configurables/configurations/module-export-ctcs.rkt>>> @ 1 using configured mutator #<procedure:mutate-benchmark>
[warning] mutation-runner: configured mutator #<procedure:mutate-benchmark> has no mutant #<mod: #<path:/Users/nhejduk/Research-Local/blgt-parent/gtp-benchmarks/benchmarks/kcfa/untyped/main.rkt> #<syntax from #<path:/Users/nhejduk/Research-Local/blgt-parent/contracts-and-testing/bex/configurables/configurations/module-export-ctcs.rkt>>> @ 1
[info] mutation-runner: Mutating module #<mod: #<path:/Users/nhejduk/Research-Local/blgt-parent/gtp-benchmarks/benchmarks/kcfa/untyped/main.rkt> #<syntax from #<path:/Users/nhejduk/Research-Local/blgt-parent/contracts-and-testing/bex/configurables/configurations/module-export-ctcs.rkt>>> @ 0 using configured mutator #<procedure:mutate-benchmark>
[warning] mutation-runner: configured mutator #<procedure:mutate-benchmark> has no mutant #<mod: #<path:/Users/nhejduk/Research-Local/blgt-parent/gtp-benchmarks/benchmarks/kcfa/untyped/main.rkt> #<syntax from #<path:/Users/nhejduk/Research-Local/blgt-parent/contracts-and-testing/bex/configurables/configurations/module-export-ctcs.rkt>>> @ 0
[info] mutation-runner: Mutating module #<mod: #<path:/Users/nhejduk/Research-Local/blgt-parent/gtp-benchmarks/benchmarks/kcfa/untyped/structs.rkt> #<syntax from #<path:/Users/nhejduk/Research-Local/blgt-parent/contracts-and-testing/bex/configurables/configurations/module-export-ctcs.rkt>>> @ 10050 using configured mutator #<procedure:mutate-benchmark>
[warning] mutation-runner: configured mutator #<procedure:mutate-benchmark> has no mutant #<mod: #<path:/Users/nhejduk/Research-Local/blgt-parent/gtp-benchmarks/benchmarks/kcfa/untyped/structs.rkt> #<syntax from #<path:/Users/nhejduk/Research-Local/blgt-parent/contracts-and-testing/bex/configurables/configurations/module-export-ctcs.rkt>>> @ 10050
[info] mutation-runner: Mutating module #<mod: #<path:/Users/nhejduk/Research-Local/blgt-parent/gtp-benchmarks/benchmarks/kcfa/untyped/structs.rkt> #<syntax from #<path:/Users/nhejduk/Research-Local/blgt-parent/contracts-and-testing/bex/configurables/configurations/module-export-ctcs.rkt>>> @ 5024 using configured mutator #<procedure:mutate-benchmark>
[warning] mutation-runner: configured mutator #<procedure:mutate-benchmark> has no mutant #<mod: #<path:/Users/nhejduk/Research-Local/blgt-parent/gtp-benchmarks/benchmarks/kcfa/untyped/structs.rkt> #<syntax from #<path:/Users/nhejduk/Research-Local/blgt-parent/contracts-and-testing/bex/configurables/configurations/module-export-ctcs.rkt>>> @ 5024
[info] mutation-runner: Mutating module #<mod: #<path:/Users/nhejduk/Research-Local/blgt-parent/gtp-benchmarks/benchmarks/kcfa/untyped/structs.rkt> #<syntax from #<path:/Users/nhejduk/Research-Local/blgt-parent/contracts-and-testing/bex/configurables/configurations/module-export-ctcs.rkt>>> @ 2511 using configured mutator #<procedure:mutate-benchmark>
[warning] mutation-runner: configured mutator #<procedure:mutate-benchmark> has no mutant #<mod: #<path:/Users/nhejduk/Research-Local/blgt-parent/gtp-benchmarks/benchmarks/kcfa/untyped/structs.rkt> #<syntax from #<path:/Users/nhejduk/Research-Local/blgt-parent/contracts-and-testing/bex/configurables/configurations/module-export-ctcs.rkt>>> @ 2511
[info] mutation-runner: Mutating module #<mod: #<path:/Users/nhejduk/Research-Local/blgt-parent/gtp-benchmarks/benchmarks/kcfa/untyped/structs.rkt> #<syntax from #<path:/Users/nhejduk/Research-Local/blgt-parent/contracts-and-testing/bex/configurables/configurations/module-export-ctcs.rkt>>> @ 1255 using configured mutator #<procedure:mutate-benchmark>
[warning] mutation-runner: configured mutator #<procedure:mutate-benchmark> has no mutant #<mod: #<path:/Users/nhejduk/Research-Local/blgt-parent/gtp-benchmarks/benchmarks/kcfa/untyped/structs.rkt> #<syntax from #<path:/Users/nhejduk/Research-Local/blgt-parent/contracts-and-testing/bex/configurables/configurations/module-export-ctcs.rkt>>> @ 1255
[info] mutation-runner: Mutating module #<mod: #<path:/Users/nhejduk/Research-Local/blgt-parent/gtp-benchmarks/benchmarks/kcfa/untyped/structs.rkt> #<syntax from #<path:/Users/nhejduk/Research-Local/blgt-parent/contracts-and-testing/bex/configurables/configurations/module-export-ctcs.rkt>>> @ 627 using configured mutator #<procedure:mutate-benchmark>
[warning] mutation-runner: configured mutator #<procedure:mutate-benchmark> has no mutant #<mod: #<path:/Users/nhejduk/Research-Local/blgt-parent/gtp-benchmarks/benchmarks/kcfa/untyped/structs.rkt> #<syntax from #<path:/Users/nhejduk/Research-Local/blgt-parent/contracts-and-testing/bex/configurables/configurations/module-export-ctcs.rkt>>> @ 627
[info] mutation-runner: Mutating module #<mod: #<path:/Users/nhejduk/Research-Local/blgt-parent/gtp-benchmarks/benchmarks/kcfa/untyped/structs.rkt> #<syntax from #<path:/Users/nhejduk/Research-Local/blgt-parent/contracts-and-testing/bex/configurables/configurations/module-export-ctcs.rkt>>> @ 313 using configured mutator #<procedure:mutate-benchmark>
[warning] mutation-runner: configured mutator #<procedure:mutate-benchmark> has no mutant #<mod: #<path:/Users/nhejduk/Research-Local/blgt-parent/gtp-benchmarks/benchmarks/kcfa/untyped/structs.rkt> #<syntax from #<path:/Users/nhejduk/Research-Local/blgt-parent/contracts-and-testing/bex/configurables/configurations/module-export-ctcs.rkt>>> @ 313
[info] mutation-runner: Mutating module #<mod: #<path:/Users/nhejduk/Research-Local/blgt-parent/gtp-benchmarks/benchmarks/kcfa/untyped/structs.rkt> #<syntax from #<path:/Users/nhejduk/Research-Local/blgt-parent/contracts-and-testing/bex/configurables/configurations/module-export-ctcs.rkt>>> @ 156 using configured mutator #<procedure:mutate-benchmark>
[warning] mutation-runner: configured mutator #<procedure:mutate-benchmark> has no mutant #<mod: #<path:/Users/nhejduk/Research-Local/blgt-parent/gtp-benchmarks/benchmarks/kcfa/untyped/structs.rkt> #<syntax from #<path:/Users/nhejduk/Research-Local/blgt-parent/contracts-and-testing/bex/configurables/configurations/module-export-ctcs.rkt>>> @ 156
[info] mutation-runner: Mutating module #<mod: #<path:/Users/nhejduk/Research-Local/blgt-parent/gtp-benchmarks/benchmarks/kcfa/untyped/structs.rkt> #<syntax from #<path:/Users/nhejduk/Research-Local/blgt-parent/contracts-and-testing/bex/configurables/configurations/module-export-ctcs.rkt>>> @ 77 using configured mutator #<procedure:mutate-benchmark>
[warning] mutation-runner: configured mutator #<procedure:mutate-benchmark> has no mutant #<mod: #<path:/Users/nhejduk/Research-Local/blgt-parent/gtp-benchmarks/benchmarks/kcfa/untyped/structs.rkt> #<syntax from #<path:/Users/nhejduk/Research-Local/blgt-parent/contracts-and-testing/bex/configurables/configurations/module-export-ctcs.rkt>>> @ 77
[info] mutation-runner: Mutating module #<mod: #<path:/Users/nhejduk/Research-Local/blgt-parent/gtp-benchmarks/benchmarks/kcfa/untyped/structs.rkt> #<syntax from #<path:/Users/nhejduk/Research-Local/blgt-parent/contracts-and-testing/bex/configurables/configurations/module-export-ctcs.rkt>>> @ 38 using configured mutator #<procedure:mutate-benchmark>
[warning] mutation-runner: configured mutator #<procedure:mutate-benchmark> has no mutant #<mod: #<path:/Users/nhejduk/Research-Local/blgt-parent/gtp-benchmarks/benchmarks/kcfa/untyped/structs.rkt> #<syntax from #<path:/Users/nhejduk/Research-Local/blgt-parent/contracts-and-testing/bex/configurables/configurations/module-export-ctcs.rkt>>> @ 38
[info] mutation-runner: Mutating module #<mod: #<path:/Users/nhejduk/Research-Local/blgt-parent/gtp-benchmarks/benchmarks/kcfa/untyped/structs.rkt> #<syntax from #<path:/Users/nhejduk/Research-Local/blgt-parent/contracts-and-testing/bex/configurables/configurations/module-export-ctcs.rkt>>> @ 18 using configured mutator #<procedure:mutate-benchmark>
[warning] mutation-runner: configured mutator #<procedure:mutate-benchmark> has no mutant #<mod: #<path:/Users/nhejduk/Research-Local/blgt-parent/gtp-benchmarks/benchmarks/kcfa/untyped/structs.rkt> #<syntax from #<path:/Users/nhejduk/Research-Local/blgt-parent/contracts-and-testing/bex/configurables/configurations/module-export-ctcs.rkt>>> @ 18
[info] mutation-runner: Mutating module #<mod: #<path:/Users/nhejduk/Research-Local/blgt-parent/gtp-benchmarks/benchmarks/kcfa/untyped/structs.rkt> #<syntax from #<path:/Users/nhejduk/Research-Local/blgt-parent/contracts-and-testing/bex/configurables/configurations/module-export-ctcs.rkt>>> @ 8 using configured mutator #<procedure:mutate-benchmark>
[warning] mutation-runner: configured mutator #<procedure:mutate-benchmark> has no mutant #<mod: #<path:/Users/nhejduk/Research-Local/blgt-parent/gtp-benchmarks/benchmarks/kcfa/untyped/structs.rkt> #<syntax from #<path:/Users/nhejduk/Research-Local/blgt-parent/contracts-and-testing/bex/configurables/configurations/module-export-ctcs.rkt>>> @ 8
[info] mutation-runner: Mutating module #<mod: #<path:/Users/nhejduk/Research-Local/blgt-parent/gtp-benchmarks/benchmarks/kcfa/untyped/structs.rkt> #<syntax from #<path:/Users/nhejduk/Research-Local/blgt-parent/contracts-and-testing/bex/configurables/configurations/module-export-ctcs.rkt>>> @ 3 using configured mutator #<procedure:mutate-benchmark>
[warning] mutation-runner: configured mutator #<procedure:mutate-benchmark> has no mutant #<mod: #<path:/Users/nhejduk/Research-Local/blgt-parent/gtp-benchmarks/benchmarks/kcfa/untyped/structs.rkt> #<syntax from #<path:/Users/nhejduk/Research-Local/blgt-parent/contracts-and-testing/bex/configurables/configurations/module-export-ctcs.rkt>>> @ 3
[info] mutation-runner: Mutating module #<mod: #<path:/Users/nhejduk/Research-Local/blgt-parent/gtp-benchmarks/benchmarks/kcfa/untyped/structs.rkt> #<syntax from #<path:/Users/nhejduk/Research-Local/blgt-parent/contracts-and-testing/bex/configurables/configurations/module-export-ctcs.rkt>>> @ 1 using configured mutator #<procedure:mutate-benchmark>
[warning] mutation-runner: configured mutator #<procedure:mutate-benchmark> has no mutant #<mod: #<path:/Users/nhejduk/Research-Local/blgt-parent/gtp-benchmarks/benchmarks/kcfa/untyped/structs.rkt> #<syntax from #<path:/Users/nhejduk/Research-Local/blgt-parent/contracts-and-testing/bex/configurables/configurations/module-export-ctcs.rkt>>> @ 1
[info] mutation-runner: Mutating module #<mod: #<path:/Users/nhejduk/Research-Local/blgt-parent/gtp-benchmarks/benchmarks/kcfa/untyped/structs.rkt> #<syntax from #<path:/Users/nhejduk/Research-Local/blgt-parent/contracts-and-testing/bex/configurables/configurations/module-export-ctcs.rkt>>> @ 0 using configured mutator #<procedure:mutate-benchmark>
[warning] mutation-runner: configured mutator #<procedure:mutate-benchmark> has no mutant #<mod: #<path:/Users/nhejduk/Research-Local/blgt-parent/gtp-benchmarks/benchmarks/kcfa/untyped/structs.rkt> #<syntax from #<path:/Users/nhejduk/Research-Local/blgt-parent/contracts-and-testing/bex/configurables/configurations/module-export-ctcs.rkt>>> @ 0
[info] mutation-runner: Mutating module #<mod: #<path:/Users/nhejduk/Research-Local/blgt-parent/gtp-benchmarks/benchmarks/kcfa/untyped/time.rkt> #<syntax from #<path:/Users/nhejduk/Research-Local/blgt-parent/contracts-and-testing/bex/configurables/configurations/module-export-ctcs.rkt>>> @ 10050 using configured mutator #<procedure:mutate-benchmark>
[warning] mutation-runner: configured mutator #<procedure:mutate-benchmark> has no mutant #<mod: #<path:/Users/nhejduk/Research-Local/blgt-parent/gtp-benchmarks/benchmarks/kcfa/untyped/time.rkt> #<syntax from #<path:/Users/nhejduk/Research-Local/blgt-parent/contracts-and-testing/bex/configurables/configurations/module-export-ctcs.rkt>>> @ 10050
[info] mutation-runner: Mutating module #<mod: #<path:/Users/nhejduk/Research-Local/blgt-parent/gtp-benchmarks/benchmarks/kcfa/untyped/time.rkt> #<syntax from #<path:/Users/nhejduk/Research-Local/blgt-parent/contracts-and-testing/bex/configurables/configurations/module-export-ctcs.rkt>>> @ 5024 using configured mutator #<procedure:mutate-benchmark>
[warning] mutation-runner: configured mutator #<procedure:mutate-benchmark> has no mutant #<mod: #<path:/Users/nhejduk/Research-Local/blgt-parent/gtp-benchmarks/benchmarks/kcfa/untyped/time.rkt> #<syntax from #<path:/Users/nhejduk/Research-Local/blgt-parent/contracts-and-testing/bex/configurables/configurations/module-export-ctcs.rkt>>> @ 5024
[info] mutation-runner: Mutating module #<mod: #<path:/Users/nhejduk/Research-Local/blgt-parent/gtp-benchmarks/benchmarks/kcfa/untyped/time.rkt> #<syntax from #<path:/Users/nhejduk/Research-Local/blgt-parent/contracts-and-testing/bex/configurables/configurations/module-export-ctcs.rkt>>> @ 2511 using configured mutator #<procedure:mutate-benchmark>
[warning] mutation-runner: configured mutator #<procedure:mutate-benchmark> has no mutant #<mod: #<path:/Users/nhejduk/Research-Local/blgt-parent/gtp-benchmarks/benchmarks/kcfa/untyped/time.rkt> #<syntax from #<path:/Users/nhejduk/Research-Local/blgt-parent/contracts-and-testing/bex/configurables/configurations/module-export-ctcs.rkt>>> @ 2511
[info] mutation-runner: Mutating module #<mod: #<path:/Users/nhejduk/Research-Local/blgt-parent/gtp-benchmarks/benchmarks/kcfa/untyped/time.rkt> #<syntax from #<path:/Users/nhejduk/Research-Local/blgt-parent/contracts-and-testing/bex/configurables/configurations/module-export-ctcs.rkt>>> @ 1255 using configured mutator #<procedure:mutate-benchmark>
[warning] mutation-runner: configured mutator #<procedure:mutate-benchmark> has no mutant #<mod: #<path:/Users/nhejduk/Research-Local/blgt-parent/gtp-benchmarks/benchmarks/kcfa/untyped/time.rkt> #<syntax from #<path:/Users/nhejduk/Research-Local/blgt-parent/contracts-and-testing/bex/configurables/configurations/module-export-ctcs.rkt>>> @ 1255
[info] mutation-runner: Mutating module #<mod: #<path:/Users/nhejduk/Research-Local/blgt-parent/gtp-benchmarks/benchmarks/kcfa/untyped/time.rkt> #<syntax from #<path:/Users/nhejduk/Research-Local/blgt-parent/contracts-and-testing/bex/configurables/configurations/module-export-ctcs.rkt>>> @ 627 using configured mutator #<procedure:mutate-benchmark>
[warning] mutation-runner: configured mutator #<procedure:mutate-benchmark> has no mutant #<mod: #<path:/Users/nhejduk/Research-Local/blgt-parent/gtp-benchmarks/benchmarks/kcfa/untyped/time.rkt> #<syntax from #<path:/Users/nhejduk/Research-Local/blgt-parent/contracts-and-testing/bex/configurables/configurations/module-export-ctcs.rkt>>> @ 627
[info] mutation-runner: Mutating module #<mod: #<path:/Users/nhejduk/Research-Local/blgt-parent/gtp-benchmarks/benchmarks/kcfa/untyped/time.rkt> #<syntax from #<path:/Users/nhejduk/Research-Local/blgt-parent/contracts-and-testing/bex/configurables/configurations/module-export-ctcs.rkt>>> @ 313 using configured mutator #<procedure:mutate-benchmark>
[warning] mutation-runner: configured mutator #<procedure:mutate-benchmark> has no mutant #<mod: #<path:/Users/nhejduk/Research-Local/blgt-parent/gtp-benchmarks/benchmarks/kcfa/untyped/time.rkt> #<syntax from #<path:/Users/nhejduk/Research-Local/blgt-parent/contracts-and-testing/bex/configurables/configurations/module-export-ctcs.rkt>>> @ 313
[info] mutation-runner: Mutating module #<mod: #<path:/Users/nhejduk/Research-Local/blgt-parent/gtp-benchmarks/benchmarks/kcfa/untyped/time.rkt> #<syntax from #<path:/Users/nhejduk/Research-Local/blgt-parent/contracts-and-testing/bex/configurables/configurations/module-export-ctcs.rkt>>> @ 156 using configured mutator #<procedure:mutate-benchmark>
[warning] mutation-runner: configured mutator #<procedure:mutate-benchmark> has no mutant #<mod: #<path:/Users/nhejduk/Research-Local/blgt-parent/gtp-benchmarks/benchmarks/kcfa/untyped/time.rkt> #<syntax from #<path:/Users/nhejduk/Research-Local/blgt-parent/contracts-and-testing/bex/configurables/configurations/module-export-ctcs.rkt>>> @ 156
[info] mutation-runner: Mutating module #<mod: #<path:/Users/nhejduk/Research-Local/blgt-parent/gtp-benchmarks/benchmarks/kcfa/untyped/time.rkt> #<syntax from #<path:/Users/nhejduk/Research-Local/blgt-parent/contracts-and-testing/bex/configurables/configurations/module-export-ctcs.rkt>>> @ 77 using configured mutator #<procedure:mutate-benchmark>
[warning] mutation-runner: configured mutator #<procedure:mutate-benchmark> has no mutant #<mod: #<path:/Users/nhejduk/Research-Local/blgt-parent/gtp-benchmarks/benchmarks/kcfa/untyped/time.rkt> #<syntax from #<path:/Users/nhejduk/Research-Local/blgt-parent/contracts-and-testing/bex/configurables/configurations/module-export-ctcs.rkt>>> @ 77
[info] mutation-runner: Mutating module #<mod: #<path:/Users/nhejduk/Research-Local/blgt-parent/gtp-benchmarks/benchmarks/kcfa/untyped/time.rkt> #<syntax from #<path:/Users/nhejduk/Research-Local/blgt-parent/contracts-and-testing/bex/configurables/configurations/module-export-ctcs.rkt>>> @ 38 using configured mutator #<procedure:mutate-benchmark>
[warning] mutation-runner: configured mutator #<procedure:mutate-benchmark> has no mutant #<mod: #<path:/Users/nhejduk/Research-Local/blgt-parent/gtp-benchmarks/benchmarks/kcfa/untyped/time.rkt> #<syntax from #<path:/Users/nhejduk/Research-Local/blgt-parent/contracts-and-testing/bex/configurables/configurations/module-export-ctcs.rkt>>> @ 38
[info] mutation-runner: Mutating module #<mod: #<path:/Users/nhejduk/Research-Local/blgt-parent/gtp-benchmarks/benchmarks/kcfa/untyped/time.rkt> #<syntax from #<path:/Users/nhejduk/Research-Local/blgt-parent/contracts-and-testing/bex/configurables/configurations/module-export-ctcs.rkt>>> @ 18 using configured mutator #<procedure:mutate-benchmark>
[warning] mutation-runner: configured mutator #<procedure:mutate-benchmark> has no mutant #<mod: #<path:/Users/nhejduk/Research-Local/blgt-parent/gtp-benchmarks/benchmarks/kcfa/untyped/time.rkt> #<syntax from #<path:/Users/nhejduk/Research-Local/blgt-parent/contracts-and-testing/bex/configurables/configurations/module-export-ctcs.rkt>>> @ 18
[info] mutation-runner: Mutating module #<mod: #<path:/Users/nhejduk/Research-Local/blgt-parent/gtp-benchmarks/benchmarks/kcfa/untyped/time.rkt> #<syntax from #<path:/Users/nhejduk/Research-Local/blgt-parent/contracts-and-testing/bex/configurables/configurations/module-export-ctcs.rkt>>> @ 8 using configured mutator #<procedure:mutate-benchmark>
[info] mutation-runner: Mutating module #<mod: #<path:/Users/nhejduk/Research-Local/blgt-parent/gtp-benchmarks/benchmarks/kcfa/untyped/time.rkt> #<syntax from #<path:/Users/nhejduk/Research-Local/blgt-parent/contracts-and-testing/bex/configurables/configurations/module-export-ctcs.rkt>>> @ 13 using configured mutator #<procedure:mutate-benchmark>
[warning] mutation-runner: configured mutator #<procedure:mutate-benchmark> has no mutant #<mod: #<path:/Users/nhejduk/Research-Local/blgt-parent/gtp-benchmarks/benchmarks/kcfa/untyped/time.rkt> #<syntax from #<path:/Users/nhejduk/Research-Local/blgt-parent/contracts-and-testing/bex/configurables/configurations/module-export-ctcs.rkt>>> @ 13
[info] mutation-runner: Mutating module #<mod: #<path:/Users/nhejduk/Research-Local/blgt-parent/gtp-benchmarks/benchmarks/kcfa/untyped/time.rkt> #<syntax from #<path:/Users/nhejduk/Research-Local/blgt-parent/contracts-and-testing/bex/configurables/configurations/module-export-ctcs.rkt>>> @ 10 using configured mutator #<procedure:mutate-benchmark>
[info] mutation-runner: Mutating module #<mod: #<path:/Users/nhejduk/Research-Local/blgt-parent/gtp-benchmarks/benchmarks/kcfa/untyped/time.rkt> #<syntax from #<path:/Users/nhejduk/Research-Local/blgt-parent/contracts-and-testing/bex/configurables/configurations/module-export-ctcs.rkt>>> @ 11 using configured mutator #<procedure:mutate-benchmark>
[info] mutation-runner: Mutating module #<mod: #<path:/Users/nhejduk/Research-Local/blgt-parent/gtp-benchmarks/benchmarks/kcfa/untyped/time.rkt> #<syntax from #<path:/Users/nhejduk/Research-Local/blgt-parent/contracts-and-testing/bex/configurables/configurations/module-export-ctcs.rkt>>> @ 12 using configured mutator #<procedure:mutate-benchmark>
[info] mutation-runner: Mutating module #<mod: #<path:/Users/nhejduk/Research-Local/blgt-parent/gtp-benchmarks/benchmarks/kcfa/untyped/ui.rkt> #<syntax from #<path:/Users/nhejduk/Research-Local/blgt-parent/contracts-and-testing/bex/configurables/configurations/module-export-ctcs.rkt>>> @ 10050 using configured mutator #<procedure:mutate-benchmark>
[warning] mutation-runner: configured mutator #<procedure:mutate-benchmark> has no mutant #<mod: #<path:/Users/nhejduk/Research-Local/blgt-parent/gtp-benchmarks/benchmarks/kcfa/untyped/ui.rkt> #<syntax from #<path:/Users/nhejduk/Research-Local/blgt-parent/contracts-and-testing/bex/configurables/configurations/module-export-ctcs.rkt>>> @ 10050
[info] mutation-runner: Mutating module #<mod: #<path:/Users/nhejduk/Research-Local/blgt-parent/gtp-benchmarks/benchmarks/kcfa/untyped/ui.rkt> #<syntax from #<path:/Users/nhejduk/Research-Local/blgt-parent/contracts-and-testing/bex/configurables/configurations/module-export-ctcs.rkt>>> @ 5024 using configured mutator #<procedure:mutate-benchmark>
[warning] mutation-runner: configured mutator #<procedure:mutate-benchmark> has no mutant #<mod: #<path:/Users/nhejduk/Research-Local/blgt-parent/gtp-benchmarks/benchmarks/kcfa/untyped/ui.rkt> #<syntax from #<path:/Users/nhejduk/Research-Local/blgt-parent/contracts-and-testing/bex/configurables/configurations/module-export-ctcs.rkt>>> @ 5024
[info] mutation-runner: Mutating module #<mod: #<path:/Users/nhejduk/Research-Local/blgt-parent/gtp-benchmarks/benchmarks/kcfa/untyped/ui.rkt> #<syntax from #<path:/Users/nhejduk/Research-Local/blgt-parent/contracts-and-testing/bex/configurables/configurations/module-export-ctcs.rkt>>> @ 2511 using configured mutator #<procedure:mutate-benchmark>
[warning] mutation-runner: configured mutator #<procedure:mutate-benchmark> has no mutant #<mod: #<path:/Users/nhejduk/Research-Local/blgt-parent/gtp-benchmarks/benchmarks/kcfa/untyped/ui.rkt> #<syntax from #<path:/Users/nhejduk/Research-Local/blgt-parent/contracts-and-testing/bex/configurables/configurations/module-export-ctcs.rkt>>> @ 2511
[info] mutation-runner: Mutating module #<mod: #<path:/Users/nhejduk/Research-Local/blgt-parent/gtp-benchmarks/benchmarks/kcfa/untyped/ui.rkt> #<syntax from #<path:/Users/nhejduk/Research-Local/blgt-parent/contracts-and-testing/bex/configurables/configurations/module-export-ctcs.rkt>>> @ 1255 using configured mutator #<procedure:mutate-benchmark>
[warning] mutation-runner: configured mutator #<procedure:mutate-benchmark> has no mutant #<mod: #<path:/Users/nhejduk/Research-Local/blgt-parent/gtp-benchmarks/benchmarks/kcfa/untyped/ui.rkt> #<syntax from #<path:/Users/nhejduk/Research-Local/blgt-parent/contracts-and-testing/bex/configurables/configurations/module-export-ctcs.rkt>>> @ 1255
[info] mutation-runner: Mutating module #<mod: #<path:/Users/nhejduk/Research-Local/blgt-parent/gtp-benchmarks/benchmarks/kcfa/untyped/ui.rkt> #<syntax from #<path:/Users/nhejduk/Research-Local/blgt-parent/contracts-and-testing/bex/configurables/configurations/module-export-ctcs.rkt>>> @ 627 using configured mutator #<procedure:mutate-benchmark>
[warning] mutation-runner: configured mutator #<procedure:mutate-benchmark> has no mutant #<mod: #<path:/Users/nhejduk/Research-Local/blgt-parent/gtp-benchmarks/benchmarks/kcfa/untyped/ui.rkt> #<syntax from #<path:/Users/nhejduk/Research-Local/blgt-parent/contracts-and-testing/bex/configurables/configurations/module-export-ctcs.rkt>>> @ 627
[info] mutation-runner: Mutating module #<mod: #<path:/Users/nhejduk/Research-Local/blgt-parent/gtp-benchmarks/benchmarks/kcfa/untyped/ui.rkt> #<syntax from #<path:/Users/nhejduk/Research-Local/blgt-parent/contracts-and-testing/bex/configurables/configurations/module-export-ctcs.rkt>>> @ 313 using configured mutator #<procedure:mutate-benchmark>
[warning] mutation-runner: configured mutator #<procedure:mutate-benchmark> has no mutant #<mod: #<path:/Users/nhejduk/Research-Local/blgt-parent/gtp-benchmarks/benchmarks/kcfa/untyped/ui.rkt> #<syntax from #<path:/Users/nhejduk/Research-Local/blgt-parent/contracts-and-testing/bex/configurables/configurations/module-export-ctcs.rkt>>> @ 313
[info] mutation-runner: Mutating module #<mod: #<path:/Users/nhejduk/Research-Local/blgt-parent/gtp-benchmarks/benchmarks/kcfa/untyped/ui.rkt> #<syntax from #<path:/Users/nhejduk/Research-Local/blgt-parent/contracts-and-testing/bex/configurables/configurations/module-export-ctcs.rkt>>> @ 156 using configured mutator #<procedure:mutate-benchmark>
[warning] mutation-runner: configured mutator #<procedure:mutate-benchmark> has no mutant #<mod: #<path:/Users/nhejduk/Research-Local/blgt-parent/gtp-benchmarks/benchmarks/kcfa/untyped/ui.rkt> #<syntax from #<path:/Users/nhejduk/Research-Local/blgt-parent/contracts-and-testing/bex/configurables/configurations/module-export-ctcs.rkt>>> @ 156
[info] mutation-runner: Mutating module #<mod: #<path:/Users/nhejduk/Research-Local/blgt-parent/gtp-benchmarks/benchmarks/kcfa/untyped/ui.rkt> #<syntax from #<path:/Users/nhejduk/Research-Local/blgt-parent/contracts-and-testing/bex/configurables/configurations/module-export-ctcs.rkt>>> @ 77 using configured mutator #<procedure:mutate-benchmark>
[warning] mutation-runner: configured mutator #<procedure:mutate-benchmark> has no mutant #<mod: #<path:/Users/nhejduk/Research-Local/blgt-parent/gtp-benchmarks/benchmarks/kcfa/untyped/ui.rkt> #<syntax from #<path:/Users/nhejduk/Research-Local/blgt-parent/contracts-and-testing/bex/configurables/configurations/module-export-ctcs.rkt>>> @ 77
[info] mutation-runner: Mutating module #<mod: #<path:/Users/nhejduk/Research-Local/blgt-parent/gtp-benchmarks/benchmarks/kcfa/untyped/ui.rkt> #<syntax from #<path:/Users/nhejduk/Research-Local/blgt-parent/contracts-and-testing/bex/configurables/configurations/module-export-ctcs.rkt>>> @ 38 using configured mutator #<procedure:mutate-benchmark>
[warning] mutation-runner: configured mutator #<procedure:mutate-benchmark> has no mutant #<mod: #<path:/Users/nhejduk/Research-Local/blgt-parent/gtp-benchmarks/benchmarks/kcfa/untyped/ui.rkt> #<syntax from #<path:/Users/nhejduk/Research-Local/blgt-parent/contracts-and-testing/bex/configurables/configurations/module-export-ctcs.rkt>>> @ 38
[info] mutation-runner: Mutating module #<mod: #<path:/Users/nhejduk/Research-Local/blgt-parent/gtp-benchmarks/benchmarks/kcfa/untyped/ui.rkt> #<syntax from #<path:/Users/nhejduk/Research-Local/blgt-parent/contracts-and-testing/bex/configurables/configurations/module-export-ctcs.rkt>>> @ 18 using configured mutator #<procedure:mutate-benchmark>
[info] mutation-runner: Mutating module #<mod: #<path:/Users/nhejduk/Research-Local/blgt-parent/gtp-benchmarks/benchmarks/kcfa/untyped/ui.rkt> #<syntax from #<path:/Users/nhejduk/Research-Local/blgt-parent/contracts-and-testing/bex/configurables/configurations/module-export-ctcs.rkt>>> @ 28 using configured mutator #<procedure:mutate-benchmark>
[info] mutation-runner: Mutating module #<mod: #<path:/Users/nhejduk/Research-Local/blgt-parent/gtp-benchmarks/benchmarks/kcfa/untyped/ui.rkt> #<syntax from #<path:/Users/nhejduk/Research-Local/blgt-parent/contracts-and-testing/bex/configurables/configurations/module-export-ctcs.rkt>>> @ 33 using configured mutator #<procedure:mutate-benchmark>
[warning] mutation-runner: configured mutator #<procedure:mutate-benchmark> has no mutant #<mod: #<path:/Users/nhejduk/Research-Local/blgt-parent/gtp-benchmarks/benchmarks/kcfa/untyped/ui.rkt> #<syntax from #<path:/Users/nhejduk/Research-Local/blgt-parent/contracts-and-testing/bex/configurables/configurations/module-export-ctcs.rkt>>> @ 33
[info] mutation-runner: Mutating module #<mod: #<path:/Users/nhejduk/Research-Local/blgt-parent/gtp-benchmarks/benchmarks/kcfa/untyped/ui.rkt> #<syntax from #<path:/Users/nhejduk/Research-Local/blgt-parent/contracts-and-testing/bex/configurables/configurations/module-export-ctcs.rkt>>> @ 30 using configured mutator #<procedure:mutate-benchmark>
[info] mutation-runner: Mutating module #<mod: #<path:/Users/nhejduk/Research-Local/blgt-parent/gtp-benchmarks/benchmarks/kcfa/untyped/ui.rkt> #<syntax from #<path:/Users/nhejduk/Research-Local/blgt-parent/contracts-and-testing/bex/configurables/configurations/module-export-ctcs.rkt>>> @ 31 using configured mutator #<procedure:mutate-benchmark>
[info] mutation-runner: Mutating module #<mod: #<path:/Users/nhejduk/Research-Local/blgt-parent/gtp-benchmarks/benchmarks/kcfa/untyped/ui.rkt> #<syntax from #<path:/Users/nhejduk/Research-Local/blgt-parent/contracts-and-testing/bex/configurables/configurations/module-export-ctcs.rkt>>> @ 32 using configured mutator #<procedure:mutate-benchmark>
mutation-analysis: Mutation analysis complete.
#hash((fail
       .
       #hash((begin-drop . 26)
             (constant-swap . 10)
             (negate-conditional . 5)
             (position-swap . 56)))
      (total . 97))
mutation-analysis: Beginning one mutation analysis.
[info] mutation-analysis: Beginning one mutation analysis.
mutation-analysis: Configured mutatable modules: ("ai.rkt" "benv.rkt" "denotable.rkt" "main.rkt" "structs.rkt" "time.rkt" "ui.rkt")
[info] mutation-analysis: Configured mutatable modules: ("ai.rkt" "benv.rkt" "denotable.rkt" "main.rkt" "structs.rkt" "time.rkt" "ui.rkt")
mutation-analysis: Mutation analysis complete.
#hash((fail
       .
       [info] mutation-analysis: Mutation analysis complete.
#hash((begin-drop . 26)
             (constant-swap . 10)
             (negate-conditional . 5)
             (position-swap . 56)))
      (total . 97))
mutation-analysis: Beginning one mutation analysis.
[info] mutation-analysis: Beginning one mutation analysis.
mutation-analysis: Configured mutatable modules: ("ai.rkt" "benv.rkt" "denotable.rkt" "main.rkt" "structs.rkt" "time.rkt" "ui.rkt")
[info] mutation-analysis: Configured mutatable modules: ("ai.rkt" "benv.rkt" "denotable.rkt" "main.rkt" "structs.rkt" "time.rkt" "ui.rkt")
mutation-analysis: Mutation analysis complete.
#hash((fail
       .
       #hash((begin-drop . 26)
             (constant-swap . 10)
             (negate-conditional . 5)
             (position-swap . 56)))
      (total . 97))
