mutation-analysis: Beginning one mutation analysis.
[info] mutation-analysis: Beginning one mutation analysis.
mutation-analysis: Configured mutatable modules: ("cell.rkt" "grid.rkt" "main.rkt" "message-queue.rkt" "utils.rkt")
[info] mutation-analysis: Configured mutatable modules: ("cell.rkt" "grid.rkt" "main.rkt" "message-queue.rkt" "utils.rkt")
mutation-analysis: Beginning one mutation analysis.
[info] mutation-analysis: Beginning one mutation analysis.
mutation-analysis: Configured mutatable modules: ("cell.rkt" "grid.rkt" "main.rkt" "message-queue.rkt" "utils.rkt")
[info] mutation-analysis: Configured mutatable modules: ("cell.rkt" "grid.rkt" "main.rkt" "message-queue.rkt" "utils.rkt")
mutation-analysis: #s(mutant #f cell.rkt 1) {constant-swap} => hit
mutation-analysis: #s(mutant #f cell.rkt 0) {constant-swap} => hit
[info] mutation-analysis: #s(mutant #f cell.rkt 1) {constant-swap} => hit
[info] mutation-analysis: #s(mutant #f cell.rkt 0) {constant-swap} => hit
mutation-analysis: #s(mutant #f cell.rkt 7) {constant-swap} => miss
mutation-analysis: #s(mutant #f cell.rkt 6) {constant-swap} => miss
mutation-analysis: #s(mutant #f cell.rkt 5) {class:publicity} => hit
mutation-analysis: #s(mutant #f cell.rkt 4) {constant-swap} => miss
mutation-analysis: #s(mutant #f cell.rkt 3) {constant-swap} => miss
[info] mutation-analysis: #s(mutant #f cell.rkt 7) {constant-swap} => miss
[info] mutation-analysis: #s(mutant #f cell.rkt 6) {constant-swap} => miss
[info] mutation-analysis: #s(mutant #f cell.rkt 5) {class:publicity} => hit
[info] mutation-analysis: #s(mutant #f cell.rkt 4) {constant-swap} => miss
[info] mutation-analysis: #s(mutant #f cell.rkt 3) {constant-swap} => miss
mutation-analysis: #s(mutant #f cell.rkt 2) {position-swap} => miss
[info] mutation-analysis: #s(mutant #f cell.rkt 2) {position-swap} => miss
mutation-analysis: #s(mutant #f cell.rkt 15) {begin-drop} => miss
mutation-analysis: #s(mutant #f cell.rkt 13) {begin-drop} => miss
[info] mutation-analysis: #s(mutant #f cell.rkt 15) {begin-drop} => miss
[info] mutation-analysis: #s(mutant #f cell.rkt 13) {begin-drop} => miss
mutation-analysis: #s(mutant #f cell.rkt 9) {class:publicity} => hit
mutation-analysis: #s(mutant #f cell.rkt 8) {class:publicity} => hit
[info] mutation-analysis: #s(mutant #f cell.rkt 9) {class:publicity} => hit
[info] mutation-analysis: #s(mutant #f cell.rkt 8) {class:publicity} => hit
mutation-analysis: #s(mutant #f cell.rkt 14) {position-swap} => hit
mutation-analysis: #s(mutant #f cell.rkt 12) {constant-swap} => miss
mutation-analysis: #s(mutant #f cell.rkt 11) {class:publicity} => hit
mutation-analysis: #s(mutant #f cell.rkt 10) {constant-swap} => miss
[info] mutation-analysis: #s(mutant #f cell.rkt 14) {position-swap} => hit
[info] mutation-analysis: #s(mutant #f cell.rkt 12) {constant-swap} => miss
[info] mutation-analysis: #s(mutant #f cell.rkt 11) {class:publicity} => hit
[info] mutation-analysis: #s(mutant #f cell.rkt 10) {constant-swap} => miss
mutation-analysis: #s(mutant #f cell.rkt 20) {position-swap} => miss
mutation-analysis: #s(mutant #f cell.rkt 17) {constant-swap} => hit
mutation-analysis: #s(mutant #f cell.rkt 16) {position-swap} => miss
[info] mutation-analysis: #s(mutant #f cell.rkt 20) {position-swap} => miss
[info] mutation-analysis: #s(mutant #f cell.rkt 17) {constant-swap} => hit
[info] mutation-analysis: #s(mutant #f cell.rkt 16) {position-swap} => miss
mutation-analysis: #s(mutant #f cell.rkt 19) {negate-conditional} => miss
mutation-analysis: #s(mutant #f cell.rkt 18) {constant-swap} => hit
[info] mutation-analysis: #s(mutant #f cell.rkt 19) {negate-conditional} => miss
[info] mutation-analysis: #s(mutant #f cell.rkt 18) {constant-swap} => hit
mutation-analysis: #s(mutant #f cell.rkt 23) {constant-swap} => hit
mutation-analysis: #s(mutant #f cell.rkt 22) {boolean-op-swap} => miss
mutation-analysis: #s(mutant #f cell.rkt 21) {position-swap} => miss
[info] mutation-analysis: #s(mutant #f cell.rkt 23) {constant-swap} => hit
[info] mutation-analysis: #s(mutant #f cell.rkt 22) {boolean-op-swap} => miss
[info] mutation-analysis: #s(mutant #f cell.rkt 21) {position-swap} => miss
mutation-analysis: #s(mutant #f cell.rkt 26) {constant-swap} => hit
mutation-analysis: #s(mutant #f cell.rkt 25) {constant-swap} => hit
mutation-analysis: #s(mutant #f cell.rkt 24) {constant-swap} => hit
[info] mutation-analysis: #s(mutant #f cell.rkt 26) {constant-swap} => hit
[info] mutation-analysis: #s(mutant #f cell.rkt 25) {constant-swap} => hit
[info] mutation-analysis: #s(mutant #f cell.rkt 24) {constant-swap} => hit
mutation-analysis: #s(mutant #f cell.rkt 28) {constant-swap} => hit
mutation-analysis: #s(mutant #f cell.rkt 27) {constant-swap} => miss
[info] mutation-analysis: #s(mutant #f cell.rkt 28) {constant-swap} => hit
[info] mutation-analysis: #s(mutant #f cell.rkt 27) {constant-swap} => miss
mutation-analysis: #s(mutant #f cell.rkt 31) {boolean-op-swap} => miss
mutation-analysis: #s(mutant #f cell.rkt 30) {constant-swap} => hit
mutation-analysis: #s(mutant #f cell.rkt 29) {constant-swap} => hit
[info] mutation-analysis: #s(mutant #f cell.rkt 31) {boolean-op-swap} => miss
[info] mutation-analysis: #s(mutant #f cell.rkt 30) {constant-swap} => hit
[info] mutation-analysis: #s(mutant #f cell.rkt 29) {constant-swap} => hit
mutation-analysis: #s(mutant #f cell.rkt 34) {negate-conditional} => miss
mutation-analysis: #s(mutant #f cell.rkt 33) {constant-swap} => miss
mutation-analysis: #s(mutant #f cell.rkt 32) {negate-conditional} => miss
[info] mutation-analysis: #s(mutant #f cell.rkt 34) {negate-conditional} => miss
[info] mutation-analysis: #s(mutant #f cell.rkt 33) {constant-swap} => miss
[info] mutation-analysis: #s(mutant #f cell.rkt 32) {negate-conditional} => miss
mutation-analysis: #s(mutant #f cell.rkt 40) {position-swap} => miss
[info] mutation-analysis: #s(mutant #f cell.rkt 40) {position-swap} => miss
mutation-analysis: #s(mutant #f cell.rkt 36) {constant-swap} => hit
mutation-analysis: #s(mutant #f cell.rkt 35) {constant-swap} => miss
[info] mutation-analysis: #s(mutant #f cell.rkt 36) {constant-swap} => hit
[info] mutation-analysis: #s(mutant #f cell.rkt 35) {constant-swap} => miss
mutation-analysis: #s(mutant #f cell.rkt 39) {negate-conditional} => miss
mutation-analysis: #s(mutant #f cell.rkt 38) {negate-conditional} => miss
mutation-analysis: #s(mutant #f cell.rkt 37) {constant-swap} => hit
[info] mutation-analysis: #s(mutant #f cell.rkt 39) {negate-conditional} => miss
[info] mutation-analysis: #s(mutant #f cell.rkt 38) {negate-conditional} => miss
[info] mutation-analysis: #s(mutant #f cell.rkt 37) {constant-swap} => hit
mutation-analysis: #s(mutant #f cell.rkt 42) {boolean-op-swap} => miss
mutation-analysis: #s(mutant #f cell.rkt 41) {position-swap} => miss
[info] mutation-analysis: #s(mutant #f cell.rkt 42) {boolean-op-swap} => miss
[info] mutation-analysis: #s(mutant #f cell.rkt 41) {position-swap} => miss
mutation-analysis: #s(mutant #f cell.rkt 49) {position-swap} => miss
mutation-analysis: #s(mutant #f cell.rkt 43) {constant-swap} => hit
[info] mutation-analysis: #s(mutant #f cell.rkt 49) {position-swap} => miss
[info] mutation-analysis: #s(mutant #f cell.rkt 43) {constant-swap} => hit
mutation-analysis: #s(mutant #f cell.rkt 45) {constant-swap} => hit
mutation-analysis: #s(mutant #f cell.rkt 44) {constant-swap} => hit
[info] mutation-analysis: #s(mutant #f cell.rkt 45) {constant-swap} => hit
[info] mutation-analysis: #s(mutant #f cell.rkt 44) {constant-swap} => hit
mutation-analysis: #s(mutant #f cell.rkt 48) {negate-conditional} => miss
mutation-analysis: #s(mutant #f cell.rkt 47) {negate-conditional} => miss
mutation-analysis: #s(mutant #f cell.rkt 46) {constant-swap} => hit
[info] mutation-analysis: #s(mutant #f cell.rkt 48) {negate-conditional} => miss
[info] mutation-analysis: #s(mutant #f cell.rkt 47) {negate-conditional} => miss
[info] mutation-analysis: #s(mutant #f cell.rkt 46) {constant-swap} => hit
mutation-analysis: #s(mutant #f cell.rkt 50) {position-swap} => miss
[info] mutation-analysis: #s(mutant #f cell.rkt 50) {position-swap} => miss
mutation-analysis: #s(mutant #f cell.rkt 52) {constant-swap} => hit
mutation-analysis: #s(mutant #f cell.rkt 51) {boolean-op-swap} => miss
[info] mutation-analysis: #s(mutant #f cell.rkt 52) {constant-swap} => hit
[info] mutation-analysis: #s(mutant #f cell.rkt 51) {boolean-op-swap} => miss
mutation-analysis: #s(mutant #f grid.rkt 0) {begin-drop} => miss
[info] mutation-analysis: #s(mutant #f grid.rkt 0) {begin-drop} => miss
mutation-analysis: #s(mutant #f cell.rkt 53) {constant-swap} => hit
[info] mutation-analysis: #s(mutant #f cell.rkt 53) {constant-swap} => hit
mutation-analysis: #s(mutant #f grid.rkt 3) {position-swap} => miss
mutation-analysis: #s(mutant #f grid.rkt 2) {position-swap} => miss
mutation-analysis: #s(mutant #f grid.rkt 1) {position-swap} => miss
[info] mutation-analysis: #s(mutant #f grid.rkt 3) {position-swap} => miss
[info] mutation-analysis: #s(mutant #f grid.rkt 2) {position-swap} => miss
[info] mutation-analysis: #s(mutant #f grid.rkt 1) {position-swap} => miss
mutation-analysis: #s(mutant #f grid.rkt 4) {constant-swap} => miss
[info] mutation-analysis: #s(mutant #f grid.rkt 4) {constant-swap} => miss
mutation-analysis: #s(mutant #f grid.rkt 6) {constant-swap} => miss
mutation-analysis: #s(mutant #f grid.rkt 5) {constant-swap} => miss
[info] mutation-analysis: #s(mutant #f grid.rkt 6) {constant-swap} => miss
[info] mutation-analysis: #s(mutant #f grid.rkt 5) {constant-swap} => miss
mutation-analysis: #s(mutant #f grid.rkt 7) {position-swap} => miss
[info] mutation-analysis: #s(mutant #f grid.rkt 7) {position-swap} => miss
mutation-analysis: #s(mutant #f grid.rkt 8) {constant-swap} => miss
[info] mutation-analysis: #s(mutant #f grid.rkt 8) {constant-swap} => miss
mutation-analysis: #s(mutant #f grid.rkt 11) {constant-swap} => miss
mutation-analysis: #s(mutant #f grid.rkt 10) {constant-swap} => miss
mutation-analysis: #s(mutant #f grid.rkt 9) {constant-swap} => miss
[info] mutation-analysis: #s(mutant #f grid.rkt 11) {constant-swap} => miss
[info] mutation-analysis: #s(mutant #f grid.rkt 10) {constant-swap} => miss
[info] mutation-analysis: #s(mutant #f grid.rkt 9) {constant-swap} => miss
mutation-analysis: #s(mutant #f grid.rkt 12) {constant-swap} => miss
[info] mutation-analysis: #s(mutant #f grid.rkt 12) {constant-swap} => miss
mutation-analysis: #s(mutant #f grid.rkt 13) {begin-drop} => miss
[info] mutation-analysis: #s(mutant #f grid.rkt 13) {begin-drop} => miss
mutation-analysis: #s(mutant #f grid.rkt 14) {position-swap} => miss
[info] mutation-analysis: #s(mutant #f grid.rkt 14) {position-swap} => miss
mutation-analysis: #s(mutant #f grid.rkt 15) {constant-swap} => miss
[info] mutation-analysis: #s(mutant #f grid.rkt 15) {constant-swap} => miss
mutation-analysis: #s(mutant #f grid.rkt 16) {constant-swap} => miss
[info] mutation-analysis: #s(mutant #f grid.rkt 16) {constant-swap} => miss
mutation-analysis: #s(mutant #f grid.rkt 19) {constant-swap} => miss
mutation-analysis: #s(mutant #f grid.rkt 18) {position-swap} => miss
mutation-analysis: #s(mutant #f grid.rkt 17) {constant-swap} => miss
[info] mutation-analysis: #s(mutant #f grid.rkt 19) {constant-swap} => miss
[info] mutation-analysis: #s(mutant #f grid.rkt 18) {position-swap} => miss
[info] mutation-analysis: #s(mutant #f grid.rkt 17) {constant-swap} => miss
mutation-analysis: #s(mutant #f grid.rkt 20) {constant-swap} => miss
[info] mutation-analysis: #s(mutant #f grid.rkt 20) {constant-swap} => miss
mutation-analysis: #s(mutant #f grid.rkt 21) {constant-swap} => miss
[info] mutation-analysis: #s(mutant #f grid.rkt 21) {constant-swap} => miss
mutation-analysis: #s(mutant #f grid.rkt 22) {constant-swap} => miss
[info] mutation-analysis: #s(mutant #f grid.rkt 22) {constant-swap} => miss
mutation-analysis: #s(mutant #f grid.rkt 23) {constant-swap} => miss
[info] mutation-analysis: #s(mutant #f grid.rkt 23) {constant-swap} => miss
mutation-analysis: #s(mutant #f grid.rkt 24) {position-swap} => miss
[info] mutation-analysis: #s(mutant #f grid.rkt 24) {position-swap} => miss
mutation-analysis: #s(mutant #f grid.rkt 27) {begin-drop} => miss
[info] mutation-analysis: #s(mutant #f grid.rkt 27) {begin-drop} => miss
mutation-analysis: #s(mutant #f grid.rkt 28) {begin-drop} => miss
[info] mutation-analysis: #s(mutant #f grid.rkt 28) {begin-drop} => miss
mutation-analysis: #s(mutant #f grid.rkt 29) {position-swap} => miss
mutation-analysis: #s(mutant #f grid.rkt 26) {position-swap} => miss
mutation-analysis: #s(mutant #f grid.rkt 25) {position-swap} => miss
[info] mutation-analysis: #s(mutant #f grid.rkt 29) {position-swap} => miss
[info] mutation-analysis: #s(mutant #f grid.rkt 26) {position-swap} => miss
[info] mutation-analysis: #s(mutant #f grid.rkt 25) {position-swap} => miss
mutation-analysis: #s(mutant #f grid.rkt 30) {begin-drop} => miss
[info] mutation-analysis: #s(mutant #f grid.rkt 30) {begin-drop} => miss
mutation-analysis: #s(mutant #f grid.rkt 31) {begin-drop} => miss
[info] mutation-analysis: #s(mutant #f grid.rkt 31) {begin-drop} => miss
mutation-analysis: #s(mutant #f grid.rkt 32) {position-swap} => miss
[info] mutation-analysis: #s(mutant #f grid.rkt 32) {position-swap} => miss
mutation-analysis: #s(mutant #f grid.rkt 36) {begin-drop} => miss
mutation-analysis: #s(mutant #f grid.rkt 33) {constant-swap} => miss
[info] mutation-analysis: #s(mutant #f grid.rkt 36) {begin-drop} => miss
[info] mutation-analysis: #s(mutant #f grid.rkt 33) {constant-swap} => miss
mutation-analysis: #s(mutant #f grid.rkt 34) {constant-swap} => miss
[info] mutation-analysis: #s(mutant #f grid.rkt 34) {constant-swap} => miss
mutation-analysis: #s(mutant #f grid.rkt 37) {position-swap} => miss
mutation-analysis: #s(mutant #f grid.rkt 35) {constant-swap} => miss
[info] mutation-analysis: #s(mutant #f grid.rkt 37) {position-swap} => miss
[info] mutation-analysis: #s(mutant #f grid.rkt 35) {constant-swap} => miss
mutation-analysis: #s(mutant #f grid.rkt 38) {boolean-op-swap} => miss
[info] mutation-analysis: #s(mutant #f grid.rkt 38) {boolean-op-swap} => miss
mutation-analysis: #s(mutant #f grid.rkt 39) {position-swap} => miss
[info] mutation-analysis: #s(mutant #f grid.rkt 39) {position-swap} => miss
mutation-analysis: #s(mutant #f grid.rkt 40) {comparison-op-swap} => miss
[info] mutation-analysis: #s(mutant #f grid.rkt 40) {comparison-op-swap} => miss
mutation-analysis: #s(mutant #f grid.rkt 42) {constant-swap} => miss
mutation-analysis: #s(mutant #f grid.rkt 41) {comparison-op-swap} => miss
[info] mutation-analysis: #s(mutant #f grid.rkt 42) {constant-swap} => miss
[info] mutation-analysis: #s(mutant #f grid.rkt 41) {comparison-op-swap} => miss
mutation-analysis: #s(mutant #f grid.rkt 43) {constant-swap} => miss
[info] mutation-analysis: #s(mutant #f grid.rkt 43) {constant-swap} => miss
mutation-analysis: #s(mutant #f grid.rkt 45) {position-swap} => miss
mutation-analysis: #s(mutant #f grid.rkt 44) {constant-swap} => miss
[info] mutation-analysis: #s(mutant #f grid.rkt 45) {position-swap} => miss
[info] mutation-analysis: #s(mutant #f grid.rkt 44) {constant-swap} => miss
mutation-analysis: #s(mutant #f grid.rkt 46) {constant-swap} => miss
[info] mutation-analysis: #s(mutant #f grid.rkt 46) {constant-swap} => miss
mutation-analysis: #s(mutant #f grid.rkt 47) {constant-swap} => miss
[info] mutation-analysis: #s(mutant #f grid.rkt 47) {constant-swap} => miss
mutation-analysis: #s(mutant #f grid.rkt 48) {constant-swap} => miss
[info] mutation-analysis: #s(mutant #f grid.rkt 48) {constant-swap} => miss
mutation-analysis: #s(mutant #f grid.rkt 51) {comparison-op-swap} => miss
mutation-analysis: #s(mutant #f grid.rkt 50) {position-swap} => miss
mutation-analysis: #s(mutant #f grid.rkt 49) {arithmetic-op-swap} => miss
[info] mutation-analysis: #s(mutant #f grid.rkt 51) {comparison-op-swap} => miss
[info] mutation-analysis: #s(mutant #f grid.rkt 50) {position-swap} => miss
[info] mutation-analysis: #s(mutant #f grid.rkt 49) {arithmetic-op-swap} => miss
mutation-analysis: #s(mutant #f grid.rkt 53) {constant-swap} => miss
mutation-analysis: #s(mutant #f grid.rkt 52) {comparison-op-swap} => miss
[info] mutation-analysis: #s(mutant #f grid.rkt 53) {constant-swap} => miss
[info] mutation-analysis: #s(mutant #f grid.rkt 52) {comparison-op-swap} => miss
mutation-analysis: #s(mutant #f grid.rkt 54) {constant-swap} => miss
[info] mutation-analysis: #s(mutant #f grid.rkt 54) {constant-swap} => miss
mutation-analysis: #s(mutant #f grid.rkt 55) {constant-swap} => miss
[info] mutation-analysis: #s(mutant #f grid.rkt 55) {constant-swap} => miss
mutation-analysis: #s(mutant #f grid.rkt 56) {position-swap} => miss
[info] mutation-analysis: #s(mutant #f grid.rkt 56) {position-swap} => miss
mutation-analysis: #s(mutant #f grid.rkt 59) {constant-swap} => miss
mutation-analysis: #s(mutant #f grid.rkt 58) {constant-swap} => miss
mutation-analysis: #s(mutant #f grid.rkt 57) {constant-swap} => miss
[info] mutation-analysis: #s(mutant #f grid.rkt 59) {constant-swap} => miss
[info] mutation-analysis: #s(mutant #f grid.rkt 58) {constant-swap} => miss
[info] mutation-analysis: #s(mutant #f grid.rkt 57) {constant-swap} => miss
mutation-analysis: #s(mutant #f grid.rkt 61) {constant-swap} => miss
mutation-analysis: #s(mutant #f grid.rkt 60) {constant-swap} => miss
[info] mutation-analysis: #s(mutant #f grid.rkt 61) {constant-swap} => miss
[info] mutation-analysis: #s(mutant #f grid.rkt 60) {constant-swap} => miss
mutation-analysis: #s(mutant #f grid.rkt 62) {arithmetic-op-swap} => miss
[info] mutation-analysis: #s(mutant #f grid.rkt 62) {arithmetic-op-swap} => miss
mutation-analysis: #s(mutant #f grid.rkt 63) {begin-drop} => miss
[info] mutation-analysis: #s(mutant #f grid.rkt 63) {begin-drop} => miss
mutation-analysis: #s(mutant #f grid.rkt 64) {position-swap} => miss
[info] mutation-analysis: #s(mutant #f grid.rkt 64) {position-swap} => miss
mutation-analysis: #s(mutant #f grid.rkt 67) {position-swap} => miss
mutation-analysis: #s(mutant #f grid.rkt 66) {position-swap} => miss
mutation-analysis: #s(mutant #f grid.rkt 65) {boolean-op-swap} => miss
[info] mutation-analysis: #s(mutant #f grid.rkt 67) {position-swap} => miss
[info] mutation-analysis: #s(mutant #f grid.rkt 66) {position-swap} => miss
[info] mutation-analysis: #s(mutant #f grid.rkt 65) {boolean-op-swap} => miss
mutation-analysis: #s(mutant #f grid.rkt 69) {position-swap} => miss
mutation-analysis: #s(mutant #f grid.rkt 68) {position-swap} => miss
[info] mutation-analysis: #s(mutant #f grid.rkt 69) {position-swap} => miss
[info] mutation-analysis: #s(mutant #f grid.rkt 68) {position-swap} => miss
mutation-analysis: #s(mutant #f grid.rkt 70) {constant-swap} => miss
[info] mutation-analysis: #s(mutant #f grid.rkt 70) {constant-swap} => miss
mutation-analysis: #s(mutant #f grid.rkt 71) {constant-swap} => miss
[info] mutation-analysis: #s(mutant #f grid.rkt 71) {constant-swap} => miss
mutation-analysis: #s(mutant #f grid.rkt 72) {constant-swap} => miss
[info] mutation-analysis: #s(mutant #f grid.rkt 72) {constant-swap} => miss
mutation-analysis: #s(mutant #f grid.rkt 75) {constant-swap} => miss
mutation-analysis: #s(mutant #f grid.rkt 74) {constant-swap} => miss
mutation-analysis: #s(mutant #f grid.rkt 73) {position-swap} => miss
[info] mutation-analysis: #s(mutant #f grid.rkt 75) {constant-swap} => miss
[info] mutation-analysis: #s(mutant #f grid.rkt 74) {constant-swap} => miss
[info] mutation-analysis: #s(mutant #f grid.rkt 73) {position-swap} => miss
mutation-analysis: #s(mutant #f grid.rkt 77) {constant-swap} => miss
mutation-analysis: #s(mutant #f grid.rkt 76) {constant-swap} => miss
[info] mutation-analysis: #s(mutant #f grid.rkt 77) {constant-swap} => miss
[info] mutation-analysis: #s(mutant #f grid.rkt 76) {constant-swap} => miss
mutation-analysis: #s(mutant #f grid.rkt 79) {begin-drop} => miss
[info] mutation-analysis: #s(mutant #f grid.rkt 79) {begin-drop} => miss
mutation-analysis: #s(mutant #f grid.rkt 78) {constant-swap} => miss
[info] mutation-analysis: #s(mutant #f grid.rkt 78) {constant-swap} => miss
mutation-analysis: #s(mutant #f grid.rkt 80) {position-swap} => miss
[info] mutation-analysis: #s(mutant #f grid.rkt 80) {position-swap} => miss
mutation-analysis: #s(mutant #f grid.rkt 83) {constant-swap} => miss
mutation-analysis: #s(mutant #f grid.rkt 82) {constant-swap} => miss
mutation-analysis: #s(mutant #f grid.rkt 81) {position-swap} => miss
[info] mutation-analysis: #s(mutant #f grid.rkt 83) {constant-swap} => miss
[info] mutation-analysis: #s(mutant #f grid.rkt 82) {constant-swap} => miss
[info] mutation-analysis: #s(mutant #f grid.rkt 81) {position-swap} => miss
mutation-analysis: #s(mutant #f grid.rkt 86) {position-swap} => miss
mutation-analysis: #s(mutant #f grid.rkt 85) {position-swap} => miss
mutation-analysis: #s(mutant #f grid.rkt 84) {constant-swap} => miss
[info] mutation-analysis: #s(mutant #f grid.rkt 86) {position-swap} => miss
[info] mutation-analysis: #s(mutant #f grid.rkt 85) {position-swap} => miss
[info] mutation-analysis: #s(mutant #f grid.rkt 84) {constant-swap} => miss
mutation-analysis: #s(mutant #f grid.rkt 87) {arithmetic-op-swap} => miss
[info] mutation-analysis: #s(mutant #f grid.rkt 87) {arithmetic-op-swap} => miss
mutation-analysis: #s(mutant #f grid.rkt 88) {position-swap} => miss
[info] mutation-analysis: #s(mutant #f grid.rkt 88) {position-swap} => miss
mutation-analysis: #s(mutant #f grid.rkt 91) {constant-swap} => miss
mutation-analysis: #s(mutant #f grid.rkt 90) {constant-swap} => miss
mutation-analysis: #s(mutant #f grid.rkt 89) {constant-swap} => miss
[info] mutation-analysis: #s(mutant #f grid.rkt 91) {constant-swap} => miss
[info] mutation-analysis: #s(mutant #f grid.rkt 90) {constant-swap} => miss
[info] mutation-analysis: #s(mutant #f grid.rkt 89) {constant-swap} => miss
mutation-analysis: #s(mutant #f grid.rkt 94) {constant-swap} => miss
mutation-analysis: #s(mutant #f grid.rkt 93) {constant-swap} => miss
mutation-analysis: #s(mutant #f grid.rkt 92) {constant-swap} => miss
[info] mutation-analysis: #s(mutant #f grid.rkt 94) {constant-swap} => miss
[info] mutation-analysis: #s(mutant #f grid.rkt 93) {constant-swap} => miss
[info] mutation-analysis: #s(mutant #f grid.rkt 92) {constant-swap} => miss
mutation-analysis: #s(mutant #f grid.rkt 95) {constant-swap} => miss
[info] mutation-analysis: #s(mutant #f grid.rkt 95) {constant-swap} => miss
mutation-analysis: #s(mutant #f grid.rkt 97) {begin-drop} => miss
mutation-analysis: #s(mutant #f grid.rkt 96) {constant-swap} => miss
[info] mutation-analysis: #s(mutant #f grid.rkt 97) {begin-drop} => miss
[info] mutation-analysis: #s(mutant #f grid.rkt 96) {constant-swap} => miss
mutation-analysis: #s(mutant #f grid.rkt 99) {position-swap} => miss
mutation-analysis: #s(mutant #f grid.rkt 98) {position-swap} => miss
[info] mutation-analysis: #s(mutant #f grid.rkt 99) {position-swap} => miss
[info] mutation-analysis: #s(mutant #f grid.rkt 98) {position-swap} => miss
mutation-analysis: #s(mutant #f grid.rkt 102) {constant-swap} => miss
mutation-analysis: #s(mutant #f grid.rkt 101) {constant-swap} => miss
mutation-analysis: #s(mutant #f grid.rkt 100) {constant-swap} => miss
[info] mutation-analysis: #s(mutant #f grid.rkt 102) {constant-swap} => miss
[info] mutation-analysis: #s(mutant #f grid.rkt 101) {constant-swap} => miss
[info] mutation-analysis: #s(mutant #f grid.rkt 100) {constant-swap} => miss
mutation-analysis: #s(mutant #f grid.rkt 103) {position-swap} => miss
[info] mutation-analysis: #s(mutant #f grid.rkt 103) {position-swap} => miss
mutation-analysis: #s(mutant #f grid.rkt 105) {arithmetic-op-swap} => miss
mutation-analysis: #s(mutant #f grid.rkt 104) {position-swap} => miss
[info] mutation-analysis: #s(mutant #f grid.rkt 105) {arithmetic-op-swap} => miss
[info] mutation-analysis: #s(mutant #f grid.rkt 104) {position-swap} => miss
mutation-analysis: #s(mutant #f grid.rkt 107) {constant-swap} => miss
mutation-analysis: #s(mutant #f grid.rkt 106) {position-swap} => miss
[info] mutation-analysis: #s(mutant #f grid.rkt 107) {constant-swap} => miss
[info] mutation-analysis: #s(mutant #f grid.rkt 106) {position-swap} => miss
mutation-analysis: #s(mutant #f grid.rkt 110) {constant-swap} => miss
mutation-analysis: #s(mutant #f grid.rkt 109) {constant-swap} => miss
mutation-analysis: #s(mutant #f grid.rkt 108) {constant-swap} => miss
[info] mutation-analysis: #s(mutant #f grid.rkt 110) {constant-swap} => miss
[info] mutation-analysis: #s(mutant #f grid.rkt 109) {constant-swap} => miss
[info] mutation-analysis: #s(mutant #f grid.rkt 108) {constant-swap} => miss
mutation-analysis: #s(mutant #f grid.rkt 111) {constant-swap} => miss
[info] mutation-analysis: #s(mutant #f grid.rkt 111) {constant-swap} => miss
mutation-analysis: #s(mutant #f grid.rkt 115) {begin-drop} => miss
mutation-analysis: #s(mutant #f grid.rkt 113) {constant-swap} => miss
mutation-analysis: #s(mutant #f grid.rkt 112) {constant-swap} => miss
[info] mutation-analysis: #s(mutant #f grid.rkt 115) {begin-drop} => miss
[info] mutation-analysis: #s(mutant #f grid.rkt 113) {constant-swap} => miss
[info] mutation-analysis: #s(mutant #f grid.rkt 112) {constant-swap} => miss
mutation-analysis: #s(mutant #f grid.rkt 114) {constant-swap} => miss
[info] mutation-analysis: #s(mutant #f grid.rkt 114) {constant-swap} => miss
mutation-analysis: #s(mutant #f grid.rkt 118) {position-swap} => miss
mutation-analysis: #s(mutant #f grid.rkt 117) {position-swap} => miss
mutation-analysis: #s(mutant #f grid.rkt 116) {position-swap} => miss
[info] mutation-analysis: #s(mutant #f grid.rkt 118) {position-swap} => miss
[info] mutation-analysis: #s(mutant #f grid.rkt 117) {position-swap} => miss
[info] mutation-analysis: #s(mutant #f grid.rkt 116) {position-swap} => miss
mutation-analysis: #s(mutant #f grid.rkt 119) {arithmetic-op-swap} => miss
[info] mutation-analysis: #s(mutant #f grid.rkt 119) {arithmetic-op-swap} => miss
mutation-analysis: #s(mutant #f grid.rkt 122) {constant-swap} => miss
mutation-analysis: #s(mutant #f grid.rkt 121) {constant-swap} => miss
mutation-analysis: #s(mutant #f grid.rkt 120) {position-swap} => miss
[info] mutation-analysis: #s(mutant #f grid.rkt 122) {constant-swap} => miss
[info] mutation-analysis: #s(mutant #f grid.rkt 121) {constant-swap} => miss
[info] mutation-analysis: #s(mutant #f grid.rkt 120) {position-swap} => miss
mutation-analysis: #s(mutant #f grid.rkt 123) {constant-swap} => miss
[info] mutation-analysis: #s(mutant #f grid.rkt 123) {constant-swap} => miss
mutation-analysis: #s(mutant #f grid.rkt 126) {constant-swap} => miss
mutation-analysis: #s(mutant #f grid.rkt 125) {constant-swap} => miss
mutation-analysis: #s(mutant #f grid.rkt 124) {constant-swap} => miss
[info] mutation-analysis: #s(mutant #f grid.rkt 126) {constant-swap} => miss
[info] mutation-analysis: #s(mutant #f grid.rkt 125) {constant-swap} => miss
[info] mutation-analysis: #s(mutant #f grid.rkt 124) {constant-swap} => miss
mutation-analysis: #s(mutant #f grid.rkt 127) {position-swap} => miss
[info] mutation-analysis: #s(mutant #f grid.rkt 127) {position-swap} => miss
mutation-analysis: #s(mutant #f grid.rkt 130) {constant-swap} => miss
mutation-analysis: #s(mutant #f grid.rkt 129) {constant-swap} => miss
mutation-analysis: #s(mutant #f grid.rkt 128) {constant-swap} => miss
[info] mutation-analysis: #s(mutant #f grid.rkt 130) {constant-swap} => miss
[info] mutation-analysis: #s(mutant #f grid.rkt 129) {constant-swap} => miss
[info] mutation-analysis: #s(mutant #f grid.rkt 128) {constant-swap} => miss
mutation-analysis: #s(mutant #f grid.rkt 133) {begin-drop} => miss
mutation-analysis: #s(mutant #f grid.rkt 131) {constant-swap} => miss
[info] mutation-analysis: #s(mutant #f grid.rkt 133) {begin-drop} => miss
[info] mutation-analysis: #s(mutant #f grid.rkt 131) {constant-swap} => miss
mutation-analysis: #s(mutant #f grid.rkt 134) {position-swap} => miss
mutation-analysis: #s(mutant #f grid.rkt 132) {constant-swap} => miss
[info] mutation-analysis: #s(mutant #f grid.rkt 134) {position-swap} => miss
[info] mutation-analysis: #s(mutant #f grid.rkt 132) {constant-swap} => miss
mutation-analysis: #s(mutant #f grid.rkt 135) {position-swap} => miss
[info] mutation-analysis: #s(mutant #f grid.rkt 135) {position-swap} => miss
mutation-analysis: #s(mutant #f grid.rkt 138) {position-swap} => miss
mutation-analysis: #s(mutant #f grid.rkt 137) {arithmetic-op-swap} => miss
mutation-analysis: #s(mutant #f grid.rkt 136) {position-swap} => miss
[info] mutation-analysis: #s(mutant #f grid.rkt 138) {position-swap} => miss
[info] mutation-analysis: #s(mutant #f grid.rkt 137) {arithmetic-op-swap} => miss
[info] mutation-analysis: #s(mutant #f grid.rkt 136) {position-swap} => miss
mutation-analysis: #s(mutant #f grid.rkt 140) {constant-swap} => miss
mutation-analysis: #s(mutant #f grid.rkt 139) {constant-swap} => miss
[info] mutation-analysis: #s(mutant #f grid.rkt 140) {constant-swap} => miss
[info] mutation-analysis: #s(mutant #f grid.rkt 139) {constant-swap} => miss
mutation-analysis: #s(mutant #f grid.rkt 142) {constant-swap} => miss
mutation-analysis: #s(mutant #f grid.rkt 141) {constant-swap} => miss
[info] mutation-analysis: #s(mutant #f grid.rkt 142) {constant-swap} => miss
[info] mutation-analysis: #s(mutant #f grid.rkt 141) {constant-swap} => miss
mutation-analysis: #s(mutant #f grid.rkt 143) {constant-swap} => miss
[info] mutation-analysis: #s(mutant #f grid.rkt 143) {constant-swap} => miss
mutation-analysis: #s(mutant #f grid.rkt 146) {constant-swap} => miss
mutation-analysis: #s(mutant #f grid.rkt 145) {position-swap} => miss
mutation-analysis: #s(mutant #f grid.rkt 144) {constant-swap} => miss
[info] mutation-analysis: #s(mutant #f grid.rkt 146) {constant-swap} => miss
[info] mutation-analysis: #s(mutant #f grid.rkt 145) {position-swap} => miss
[info] mutation-analysis: #s(mutant #f grid.rkt 144) {constant-swap} => miss
mutation-analysis: #s(mutant #f grid.rkt 148) {constant-swap} => miss
mutation-analysis: #s(mutant #f grid.rkt 147) {constant-swap} => miss
[info] mutation-analysis: #s(mutant #f grid.rkt 148) {constant-swap} => miss
[info] mutation-analysis: #s(mutant #f grid.rkt 147) {constant-swap} => miss
mutation-analysis: #s(mutant #f main.rkt 0) {constant-swap} => miss
mutation-analysis: #s(mutant #f grid.rkt 150) {constant-swap} => miss
mutation-analysis: #s(mutant #f grid.rkt 149) {constant-swap} => miss
[info] mutation-analysis: #s(mutant #f main.rkt 0) {constant-swap} => miss
[info] mutation-analysis: #s(mutant #f grid.rkt 150) {constant-swap} => miss
[info] mutation-analysis: #s(mutant #f grid.rkt 149) {constant-swap} => miss
mutation-analysis: #s(mutant #f main.rkt 3) {constant-swap} => miss
mutation-analysis: #s(mutant #f main.rkt 2) {constant-swap} => miss
mutation-analysis: #s(mutant #f main.rkt 1) {constant-swap} => miss
[info] mutation-analysis: #s(mutant #f main.rkt 3) {constant-swap} => miss
[info] mutation-analysis: #s(mutant #f main.rkt 2) {constant-swap} => miss
[info] mutation-analysis: #s(mutant #f main.rkt 1) {constant-swap} => miss
mutation-analysis: #s(mutant #f main.rkt 5) {constant-swap} => miss
mutation-analysis: #s(mutant #f main.rkt 4) {constant-swap} => miss
[info] mutation-analysis: #s(mutant #f main.rkt 5) {constant-swap} => miss
[info] mutation-analysis: #s(mutant #f main.rkt 4) {constant-swap} => miss
mutation-analysis: #s(mutant #f main.rkt 8) {constant-swap} => miss
mutation-analysis: #s(mutant #f main.rkt 7) {constant-swap} => miss
mutation-analysis: #s(mutant #f main.rkt 6) {constant-swap} => miss
[info] mutation-analysis: #s(mutant #f main.rkt 8) {constant-swap} => miss
[info] mutation-analysis: #s(mutant #f main.rkt 7) {constant-swap} => miss
[info] mutation-analysis: #s(mutant #f main.rkt 6) {constant-swap} => miss
mutation-analysis: #s(mutant #f main.rkt 11) {constant-swap} => miss
mutation-analysis: #s(mutant #f main.rkt 10) {constant-swap} => miss
mutation-analysis: #s(mutant #f main.rkt 9) {constant-swap} => miss
[info] mutation-analysis: #s(mutant #f main.rkt 11) {constant-swap} => miss
[info] mutation-analysis: #s(mutant #f main.rkt 10) {constant-swap} => miss
[info] mutation-analysis: #s(mutant #f main.rkt 9) {constant-swap} => miss
mutation-analysis: #s(mutant #f main.rkt 13) {constant-swap} => miss
mutation-analysis: #s(mutant #f main.rkt 12) {constant-swap} => miss
[info] mutation-analysis: #s(mutant #f main.rkt 13) {constant-swap} => miss
[info] mutation-analysis: #s(mutant #f main.rkt 12) {constant-swap} => miss
mutation-analysis: #s(mutant #f main.rkt 16) {constant-swap} => miss
mutation-analysis: #s(mutant #f main.rkt 15) {constant-swap} => miss
mutation-analysis: #s(mutant #f main.rkt 14) {constant-swap} => miss
[info] mutation-analysis: #s(mutant #f main.rkt 16) {constant-swap} => miss
[info] mutation-analysis: #s(mutant #f main.rkt 15) {constant-swap} => miss
[info] mutation-analysis: #s(mutant #f main.rkt 14) {constant-swap} => miss
mutation-analysis: #s(mutant #f main.rkt 19) {constant-swap} => miss
mutation-analysis: #s(mutant #f main.rkt 18) {constant-swap} => miss
mutation-analysis: #s(mutant #f main.rkt 17) {constant-swap} => miss
[info] mutation-analysis: #s(mutant #f main.rkt 19) {constant-swap} => miss
[info] mutation-analysis: #s(mutant #f main.rkt 18) {constant-swap} => miss
[info] mutation-analysis: #s(mutant #f main.rkt 17) {constant-swap} => miss
mutation-analysis: #s(mutant #f main.rkt 21) {constant-swap} => miss
mutation-analysis: #s(mutant #f main.rkt 20) {constant-swap} => miss
[info] mutation-analysis: #s(mutant #f main.rkt 21) {constant-swap} => miss
[info] mutation-analysis: #s(mutant #f main.rkt 20) {constant-swap} => miss
mutation-analysis: #s(mutant #f main.rkt 24) {begin-drop} => miss
mutation-analysis: #s(mutant #f main.rkt 23) {begin-drop} => miss
[info] mutation-analysis: #s(mutant #f main.rkt 24) {begin-drop} => miss
[info] mutation-analysis: #s(mutant #f main.rkt 23) {begin-drop} => miss
mutation-analysis: #s(mutant #f main.rkt 22) {begin-drop} => miss
[info] mutation-analysis: #s(mutant #f main.rkt 22) {begin-drop} => miss
mutation-analysis: #s(mutant #f main.rkt 28) {begin-drop} => miss
mutation-analysis: #s(mutant #f main.rkt 27) {begin-drop} => miss
[info] mutation-analysis: #s(mutant #f main.rkt 28) {begin-drop} => miss
[info] mutation-analysis: #s(mutant #f main.rkt 27) {begin-drop} => miss
mutation-analysis: #s(mutant #f main.rkt 26) {begin-drop} => miss
mutation-analysis: #s(mutant #f main.rkt 25) {begin-drop} => miss
[info] mutation-analysis: #s(mutant #f main.rkt 26) {begin-drop} => miss
[info] mutation-analysis: #s(mutant #f main.rkt 25) {begin-drop} => miss
mutation-analysis: #s(mutant #f main.rkt 29) {position-swap} => miss
[info] mutation-analysis: #s(mutant #f main.rkt 29) {position-swap} => miss
mutation-analysis: #s(mutant #f main.rkt 32) {position-swap} => miss
mutation-analysis: #s(mutant #f main.rkt 31) {position-swap} => miss
mutation-analysis: #s(mutant #f main.rkt 30) {position-swap} => miss
[info] mutation-analysis: #s(mutant #f main.rkt 32) {position-swap} => miss
[info] mutation-analysis: #s(mutant #f main.rkt 31) {position-swap} => miss
[info] mutation-analysis: #s(mutant #f main.rkt 30) {position-swap} => miss
mutation-analysis: #s(mutant #f main.rkt 36) {arithmetic-op-swap} => miss
mutation-analysis: #s(mutant #f main.rkt 35) {position-swap} => miss
mutation-analysis: #s(mutant #f main.rkt 34) {position-swap} => miss
mutation-analysis: #s(mutant #f main.rkt 33) {position-swap} => miss
[info] mutation-analysis: #s(mutant #f main.rkt 36) {arithmetic-op-swap} => miss
[info] mutation-analysis: #s(mutant #f main.rkt 35) {position-swap} => miss
[info] mutation-analysis: #s(mutant #f main.rkt 34) {position-swap} => miss
[info] mutation-analysis: #s(mutant #f main.rkt 33) {position-swap} => miss
mutation-analysis: #s(mutant #f main.rkt 37) {position-swap} => miss
[info] mutation-analysis: #s(mutant #f main.rkt 37) {position-swap} => miss
mutation-analysis: #s(mutant #f main.rkt 40) {constant-swap} => miss
mutation-analysis: #s(mutant #f main.rkt 39) {constant-swap} => miss
mutation-analysis: #s(mutant #f main.rkt 38) {arithmetic-op-swap} => miss
[info] mutation-analysis: #s(mutant #f main.rkt 40) {constant-swap} => miss
[info] mutation-analysis: #s(mutant #f main.rkt 39) {constant-swap} => miss
[info] mutation-analysis: #s(mutant #f main.rkt 38) {arithmetic-op-swap} => miss
mutation-analysis: #s(mutant #f main.rkt 43) {constant-swap} => miss
mutation-analysis: #s(mutant #f main.rkt 41) {constant-swap} => miss
[info] mutation-analysis: #s(mutant #f main.rkt 43) {constant-swap} => miss
[info] mutation-analysis: #s(mutant #f main.rkt 41) {constant-swap} => miss
mutation-analysis: #s(mutant #f main.rkt 45) {position-swap} => miss
mutation-analysis: #s(mutant #f main.rkt 44) {arithmetic-op-swap} => miss
mutation-analysis: #s(mutant #f main.rkt 42) {constant-swap} => miss
[info] mutation-analysis: #s(mutant #f main.rkt 45) {position-swap} => miss
[info] mutation-analysis: #s(mutant #f main.rkt 44) {arithmetic-op-swap} => miss
[info] mutation-analysis: #s(mutant #f main.rkt 42) {constant-swap} => miss
mutation-analysis: #s(mutant #f main.rkt 48) {arithmetic-op-swap} => miss
mutation-analysis: #s(mutant #f main.rkt 47) {position-swap} => miss
mutation-analysis: #s(mutant #f main.rkt 46) {arithmetic-op-swap} => miss
[info] mutation-analysis: #s(mutant #f main.rkt 48) {arithmetic-op-swap} => miss
[info] mutation-analysis: #s(mutant #f main.rkt 47) {position-swap} => miss
[info] mutation-analysis: #s(mutant #f main.rkt 46) {arithmetic-op-swap} => miss
mutation-analysis: #s(mutant #f main.rkt 50) {constant-swap} => miss
mutation-analysis: #s(mutant #f main.rkt 49) {constant-swap} => miss
[info] mutation-analysis: #s(mutant #f main.rkt 50) {constant-swap} => miss
[info] mutation-analysis: #s(mutant #f main.rkt 49) {constant-swap} => miss
mutation-analysis: #s(mutant #f main.rkt 53) {constant-swap} => miss
mutation-analysis: #s(mutant #f main.rkt 52) {constant-swap} => miss
mutation-analysis: #s(mutant #f main.rkt 51) {constant-swap} => miss
[info] mutation-analysis: #s(mutant #f main.rkt 53) {constant-swap} => miss
[info] mutation-analysis: #s(mutant #f main.rkt 52) {constant-swap} => miss
[info] mutation-analysis: #s(mutant #f main.rkt 51) {constant-swap} => miss
mutation-analysis: #s(mutant #f main.rkt 54) {position-swap} => miss
[info] mutation-analysis: #s(mutant #f main.rkt 54) {position-swap} => miss
mutation-analysis: #s(mutant #f main.rkt 56) {position-swap} => miss
mutation-analysis: #s(mutant #f main.rkt 55) {position-swap} => miss
[info] mutation-analysis: #s(mutant #f main.rkt 56) {position-swap} => miss
[info] mutation-analysis: #s(mutant #f main.rkt 55) {position-swap} => miss
mutation-analysis: #s(mutant #f main.rkt 58) {position-swap} => miss
mutation-analysis: #s(mutant #f main.rkt 57) {arithmetic-op-swap} => miss
[info] mutation-analysis: #s(mutant #f main.rkt 58) {position-swap} => miss
[info] mutation-analysis: #s(mutant #f main.rkt 57) {arithmetic-op-swap} => miss
mutation-analysis: #s(mutant #f main.rkt 61) {constant-swap} => miss
mutation-analysis: #s(mutant #f main.rkt 60) {constant-swap} => miss
mutation-analysis: #s(mutant #f main.rkt 59) {arithmetic-op-swap} => miss
[info] mutation-analysis: #s(mutant #f main.rkt 61) {constant-swap} => miss
[info] mutation-analysis: #s(mutant #f main.rkt 60) {constant-swap} => miss
[info] mutation-analysis: #s(mutant #f main.rkt 59) {arithmetic-op-swap} => miss
mutation-analysis: #s(mutant #f main.rkt 62) {constant-swap} => miss
[info] mutation-analysis: #s(mutant #f main.rkt 62) {constant-swap} => miss
mutation-analysis: #s(mutant #f main.rkt 64) {constant-swap} => miss
mutation-analysis: #s(mutant #f main.rkt 63) {constant-swap} => miss
[info] mutation-analysis: #s(mutant #f main.rkt 64) {constant-swap} => miss
[info] mutation-analysis: #s(mutant #f main.rkt 63) {constant-swap} => miss
mutation-analysis: #s(mutant #f main.rkt 66) {position-swap} => miss
mutation-analysis: #s(mutant #f main.rkt 65) {arithmetic-op-swap} => miss
[info] mutation-analysis: #s(mutant #f main.rkt 66) {position-swap} => miss
[info] mutation-analysis: #s(mutant #f main.rkt 65) {arithmetic-op-swap} => miss
mutation-analysis: #s(mutant #f main.rkt 69) {arithmetic-op-swap} => miss
mutation-analysis: #s(mutant #f main.rkt 68) {position-swap} => miss
mutation-analysis: #s(mutant #f main.rkt 67) {arithmetic-op-swap} => miss
[info] mutation-analysis: #s(mutant #f main.rkt 69) {arithmetic-op-swap} => miss
[info] mutation-analysis: #s(mutant #f main.rkt 68) {position-swap} => miss
[info] mutation-analysis: #s(mutant #f main.rkt 67) {arithmetic-op-swap} => miss
mutation-analysis: #s(mutant #f main.rkt 70) {constant-swap} => miss
[info] mutation-analysis: #s(mutant #f main.rkt 70) {constant-swap} => miss
mutation-analysis: #s(mutant #f main.rkt 72) {constant-swap} => miss
mutation-analysis: #s(mutant #f main.rkt 71) {constant-swap} => miss
[info] mutation-analysis: #s(mutant #f main.rkt 72) {constant-swap} => miss
[info] mutation-analysis: #s(mutant #f main.rkt 71) {constant-swap} => miss
mutation-analysis: #s(mutant #f main.rkt 74) {constant-swap} => miss
mutation-analysis: #s(mutant #f main.rkt 73) {constant-swap} => miss
[info] mutation-analysis: #s(mutant #f main.rkt 74) {constant-swap} => miss
[info] mutation-analysis: #s(mutant #f main.rkt 73) {constant-swap} => miss
mutation-analysis: #s(mutant #f main.rkt 77) {position-swap} => miss
mutation-analysis: #s(mutant #f main.rkt 76) {arithmetic-op-swap} => miss
mutation-analysis: #s(mutant #f main.rkt 75) {position-swap} => miss
[info] mutation-analysis: #s(mutant #f main.rkt 77) {position-swap} => miss
[info] mutation-analysis: #s(mutant #f main.rkt 76) {arithmetic-op-swap} => miss
[info] mutation-analysis: #s(mutant #f main.rkt 75) {position-swap} => miss
mutation-analysis: #s(mutant #f main.rkt 78) {arithmetic-op-swap} => miss
[info] mutation-analysis: #s(mutant #f main.rkt 78) {arithmetic-op-swap} => miss
mutation-analysis: #s(mutant #f main.rkt 80) {position-swap} => miss
mutation-analysis: #s(mutant #f main.rkt 79) {position-swap} => miss
[info] mutation-analysis: #s(mutant #f main.rkt 80) {position-swap} => miss
[info] mutation-analysis: #s(mutant #f main.rkt 79) {position-swap} => miss
mutation-analysis: #s(mutant #f main.rkt 82) {constant-swap} => miss
mutation-analysis: #s(mutant #f main.rkt 81) {constant-swap} => miss
[info] mutation-analysis: #s(mutant #f main.rkt 82) {constant-swap} => miss
[info] mutation-analysis: #s(mutant #f main.rkt 81) {constant-swap} => miss
mutation-analysis: #s(mutant #f main.rkt 86) {negate-conditional} => miss
mutation-analysis: #s(mutant #f main.rkt 85) {negate-conditional} => miss
mutation-analysis: #s(mutant #f main.rkt 84) {position-swap} => miss
mutation-analysis: #s(mutant #f main.rkt 83) {position-swap} => miss
[info] mutation-analysis: #s(mutant #f main.rkt 86) {negate-conditional} => miss
[info] mutation-analysis: #s(mutant #f main.rkt 85) {negate-conditional} => miss
[info] mutation-analysis: #s(mutant #f main.rkt 84) {position-swap} => miss
[info] mutation-analysis: #s(mutant #f main.rkt 83) {position-swap} => miss
mutation-analysis: #s(mutant #f main.rkt 88) {position-swap} => miss
mutation-analysis: #s(mutant #f main.rkt 87) {position-swap} => miss
[info] mutation-analysis: #s(mutant #f main.rkt 88) {position-swap} => miss
[info] mutation-analysis: #s(mutant #f main.rkt 87) {position-swap} => miss
mutation-analysis: #s(mutant #f main.rkt 89) {position-swap} => miss
[info] mutation-analysis: #s(mutant #f main.rkt 89) {position-swap} => miss
mutation-analysis: #s(mutant #f main.rkt 90) {position-swap} => miss
[info] mutation-analysis: #s(mutant #f main.rkt 90) {position-swap} => miss
mutation-analysis: #s(mutant #f main.rkt 94) {negate-conditional} => miss
mutation-analysis: #s(mutant #f main.rkt 93) {position-swap} => miss
mutation-analysis: #s(mutant #f main.rkt 92) {position-swap} => miss
mutation-analysis: #s(mutant #f main.rkt 91) {boolean-op-swap} => miss
[info] mutation-analysis: #s(mutant #f main.rkt 94) {negate-conditional} => miss
[info] mutation-analysis: #s(mutant #f main.rkt 93) {position-swap} => miss
[info] mutation-analysis: #s(mutant #f main.rkt 92) {position-swap} => miss
[info] mutation-analysis: #s(mutant #f main.rkt 91) {boolean-op-swap} => miss
mutation-analysis: #s(mutant #f main.rkt 96) {position-swap} => miss
[info] mutation-analysis: #s(mutant #f main.rkt 96) {position-swap} => miss
mutation-analysis: #s(mutant #f main.rkt 95) {position-swap} => miss
[info] mutation-analysis: #s(mutant #f main.rkt 95) {position-swap} => miss
mutation-analysis: #s(mutant #f main.rkt 97) {position-swap} => miss
[info] mutation-analysis: #s(mutant #f main.rkt 97) {position-swap} => miss
mutation-analysis: #s(mutant #f main.rkt 98) {boolean-op-swap} => miss
[info] mutation-analysis: #s(mutant #f main.rkt 98) {boolean-op-swap} => miss
mutation-analysis: #s(mutant #f main.rkt 102) {position-swap} => miss
mutation-analysis: #s(mutant #f main.rkt 101) {position-swap} => miss
mutation-analysis: #s(mutant #f main.rkt 100) {boolean-op-swap} => miss
mutation-analysis: #s(mutant #f main.rkt 99) {position-swap} => miss
[info] mutation-analysis: #s(mutant #f main.rkt 102) {position-swap} => miss
[info] mutation-analysis: #s(mutant #f main.rkt 101) {position-swap} => miss
[info] mutation-analysis: #s(mutant #f main.rkt 100) {boolean-op-swap} => miss
[info] mutation-analysis: #s(mutant #f main.rkt 99) {position-swap} => miss
mutation-analysis: #s(mutant #f main.rkt 103) {position-swap} => miss
[info] mutation-analysis: #s(mutant #f main.rkt 103) {position-swap} => miss
mutation-analysis: #s(mutant #f main.rkt 104) {position-swap} => miss
[info] mutation-analysis: #s(mutant #f main.rkt 104) {position-swap} => miss
mutation-analysis: #s(mutant #f main.rkt 105) {position-swap} => miss
[info] mutation-analysis: #s(mutant #f main.rkt 105) {position-swap} => miss
mutation-analysis: #s(mutant #f main.rkt 106) {position-swap} => miss
[info] mutation-analysis: #s(mutant #f main.rkt 106) {position-swap} => miss
mutation-analysis: #s(mutant #f main.rkt 110) {comparison-op-swap} => miss
mutation-analysis: #s(mutant #f main.rkt 109) {comparison-op-swap} => miss
mutation-analysis: #s(mutant #f main.rkt 108) {position-swap} => miss
mutation-analysis: #s(mutant #f main.rkt 107) {boolean-op-swap} => miss
[info] mutation-analysis: #s(mutant #f main.rkt 110) {comparison-op-swap} => miss
[info] mutation-analysis: #s(mutant #f main.rkt 109) {comparison-op-swap} => miss
[info] mutation-analysis: #s(mutant #f main.rkt 108) {position-swap} => miss
[info] mutation-analysis: #s(mutant #f main.rkt 107) {boolean-op-swap} => miss
mutation-analysis: #s(mutant #f main.rkt 111) {position-swap} => miss
[info] mutation-analysis: #s(mutant #f main.rkt 111) {position-swap} => miss
mutation-analysis: #s(mutant #f main.rkt 112) {comparison-op-swap} => miss
[info] mutation-analysis: #s(mutant #f main.rkt 112) {comparison-op-swap} => miss
mutation-analysis: #s(mutant #f main.rkt 113) {comparison-op-swap} => miss
[info] mutation-analysis: #s(mutant #f main.rkt 113) {comparison-op-swap} => miss
mutation-analysis: #s(mutant #f main.rkt 114) {arithmetic-op-swap} => miss
[info] mutation-analysis: #s(mutant #f main.rkt 114) {arithmetic-op-swap} => miss
mutation-analysis: #s(mutant #f main.rkt 118) {comparison-op-swap} => miss
mutation-analysis: #s(mutant #f main.rkt 117) {position-swap} => miss
mutation-analysis: #s(mutant #f main.rkt 116) {boolean-op-swap} => miss
mutation-analysis: #s(mutant #f main.rkt 115) {position-swap} => miss
[info] mutation-analysis: #s(mutant #f main.rkt 118) {comparison-op-swap} => miss
[info] mutation-analysis: #s(mutant #f main.rkt 117) {position-swap} => miss
[info] mutation-analysis: #s(mutant #f main.rkt 116) {boolean-op-swap} => miss
[info] mutation-analysis: #s(mutant #f main.rkt 115) {position-swap} => miss
mutation-analysis: #s(mutant #f main.rkt 120) {position-swap} => miss
mutation-analysis: #s(mutant #f main.rkt 119) {comparison-op-swap} => miss
[info] mutation-analysis: #s(mutant #f main.rkt 120) {position-swap} => miss
[info] mutation-analysis: #s(mutant #f main.rkt 119) {comparison-op-swap} => miss
mutation-analysis: #s(mutant #f main.rkt 121) {comparison-op-swap} => miss
[info] mutation-analysis: #s(mutant #f main.rkt 121) {comparison-op-swap} => miss
mutation-analysis: #s(mutant #f main.rkt 122) {comparison-op-swap} => miss
[info] mutation-analysis: #s(mutant #f main.rkt 122) {comparison-op-swap} => miss
mutation-analysis: #s(mutant #f main.rkt 126) {boolean-op-swap} => miss
mutation-analysis: #s(mutant #f main.rkt 125) {position-swap} => miss
mutation-analysis: #s(mutant #f main.rkt 124) {negate-conditional} => miss
mutation-analysis: #s(mutant #f main.rkt 123) {arithmetic-op-swap} => miss
[info] mutation-analysis: #s(mutant #f main.rkt 126) {boolean-op-swap} => miss
[info] mutation-analysis: #s(mutant #f main.rkt 125) {position-swap} => miss
[info] mutation-analysis: #s(mutant #f main.rkt 124) {negate-conditional} => miss
[info] mutation-analysis: #s(mutant #f main.rkt 123) {arithmetic-op-swap} => miss
mutation-analysis: #s(mutant #f main.rkt 128) {position-swap} => miss
mutation-analysis: #s(mutant #f main.rkt 127) {position-swap} => miss
[info] mutation-analysis: #s(mutant #f main.rkt 128) {position-swap} => miss
[info] mutation-analysis: #s(mutant #f main.rkt 127) {position-swap} => miss
mutation-analysis: #s(mutant #f main.rkt 129) {constant-swap} => miss
[info] mutation-analysis: #s(mutant #f main.rkt 129) {constant-swap} => miss
mutation-analysis: #s(mutant #f main.rkt 130) {constant-swap} => miss
[info] mutation-analysis: #s(mutant #f main.rkt 130) {constant-swap} => miss
mutation-analysis: #s(mutant #f main.rkt 134) {boolean-op-swap} => miss
mutation-analysis: #s(mutant #f main.rkt 133) {position-swap} => miss
mutation-analysis: #s(mutant #f main.rkt 132) {negate-conditional} => miss
mutation-analysis: #s(mutant #f main.rkt 131) {position-swap} => miss
[info] mutation-analysis: #s(mutant #f main.rkt 134) {boolean-op-swap} => miss
[info] mutation-analysis: #s(mutant #f main.rkt 133) {position-swap} => miss
[info] mutation-analysis: #s(mutant #f main.rkt 132) {negate-conditional} => miss
[info] mutation-analysis: #s(mutant #f main.rkt 131) {position-swap} => miss
mutation-analysis: #s(mutant #f main.rkt 136) {position-swap} => miss
mutation-analysis: #s(mutant #f main.rkt 135) {position-swap} => miss
[info] mutation-analysis: #s(mutant #f main.rkt 136) {position-swap} => miss
[info] mutation-analysis: #s(mutant #f main.rkt 135) {position-swap} => miss
mutation-analysis: #s(mutant #f main.rkt 137) {position-swap} => miss
[info] mutation-analysis: #s(mutant #f main.rkt 137) {position-swap} => miss
mutation-analysis: #s(mutant #f main.rkt 138) {constant-swap} => miss
[info] mutation-analysis: #s(mutant #f main.rkt 138) {constant-swap} => miss
mutation-analysis: #s(mutant #f main.rkt 142) {position-swap} => miss
mutation-analysis: #s(mutant #f main.rkt 141) {position-swap} => miss
mutation-analysis: #s(mutant #f main.rkt 140) {position-swap} => miss
mutation-analysis: #s(mutant #f main.rkt 139) {constant-swap} => miss
[info] mutation-analysis: #s(mutant #f main.rkt 142) {position-swap} => miss
[info] mutation-analysis: #s(mutant #f main.rkt 141) {position-swap} => miss
[info] mutation-analysis: #s(mutant #f main.rkt 140) {position-swap} => miss
[info] mutation-analysis: #s(mutant #f main.rkt 139) {constant-swap} => miss
mutation-analysis: #s(mutant #f main.rkt 144) {constant-swap} => miss
mutation-analysis: #s(mutant #f main.rkt 143) {constant-swap} => miss
[info] mutation-analysis: #s(mutant #f main.rkt 144) {constant-swap} => miss
[info] mutation-analysis: #s(mutant #f main.rkt 143) {constant-swap} => miss
mutation-analysis: #s(mutant #f main.rkt 145) {position-swap} => miss
[info] mutation-analysis: #s(mutant #f main.rkt 145) {position-swap} => miss
mutation-analysis: #s(mutant #f main.rkt 146) {boolean-op-swap} => miss
[info] mutation-analysis: #s(mutant #f main.rkt 146) {boolean-op-swap} => miss
mutation-analysis: #s(mutant #f main.rkt 152) {begin-drop} => miss
mutation-analysis: #s(mutant #f main.rkt 150) {position-swap} => miss
mutation-analysis: #s(mutant #f main.rkt 149) {begin-drop} => miss
mutation-analysis: #s(mutant #f main.rkt 148) {position-swap} => miss
[info] mutation-analysis: #s(mutant #f main.rkt 152) {begin-drop} => miss
[info] mutation-analysis: #s(mutant #f main.rkt 150) {position-swap} => miss
[info] mutation-analysis: #s(mutant #f main.rkt 149) {begin-drop} => miss
[info] mutation-analysis: #s(mutant #f main.rkt 148) {position-swap} => miss
mutation-analysis: #s(mutant #f main.rkt 147) {position-swap} => miss
[info] mutation-analysis: #s(mutant #f main.rkt 147) {position-swap} => miss
mutation-analysis: #s(mutant #f main.rkt 151) {position-swap} => miss
[info] mutation-analysis: #s(mutant #f main.rkt 151) {position-swap} => miss
mutation-analysis: #s(mutant #f main.rkt 153) {position-swap} => miss
[info] mutation-analysis: #s(mutant #f main.rkt 153) {position-swap} => miss
mutation-analysis: #s(mutant #f main.rkt 154) {position-swap} => miss
[info] mutation-analysis: #s(mutant #f main.rkt 154) {position-swap} => miss
mutation-analysis: #s(mutant #f main.rkt 156) {position-swap} => miss
mutation-analysis: #s(mutant #f main.rkt 155) {begin-drop} => miss
[info] mutation-analysis: #s(mutant #f main.rkt 156) {position-swap} => miss
[info] mutation-analysis: #s(mutant #f main.rkt 155) {begin-drop} => miss
mutation-analysis: #s(mutant #f main.rkt 160) {begin-drop} => miss
mutation-analysis: #s(mutant #f main.rkt 159) {position-swap} => miss
mutation-analysis: #s(mutant #f main.rkt 158) {position-swap} => miss
mutation-analysis: #s(mutant #f main.rkt 157) {boolean-op-swap} => miss
[info] mutation-analysis: #s(mutant #f main.rkt 160) {begin-drop} => miss
[info] mutation-analysis: #s(mutant #f main.rkt 159) {position-swap} => miss
[info] mutation-analysis: #s(mutant #f main.rkt 158) {position-swap} => miss
[info] mutation-analysis: #s(mutant #f main.rkt 157) {boolean-op-swap} => miss
mutation-analysis: #s(mutant #f main.rkt 161) {position-swap} => miss
[info] mutation-analysis: #s(mutant #f main.rkt 161) {position-swap} => miss
mutation-analysis: #s(mutant #f main.rkt 162) {boolean-op-swap} => miss
[info] mutation-analysis: #s(mutant #f main.rkt 162) {boolean-op-swap} => miss
mutation-analysis: #s(mutant #f main.rkt 164) {position-swap} => miss
mutation-analysis: #s(mutant #f main.rkt 163) {position-swap} => miss
[info] mutation-analysis: #s(mutant #f main.rkt 164) {position-swap} => miss
[info] mutation-analysis: #s(mutant #f main.rkt 163) {position-swap} => miss
mutation-analysis: #s(mutant #f main.rkt 168) {position-swap} => miss
mutation-analysis: #s(mutant #f main.rkt 167) {begin-drop} => miss
mutation-analysis: #s(mutant #f main.rkt 166) {begin-drop} => miss
[info] mutation-analysis: #s(mutant #f main.rkt 168) {position-swap} => miss
[info] mutation-analysis: #s(mutant #f main.rkt 167) {begin-drop} => miss
[info] mutation-analysis: #s(mutant #f main.rkt 166) {begin-drop} => miss
mutation-analysis: #s(mutant #f main.rkt 165) {begin-drop} => miss
[info] mutation-analysis: #s(mutant #f main.rkt 165) {begin-drop} => miss
mutation-analysis: #s(mutant #f main.rkt 169) {position-swap} => miss
[info] mutation-analysis: #s(mutant #f main.rkt 169) {position-swap} => miss
mutation-analysis: #s(mutant #f main.rkt 170) {position-swap} => miss
[info] mutation-analysis: #s(mutant #f main.rkt 170) {position-swap} => miss
mutation-analysis: #s(mutant #f main.rkt 172) {constant-swap} => miss
mutation-analysis: #s(mutant #f main.rkt 171) {constant-swap} => miss
[info] mutation-analysis: #s(mutant #f main.rkt 172) {constant-swap} => miss
[info] mutation-analysis: #s(mutant #f main.rkt 171) {constant-swap} => miss
mutation-analysis: #s(mutant #f main.rkt 176) {constant-swap} => miss
mutation-analysis: #s(mutant #f main.rkt 175) {constant-swap} => miss
mutation-analysis: #s(mutant #f main.rkt 174) {constant-swap} => miss
mutation-analysis: #s(mutant #f main.rkt 173) {constant-swap} => miss
[info] mutation-analysis: #s(mutant #f main.rkt 176) {constant-swap} => miss
[info] mutation-analysis: #s(mutant #f main.rkt 175) {constant-swap} => miss
[info] mutation-analysis: #s(mutant #f main.rkt 174) {constant-swap} => miss
[info] mutation-analysis: #s(mutant #f main.rkt 173) {constant-swap} => miss
mutation-analysis: #s(mutant #f main.rkt 177) {constant-swap} => miss
[info] mutation-analysis: #s(mutant #f main.rkt 177) {constant-swap} => miss
mutation-analysis: #s(mutant #f main.rkt 178) {constant-swap} => miss
[info] mutation-analysis: #s(mutant #f main.rkt 178) {constant-swap} => miss
mutation-analysis: #s(mutant #f main.rkt 180) {constant-swap} => miss
mutation-analysis: #s(mutant #f main.rkt 179) {constant-swap} => miss
[info] mutation-analysis: #s(mutant #f main.rkt 180) {constant-swap} => miss
[info] mutation-analysis: #s(mutant #f main.rkt 179) {constant-swap} => miss
mutation-analysis: #s(mutant #f main.rkt 184) {constant-swap} => miss
mutation-analysis: #s(mutant #f main.rkt 183) {constant-swap} => miss
mutation-analysis: #s(mutant #f main.rkt 182) {position-swap} => miss
mutation-analysis: #s(mutant #f main.rkt 181) {position-swap} => miss
[info] mutation-analysis: #s(mutant #f main.rkt 184) {constant-swap} => miss
[info] mutation-analysis: #s(mutant #f main.rkt 183) {constant-swap} => miss
[info] mutation-analysis: #s(mutant #f main.rkt 182) {position-swap} => miss
[info] mutation-analysis: #s(mutant #f main.rkt 181) {position-swap} => miss
mutation-analysis: #s(mutant #f main.rkt 185) {constant-swap} => miss
[info] mutation-analysis: #s(mutant #f main.rkt 185) {constant-swap} => miss
mutation-analysis: #s(mutant #f main.rkt 186) {constant-swap} => miss
[info] mutation-analysis: #s(mutant #f main.rkt 186) {constant-swap} => miss
mutation-analysis: #s(mutant #f main.rkt 188) {constant-swap} => miss
mutation-analysis: #s(mutant #f main.rkt 187) {constant-swap} => miss
[info] mutation-analysis: #s(mutant #f main.rkt 188) {constant-swap} => miss
[info] mutation-analysis: #s(mutant #f main.rkt 187) {constant-swap} => miss
mutation-analysis: #s(mutant #f main.rkt 192) {constant-swap} => miss
mutation-analysis: #s(mutant #f main.rkt 191) {constant-swap} => miss
mutation-analysis: #s(mutant #f main.rkt 190) {constant-swap} => miss
mutation-analysis: #s(mutant #f main.rkt 189) {constant-swap} => miss
[info] mutation-analysis: #s(mutant #f main.rkt 192) {constant-swap} => miss
[info] mutation-analysis: #s(mutant #f main.rkt 191) {constant-swap} => miss
[info] mutation-analysis: #s(mutant #f main.rkt 190) {constant-swap} => miss
[info] mutation-analysis: #s(mutant #f main.rkt 189) {constant-swap} => miss
mutation-analysis: #s(mutant #f main.rkt 193) {position-swap} => miss
[info] mutation-analysis: #s(mutant #f main.rkt 193) {position-swap} => miss
mutation-analysis: #s(mutant #f main.rkt 194) {position-swap} => miss
[info] mutation-analysis: #s(mutant #f main.rkt 194) {position-swap} => miss
mutation-analysis: #s(mutant #f main.rkt 196) {begin-drop} => miss
mutation-analysis: #s(mutant #f main.rkt 195) {begin-drop} => miss
[info] mutation-analysis: #s(mutant #f main.rkt 196) {begin-drop} => miss
[info] mutation-analysis: #s(mutant #f main.rkt 195) {begin-drop} => miss
mutation-analysis: #s(mutant #f main.rkt 200) {position-swap} => miss
mutation-analysis: #s(mutant #f main.rkt 199) {begin-drop} => miss
mutation-analysis: #s(mutant #f main.rkt 198) {begin-drop} => miss
[info] mutation-analysis: #s(mutant #f main.rkt 200) {position-swap} => miss
[info] mutation-analysis: #s(mutant #f main.rkt 199) {begin-drop} => miss
[info] mutation-analysis: #s(mutant #f main.rkt 198) {begin-drop} => miss
mutation-analysis: #s(mutant #f main.rkt 197) {begin-drop} => miss
[info] mutation-analysis: #s(mutant #f main.rkt 197) {begin-drop} => miss
mutation-analysis: #s(mutant #f main.rkt 201) {position-swap} => miss
[info] mutation-analysis: #s(mutant #f main.rkt 201) {position-swap} => miss
mutation-analysis: #s(mutant #f main.rkt 202) {position-swap} => miss
[info] mutation-analysis: #s(mutant #f main.rkt 202) {position-swap} => miss
mutation-analysis: #s(mutant #f main.rkt 204) {position-swap} => miss
mutation-analysis: #s(mutant #f main.rkt 203) {negate-conditional} => miss
[info] mutation-analysis: #s(mutant #f main.rkt 204) {position-swap} => miss
[info] mutation-analysis: #s(mutant #f main.rkt 203) {negate-conditional} => miss
mutation-analysis: #s(mutant #f main.rkt 208) {constant-swap} => miss
mutation-analysis: #s(mutant #f main.rkt 207) {constant-swap} => miss
mutation-analysis: #s(mutant #f main.rkt 206) {constant-swap} => miss
mutation-analysis: #s(mutant #f main.rkt 205) {constant-swap} => miss
[info] mutation-analysis: #s(mutant #f main.rkt 208) {constant-swap} => miss
[info] mutation-analysis: #s(mutant #f main.rkt 207) {constant-swap} => miss
[info] mutation-analysis: #s(mutant #f main.rkt 206) {constant-swap} => miss
[info] mutation-analysis: #s(mutant #f main.rkt 205) {constant-swap} => miss
mutation-analysis: #s(mutant #f main.rkt 209) {constant-swap} => miss
[info] mutation-analysis: #s(mutant #f main.rkt 209) {constant-swap} => miss
mutation-analysis: #s(mutant #f main.rkt 210) {constant-swap} => miss
[info] mutation-analysis: #s(mutant #f main.rkt 210) {constant-swap} => miss
mutation-analysis: #s(mutant #f main.rkt 212) {constant-swap} => miss
mutation-analysis: #s(mutant #f main.rkt 211) {constant-swap} => miss
[info] mutation-analysis: #s(mutant #f main.rkt 212) {constant-swap} => miss
[info] mutation-analysis: #s(mutant #f main.rkt 211) {constant-swap} => miss
mutation-analysis: #s(mutant #f main.rkt 216) {constant-swap} => miss
mutation-analysis: #s(mutant #f main.rkt 215) {position-swap} => miss
mutation-analysis: #s(mutant #f main.rkt 214) {constant-swap} => miss
mutation-analysis: #s(mutant #f main.rkt 213) {constant-swap} => miss
[info] mutation-analysis: #s(mutant #f main.rkt 216) {constant-swap} => miss
[info] mutation-analysis: #s(mutant #f main.rkt 215) {position-swap} => miss
[info] mutation-analysis: #s(mutant #f main.rkt 214) {constant-swap} => miss
[info] mutation-analysis: #s(mutant #f main.rkt 213) {constant-swap} => miss
mutation-analysis: #s(mutant #f main.rkt 217) {constant-swap} => miss
[info] mutation-analysis: #s(mutant #f main.rkt 217) {constant-swap} => miss
mutation-analysis: #s(mutant #f main.rkt 218) {constant-swap} => miss
[info] mutation-analysis: #s(mutant #f main.rkt 218) {constant-swap} => miss
mutation-analysis: #s(mutant #f main.rkt 220) {constant-swap} => miss
mutation-analysis: #s(mutant #f main.rkt 219) {constant-swap} => miss
[info] mutation-analysis: #s(mutant #f main.rkt 220) {constant-swap} => miss
[info] mutation-analysis: #s(mutant #f main.rkt 219) {constant-swap} => miss
mutation-analysis: #s(mutant #f main.rkt 222) {constant-swap} => miss
mutation-analysis: #s(mutant #f main.rkt 221) {constant-swap} => miss
[info] mutation-analysis: #s(mutant #f main.rkt 222) {constant-swap} => miss
[info] mutation-analysis: #s(mutant #f main.rkt 221) {constant-swap} => miss
mutation-analysis: #s(mutant #f main.rkt 224) {constant-swap} => miss
mutation-analysis: #s(mutant #f main.rkt 223) {constant-swap} => miss
[info] mutation-analysis: #s(mutant #f main.rkt 224) {constant-swap} => miss
[info] mutation-analysis: #s(mutant #f main.rkt 223) {constant-swap} => miss
mutation-analysis: #s(mutant #f main.rkt 225) {constant-swap} => miss
[info] mutation-analysis: #s(mutant #f main.rkt 225) {constant-swap} => miss
mutation-analysis: #s(mutant #f main.rkt 226) {negate-conditional} => miss
[info] mutation-analysis: #s(mutant #f main.rkt 226) {negate-conditional} => miss
mutation-analysis: #s(mutant #f main.rkt 228) {constant-swap} => miss
mutation-analysis: #s(mutant #f main.rkt 227) {constant-swap} => miss
[info] mutation-analysis: #s(mutant #f main.rkt 228) {constant-swap} => miss
[info] mutation-analysis: #s(mutant #f main.rkt 227) {constant-swap} => miss
mutation-analysis: #s(mutant #f main.rkt 230) {constant-swap} => miss
mutation-analysis: #s(mutant #f main.rkt 229) {constant-swap} => miss
[info] mutation-analysis: #s(mutant #f main.rkt 230) {constant-swap} => miss
[info] mutation-analysis: #s(mutant #f main.rkt 229) {constant-swap} => miss
mutation-analysis: #s(mutant #f main.rkt 232) {negate-conditional} => miss
mutation-analysis: #s(mutant #f main.rkt 231) {constant-swap} => miss
[info] mutation-analysis: #s(mutant #f main.rkt 232) {negate-conditional} => miss
[info] mutation-analysis: #s(mutant #f main.rkt 231) {constant-swap} => miss
mutation-analysis: #s(mutant #f main.rkt 233) {constant-swap} => miss
[info] mutation-analysis: #s(mutant #f main.rkt 233) {constant-swap} => miss
mutation-analysis: #s(mutant #f main.rkt 234) {constant-swap} => miss
[info] mutation-analysis: #s(mutant #f main.rkt 234) {constant-swap} => miss
mutation-analysis: #s(mutant #f main.rkt 236) {constant-swap} => miss
mutation-analysis: #s(mutant #f main.rkt 235) {constant-swap} => miss
[info] mutation-analysis: #s(mutant #f main.rkt 236) {constant-swap} => miss
[info] mutation-analysis: #s(mutant #f main.rkt 235) {constant-swap} => miss
mutation-analysis: #s(mutant #f main.rkt 240) {begin-drop} => miss
mutation-analysis: #s(mutant #f main.rkt 238) {position-swap} => miss
mutation-analysis: #s(mutant #f main.rkt 237) {constant-swap} => miss
[info] mutation-analysis: #s(mutant #f main.rkt 240) {begin-drop} => miss
[info] mutation-analysis: #s(mutant #f main.rkt 238) {position-swap} => miss
[info] mutation-analysis: #s(mutant #f main.rkt 237) {constant-swap} => miss
mutation-analysis: #s(mutant #f main.rkt 239) {position-swap} => miss
[info] mutation-analysis: #s(mutant #f main.rkt 239) {position-swap} => miss
mutation-analysis: #s(mutant #f main.rkt 241) {begin-drop} => miss
[info] mutation-analysis: #s(mutant #f main.rkt 241) {begin-drop} => miss
mutation-analysis: #s(mutant #f main.rkt 242) {begin-drop} => miss
[info] mutation-analysis: #s(mutant #f main.rkt 242) {begin-drop} => miss
mutation-analysis: #s(mutant #f main.rkt 244) {begin-drop} => miss
mutation-analysis: #s(mutant #f main.rkt 243) {begin-drop} => miss
[info] mutation-analysis: #s(mutant #f main.rkt 244) {begin-drop} => miss
[info] mutation-analysis: #s(mutant #f main.rkt 243) {begin-drop} => miss
mutation-analysis: #s(mutant #f main.rkt 247) {begin-drop} => miss
mutation-analysis: #s(mutant #f main.rkt 246) {begin-drop} => miss
[info] mutation-analysis: #s(mutant #f main.rkt 247) {begin-drop} => miss
[info] mutation-analysis: #s(mutant #f main.rkt 246) {begin-drop} => miss
mutation-analysis: #s(mutant #f main.rkt 245) {begin-drop} => miss
[info] mutation-analysis: #s(mutant #f main.rkt 245) {begin-drop} => miss
mutation-analysis: #s(mutant #f main.rkt 248) {position-swap} => miss
[info] mutation-analysis: #s(mutant #f main.rkt 248) {position-swap} => miss
mutation-analysis: #s(mutant #f main.rkt 249) {position-swap} => miss
[info] mutation-analysis: #s(mutant #f main.rkt 249) {position-swap} => miss
mutation-analysis: #s(mutant #f main.rkt 250) {position-swap} => miss
[info] mutation-analysis: #s(mutant #f main.rkt 250) {position-swap} => miss
mutation-analysis: #s(mutant #f main.rkt 251) {position-swap} => miss
[info] mutation-analysis: #s(mutant #f main.rkt 251) {position-swap} => miss
mutation-analysis: #s(mutant #f main.rkt 252) {position-swap} => miss
[info] mutation-analysis: #s(mutant #f main.rkt 252) {position-swap} => miss
mutation-analysis: #s(mutant #f main.rkt 255) {constant-swap} => miss
mutation-analysis: #s(mutant #f main.rkt 254) {constant-swap} => miss
mutation-analysis: #s(mutant #f main.rkt 253) {position-swap} => miss
[info] mutation-analysis: #s(mutant #f main.rkt 255) {constant-swap} => miss
[info] mutation-analysis: #s(mutant #f main.rkt 254) {constant-swap} => miss
[info] mutation-analysis: #s(mutant #f main.rkt 253) {position-swap} => miss
mutation-analysis: #s(mutant #f main.rkt 256) {constant-swap} => miss
[info] mutation-analysis: #s(mutant #f main.rkt 256) {constant-swap} => miss
mutation-analysis: #s(mutant #f main.rkt 257) {constant-swap} => miss
[info] mutation-analysis: #s(mutant #f main.rkt 257) {constant-swap} => miss
mutation-analysis: #s(mutant #f main.rkt 258) {constant-swap} => miss
[info] mutation-analysis: #s(mutant #f main.rkt 258) {constant-swap} => miss
mutation-analysis: #s(mutant #f main.rkt 259) {constant-swap} => miss
[info] mutation-analysis: #s(mutant #f main.rkt 259) {constant-swap} => miss
mutation-analysis: #s(mutant #f main.rkt 260) {constant-swap} => miss
[info] mutation-analysis: #s(mutant #f main.rkt 260) {constant-swap} => miss
mutation-analysis: #s(mutant #f main.rkt 263) {constant-swap} => miss
mutation-analysis: #s(mutant #f main.rkt 262) {constant-swap} => miss
mutation-analysis: #s(mutant #f main.rkt 261) {constant-swap} => miss
[info] mutation-analysis: #s(mutant #f main.rkt 263) {constant-swap} => miss
[info] mutation-analysis: #s(mutant #f main.rkt 262) {constant-swap} => miss
[info] mutation-analysis: #s(mutant #f main.rkt 261) {constant-swap} => miss
mutation-analysis: #s(mutant #f main.rkt 264) {position-swap} => miss
[info] mutation-analysis: #s(mutant #f main.rkt 264) {position-swap} => miss
mutation-analysis: #s(mutant #f main.rkt 265) {position-swap} => miss
[info] mutation-analysis: #s(mutant #f main.rkt 265) {position-swap} => miss
mutation-analysis: #s(mutant #f main.rkt 266) {position-swap} => miss
[info] mutation-analysis: #s(mutant #f main.rkt 266) {position-swap} => miss
mutation-analysis: #s(mutant #f main.rkt 267) {position-swap} => miss
[info] mutation-analysis: #s(mutant #f main.rkt 267) {position-swap} => miss
mutation-analysis: #s(mutant #f main.rkt 268) {position-swap} => miss
[info] mutation-analysis: #s(mutant #f main.rkt 268) {position-swap} => miss
mutation-analysis: #s(mutant #f main.rkt 271) {boolean-op-swap} => miss
mutation-analysis: #s(mutant #f main.rkt 270) {position-swap} => miss
mutation-analysis: #s(mutant #f main.rkt 269) {position-swap} => miss
[info] mutation-analysis: #s(mutant #f main.rkt 271) {boolean-op-swap} => miss
[info] mutation-analysis: #s(mutant #f main.rkt 270) {position-swap} => miss
[info] mutation-analysis: #s(mutant #f main.rkt 269) {position-swap} => miss
mutation-analysis: #s(mutant #f main.rkt 272) {position-swap} => miss
[info] mutation-analysis: #s(mutant #f main.rkt 272) {position-swap} => miss
mutation-analysis: #s(mutant #f main.rkt 273) {position-swap} => miss
[info] mutation-analysis: #s(mutant #f main.rkt 273) {position-swap} => miss
mutation-analysis: #s(mutant #f main.rkt 274) {position-swap} => miss
[info] mutation-analysis: #s(mutant #f main.rkt 274) {position-swap} => miss
mutation-analysis: #s(mutant #f main.rkt 275) {position-swap} => miss
[info] mutation-analysis: #s(mutant #f main.rkt 275) {position-swap} => miss
mutation-analysis: #s(mutant #f main.rkt 276) {arithmetic-op-swap} => miss
[info] mutation-analysis: #s(mutant #f main.rkt 276) {arithmetic-op-swap} => miss
mutation-analysis: #s(mutant #f main.rkt 279) {comparison-op-swap} => miss
mutation-analysis: #s(mutant #f main.rkt 278) {position-swap} => miss
mutation-analysis: #s(mutant #f main.rkt 277) {negate-conditional} => miss
[info] mutation-analysis: #s(mutant #f main.rkt 279) {comparison-op-swap} => miss
[info] mutation-analysis: #s(mutant #f main.rkt 278) {position-swap} => miss
[info] mutation-analysis: #s(mutant #f main.rkt 277) {negate-conditional} => miss
mutation-analysis: #s(mutant #f main.rkt 280) {comparison-op-swap} => miss
[info] mutation-analysis: #s(mutant #f main.rkt 280) {comparison-op-swap} => miss
mutation-analysis: #s(mutant #f main.rkt 281) {constant-swap} => miss
[info] mutation-analysis: #s(mutant #f main.rkt 281) {constant-swap} => miss
mutation-analysis: #s(mutant #f main.rkt 282) {constant-swap} => miss
[info] mutation-analysis: #s(mutant #f main.rkt 282) {constant-swap} => miss
mutation-analysis: #s(mutant #f main.rkt 283) {constant-swap} => miss
[info] mutation-analysis: #s(mutant #f main.rkt 283) {constant-swap} => miss
mutation-analysis: #s(mutant #f main.rkt 284) {position-swap} => miss
[info] mutation-analysis: #s(mutant #f main.rkt 284) {position-swap} => miss
mutation-analysis: #s(mutant #f main.rkt 288) {position-swap} => miss
mutation-analysis: #s(mutant #f main.rkt 287) {position-swap} => miss
mutation-analysis: #s(mutant #f main.rkt 286) {position-swap} => miss
[info] mutation-analysis: #s(mutant #f main.rkt 288) {position-swap} => miss
[info] mutation-analysis: #s(mutant #f main.rkt 287) {position-swap} => miss
[info] mutation-analysis: #s(mutant #f main.rkt 286) {position-swap} => miss
mutation-analysis: #s(mutant #f main.rkt 285) {position-swap} => miss
[info] mutation-analysis: #s(mutant #f main.rkt 285) {position-swap} => miss
mutation-analysis: #s(mutant #f main.rkt 289) {constant-swap} => miss
[info] mutation-analysis: #s(mutant #f main.rkt 289) {constant-swap} => miss
mutation-analysis: #s(mutant #f main.rkt 290) {constant-swap} => miss
[info] mutation-analysis: #s(mutant #f main.rkt 290) {constant-swap} => miss
mutation-analysis: #s(mutant #f main.rkt 291) {constant-swap} => miss
[info] mutation-analysis: #s(mutant #f main.rkt 291) {constant-swap} => miss
mutation-analysis: #s(mutant #f main.rkt 292) {constant-swap} => miss
[info] mutation-analysis: #s(mutant #f main.rkt 292) {constant-swap} => miss
mutation-analysis: #s(mutant #f main.rkt 296) {position-swap} => miss
mutation-analysis: #s(mutant #f main.rkt 295) {negate-conditional} => miss
mutation-analysis: #s(mutant #f main.rkt 294) {position-swap} => miss
mutation-analysis: #s(mutant #f main.rkt 293) {position-swap} => miss
[info] mutation-analysis: #s(mutant #f main.rkt 296) {position-swap} => miss
[info] mutation-analysis: #s(mutant #f main.rkt 295) {negate-conditional} => miss
[info] mutation-analysis: #s(mutant #f main.rkt 294) {position-swap} => miss
[info] mutation-analysis: #s(mutant #f main.rkt 293) {position-swap} => miss
mutation-analysis: #s(mutant #f main.rkt 297) {position-swap} => miss
[info] mutation-analysis: #s(mutant #f main.rkt 297) {position-swap} => miss
mutation-analysis: #s(mutant #f main.rkt 298) {position-swap} => miss
[info] mutation-analysis: #s(mutant #f main.rkt 298) {position-swap} => miss
mutation-analysis: #s(mutant #f main.rkt 299) {position-swap} => miss
[info] mutation-analysis: #s(mutant #f main.rkt 299) {position-swap} => miss
mutation-analysis: #s(mutant #f main.rkt 300) {position-swap} => miss
[info] mutation-analysis: #s(mutant #f main.rkt 300) {position-swap} => miss
mutation-analysis: #s(mutant #f main.rkt 304) {negate-conditional} => miss
mutation-analysis: #s(mutant #f main.rkt 303) {position-swap} => miss
mutation-analysis: #s(mutant #f main.rkt 302) {position-swap} => miss
mutation-analysis: #s(mutant #f main.rkt 301) {arithmetic-op-swap} => miss
[info] mutation-analysis: #s(mutant #f main.rkt 304) {negate-conditional} => miss
[info] mutation-analysis: #s(mutant #f main.rkt 303) {position-swap} => miss
[info] mutation-analysis: #s(mutant #f main.rkt 302) {position-swap} => miss
[info] mutation-analysis: #s(mutant #f main.rkt 301) {arithmetic-op-swap} => miss
mutation-analysis: #s(mutant #f main.rkt 305) {position-swap} => miss
[info] mutation-analysis: #s(mutant #f main.rkt 305) {position-swap} => miss
mutation-analysis: #s(mutant #f main.rkt 306) {negate-conditional} => miss
[info] mutation-analysis: #s(mutant #f main.rkt 306) {negate-conditional} => miss
mutation-analysis: #s(mutant #f main.rkt 308) {position-swap} => miss
mutation-analysis: #s(mutant #f main.rkt 307) {negate-conditional} => miss
[info] mutation-analysis: #s(mutant #f main.rkt 308) {position-swap} => miss
[info] mutation-analysis: #s(mutant #f main.rkt 307) {negate-conditional} => miss
mutation-analysis: #s(mutant #f main.rkt 312) {constant-swap} => miss
mutation-analysis: #s(mutant #f main.rkt 311) {constant-swap} => miss
mutation-analysis: #s(mutant #f main.rkt 310) {boolean-op-swap} => miss
mutation-analysis: #s(mutant #f main.rkt 309) {position-swap} => miss
[info] mutation-analysis: #s(mutant #f main.rkt 312) {constant-swap} => miss
[info] mutation-analysis: #s(mutant #f main.rkt 311) {constant-swap} => miss
[info] mutation-analysis: #s(mutant #f main.rkt 310) {boolean-op-swap} => miss
[info] mutation-analysis: #s(mutant #f main.rkt 309) {position-swap} => miss
mutation-analysis: #s(mutant #f main.rkt 313) {constant-swap} => miss
[info] mutation-analysis: #s(mutant #f main.rkt 313) {constant-swap} => miss
mutation-analysis: #s(mutant #f main.rkt 314) {constant-swap} => miss
[info] mutation-analysis: #s(mutant #f main.rkt 314) {constant-swap} => miss
mutation-analysis: #s(mutant #f main.rkt 316) {position-swap} => miss
mutation-analysis: #s(mutant #f main.rkt 315) {constant-swap} => miss
[info] mutation-analysis: #s(mutant #f main.rkt 316) {position-swap} => miss
[info] mutation-analysis: #s(mutant #f main.rkt 315) {constant-swap} => miss
mutation-analysis: #s(mutant #f main.rkt 320) {position-swap} => miss
mutation-analysis: #s(mutant #f main.rkt 319) {position-swap} => miss
mutation-analysis: #s(mutant #f main.rkt 318) {position-swap} => miss
[info] mutation-analysis: #s(mutant #f main.rkt 320) {position-swap} => miss
[info] mutation-analysis: #s(mutant #f main.rkt 319) {position-swap} => miss
[info] mutation-analysis: #s(mutant #f main.rkt 318) {position-swap} => miss
mutation-analysis: #s(mutant #f main.rkt 317) {position-swap} => miss
[info] mutation-analysis: #s(mutant #f main.rkt 317) {position-swap} => miss
mutation-analysis: #s(mutant #f main.rkt 321) {negate-conditional} => miss
[info] mutation-analysis: #s(mutant #f main.rkt 321) {negate-conditional} => miss
mutation-analysis: #s(mutant #f main.rkt 322) {position-swap} => miss
[info] mutation-analysis: #s(mutant #f main.rkt 322) {position-swap} => miss
mutation-analysis: #s(mutant #f main.rkt 324) {position-swap} => miss
mutation-analysis: #s(mutant #f main.rkt 323) {arithmetic-op-swap} => miss
[info] mutation-analysis: #s(mutant #f main.rkt 324) {position-swap} => miss
[info] mutation-analysis: #s(mutant #f main.rkt 323) {arithmetic-op-swap} => miss
mutation-analysis: #s(mutant #f main.rkt 328) {position-swap} => miss
mutation-analysis: #s(mutant #f main.rkt 327) {position-swap} => miss
mutation-analysis: #s(mutant #f main.rkt 326) {negate-conditional} => miss
mutation-analysis: #s(mutant #f main.rkt 325) {arithmetic-op-swap} => miss
[info] mutation-analysis: #s(mutant #f main.rkt 328) {position-swap} => miss
[info] mutation-analysis: #s(mutant #f main.rkt 327) {position-swap} => miss
[info] mutation-analysis: #s(mutant #f main.rkt 326) {negate-conditional} => miss
[info] mutation-analysis: #s(mutant #f main.rkt 325) {arithmetic-op-swap} => miss
mutation-analysis: #s(mutant #f main.rkt 329) {position-swap} => miss
[info] mutation-analysis: #s(mutant #f main.rkt 329) {position-swap} => miss
mutation-analysis: #s(mutant #f main.rkt 330) {position-swap} => miss
[info] mutation-analysis: #s(mutant #f main.rkt 330) {position-swap} => miss
mutation-analysis: #s(mutant #f main.rkt 332) {position-swap} => miss
mutation-analysis: #s(mutant #f main.rkt 331) {position-swap} => miss
[info] mutation-analysis: #s(mutant #f main.rkt 332) {position-swap} => miss
[info] mutation-analysis: #s(mutant #f main.rkt 331) {position-swap} => miss
mutation-analysis: #s(mutant #f main.rkt 336) {comparison-op-swap} => miss
mutation-analysis: #s(mutant #f main.rkt 335) {position-swap} => miss
mutation-analysis: #s(mutant #f main.rkt 334) {position-swap} => miss
mutation-analysis: #s(mutant #f main.rkt 333) {negate-conditional} => miss
[info] mutation-analysis: #s(mutant #f main.rkt 336) {comparison-op-swap} => miss
[info] mutation-analysis: #s(mutant #f main.rkt 335) {position-swap} => miss
[info] mutation-analysis: #s(mutant #f main.rkt 334) {position-swap} => miss
[info] mutation-analysis: #s(mutant #f main.rkt 333) {negate-conditional} => miss
mutation-analysis: #s(mutant #f main.rkt 337) {comparison-op-swap} => miss
[info] mutation-analysis: #s(mutant #f main.rkt 337) {comparison-op-swap} => miss
mutation-analysis: #s(mutant #f main.rkt 338) {constant-swap} => miss
[info] mutation-analysis: #s(mutant #f main.rkt 338) {constant-swap} => miss
mutation-analysis: #s(mutant #f main.rkt 340) {constant-swap} => miss
mutation-analysis: #s(mutant #f main.rkt 339) {constant-swap} => miss
[info] mutation-analysis: #s(mutant #f main.rkt 340) {constant-swap} => miss
[info] mutation-analysis: #s(mutant #f main.rkt 339) {constant-swap} => miss
mutation-analysis: #s(mutant #f main.rkt 344) {position-swap} => miss
mutation-analysis: #s(mutant #f main.rkt 342) {arithmetic-op-swap} => miss
mutation-analysis: #s(mutant #f main.rkt 341) {position-swap} => miss
[info] mutation-analysis: #s(mutant #f main.rkt 344) {position-swap} => miss
[info] mutation-analysis: #s(mutant #f main.rkt 342) {arithmetic-op-swap} => miss
[info] mutation-analysis: #s(mutant #f main.rkt 341) {position-swap} => miss
mutation-analysis: #s(mutant #f main.rkt 343) {position-swap} => miss
[info] mutation-analysis: #s(mutant #f main.rkt 343) {position-swap} => miss
mutation-analysis: #s(mutant #f main.rkt 345) {position-swap} => miss
[info] mutation-analysis: #s(mutant #f main.rkt 345) {position-swap} => miss
mutation-analysis: #s(mutant #f main.rkt 346) {position-swap} => miss
[info] mutation-analysis: #s(mutant #f main.rkt 346) {position-swap} => miss
mutation-analysis: #s(mutant #f main.rkt 348) {position-swap} => miss
mutation-analysis: #s(mutant #f main.rkt 347) {boolean-op-swap} => miss
[info] mutation-analysis: #s(mutant #f main.rkt 348) {position-swap} => miss
[info] mutation-analysis: #s(mutant #f main.rkt 347) {boolean-op-swap} => miss
mutation-analysis: #s(mutant #f main.rkt 351) {position-swap} => miss
mutation-analysis: #s(mutant #f main.rkt 350) {position-swap} => miss
mutation-analysis: #s(mutant #f main.rkt 349) {position-swap} => miss
[info] mutation-analysis: #s(mutant #f main.rkt 351) {position-swap} => miss
[info] mutation-analysis: #s(mutant #f main.rkt 350) {position-swap} => miss
[info] mutation-analysis: #s(mutant #f main.rkt 349) {position-swap} => miss
mutation-analysis: #s(mutant #f main.rkt 352) {position-swap} => miss
[info] mutation-analysis: #s(mutant #f main.rkt 352) {position-swap} => miss
mutation-analysis: #s(mutant #f main.rkt 353) {position-swap} => miss
[info] mutation-analysis: #s(mutant #f main.rkt 353) {position-swap} => miss
mutation-analysis: #s(mutant #f main.rkt 354) {position-swap} => miss
[info] mutation-analysis: #s(mutant #f main.rkt 354) {position-swap} => miss
mutation-analysis: #s(mutant #f main.rkt 356) {position-swap} => miss
mutation-analysis: #s(mutant #f main.rkt 355) {position-swap} => miss
[info] mutation-analysis: #s(mutant #f main.rkt 356) {position-swap} => miss
[info] mutation-analysis: #s(mutant #f main.rkt 355) {position-swap} => miss
mutation-analysis: #s(mutant #f main.rkt 359) {position-swap} => miss
mutation-analysis: #s(mutant #f main.rkt 358) {position-swap} => miss
mutation-analysis: #s(mutant #f main.rkt 357) {position-swap} => miss
[info] mutation-analysis: #s(mutant #f main.rkt 359) {position-swap} => miss
[info] mutation-analysis: #s(mutant #f main.rkt 358) {position-swap} => miss
[info] mutation-analysis: #s(mutant #f main.rkt 357) {position-swap} => miss
mutation-analysis: #s(mutant #f main.rkt 360) {negate-conditional} => miss
[info] mutation-analysis: #s(mutant #f main.rkt 360) {negate-conditional} => miss
mutation-analysis: #s(mutant #f main.rkt 361) {negate-conditional} => miss
[info] mutation-analysis: #s(mutant #f main.rkt 361) {negate-conditional} => miss
mutation-analysis: #s(mutant #f main.rkt 362) {position-swap} => miss
[info] mutation-analysis: #s(mutant #f main.rkt 362) {position-swap} => miss
mutation-analysis: #s(mutant #f main.rkt 364) {position-swap} => miss
mutation-analysis: #s(mutant #f main.rkt 363) {boolean-op-swap} => miss
[info] mutation-analysis: #s(mutant #f main.rkt 364) {position-swap} => miss
[info] mutation-analysis: #s(mutant #f main.rkt 363) {boolean-op-swap} => miss
mutation-analysis: #s(mutant #f main.rkt 367) {position-swap} => miss
mutation-analysis: #s(mutant #f main.rkt 366) {position-swap} => miss
mutation-analysis: #s(mutant #f main.rkt 365) {position-swap} => miss
[info] mutation-analysis: #s(mutant #f main.rkt 367) {position-swap} => miss
[info] mutation-analysis: #s(mutant #f main.rkt 366) {position-swap} => miss
[info] mutation-analysis: #s(mutant #f main.rkt 365) {position-swap} => miss
mutation-analysis: #s(mutant #f main.rkt 368) {boolean-op-swap} => miss
[info] mutation-analysis: #s(mutant #f main.rkt 368) {boolean-op-swap} => miss
mutation-analysis: #s(mutant #f main.rkt 369) {position-swap} => miss
[info] mutation-analysis: #s(mutant #f main.rkt 369) {position-swap} => miss
mutation-analysis: #s(mutant #f main.rkt 370) {position-swap} => miss
[info] mutation-analysis: #s(mutant #f main.rkt 370) {position-swap} => miss
mutation-analysis: #s(mutant #f main.rkt 372) {constant-swap} => miss
mutation-analysis: #s(mutant #f main.rkt 371) {position-swap} => miss
[info] mutation-analysis: #s(mutant #f main.rkt 372) {constant-swap} => miss
[info] mutation-analysis: #s(mutant #f main.rkt 371) {position-swap} => miss
mutation-analysis: #s(mutant #f main.rkt 375) {position-swap} => miss
mutation-analysis: #s(mutant #f main.rkt 374) {position-swap} => miss
mutation-analysis: #s(mutant #f main.rkt 373) {constant-swap} => miss
[info] mutation-analysis: #s(mutant #f main.rkt 375) {position-swap} => miss
[info] mutation-analysis: #s(mutant #f main.rkt 374) {position-swap} => miss
[info] mutation-analysis: #s(mutant #f main.rkt 373) {constant-swap} => miss
mutation-analysis: #s(mutant #f main.rkt 376) {begin-drop} => miss
[info] mutation-analysis: #s(mutant #f main.rkt 376) {begin-drop} => miss
mutation-analysis: #s(mutant #f main.rkt 377) {negate-conditional} => miss
[info] mutation-analysis: #s(mutant #f main.rkt 377) {negate-conditional} => miss
mutation-analysis: #s(mutant #f main.rkt 378) {position-swap} => miss
[info] mutation-analysis: #s(mutant #f main.rkt 378) {position-swap} => miss
mutation-analysis: #s(mutant #f main.rkt 380) {constant-swap} => miss
mutation-analysis: #s(mutant #f main.rkt 379) {position-swap} => miss
[info] mutation-analysis: #s(mutant #f main.rkt 380) {constant-swap} => miss
[info] mutation-analysis: #s(mutant #f main.rkt 379) {position-swap} => miss
mutation-analysis: #s(mutant #f main.rkt 383) {position-swap} => miss
mutation-analysis: #s(mutant #f main.rkt 382) {position-swap} => miss
mutation-analysis: #s(mutant #f main.rkt 381) {constant-swap} => miss
[info] mutation-analysis: #s(mutant #f main.rkt 383) {position-swap} => miss
[info] mutation-analysis: #s(mutant #f main.rkt 382) {position-swap} => miss
[info] mutation-analysis: #s(mutant #f main.rkt 381) {constant-swap} => miss
mutation-analysis: #s(mutant #f main.rkt 384) {position-swap} => miss
[info] mutation-analysis: #s(mutant #f main.rkt 384) {position-swap} => miss
mutation-analysis: #s(mutant #f main.rkt 385) {position-swap} => miss
[info] mutation-analysis: #s(mutant #f main.rkt 385) {position-swap} => miss
mutation-analysis: #s(mutant #f main.rkt 386) {boolean-op-swap} => miss
[info] mutation-analysis: #s(mutant #f main.rkt 386) {boolean-op-swap} => miss
mutation-analysis: #s(mutant #f main.rkt 388) {position-swap} => miss
mutation-analysis: #s(mutant #f main.rkt 387) {position-swap} => miss
[info] mutation-analysis: #s(mutant #f main.rkt 388) {position-swap} => miss
[info] mutation-analysis: #s(mutant #f main.rkt 387) {position-swap} => miss
mutation-analysis: #s(mutant #f main.rkt 390) {begin-drop} => miss
[info] mutation-analysis: #s(mutant #f main.rkt 390) {begin-drop} => miss
mutation-analysis: #s(mutant #f main.rkt 391) {begin-drop} => miss
mutation-analysis: #s(mutant #f main.rkt 389) {position-swap} => miss
[info] mutation-analysis: #s(mutant #f main.rkt 391) {begin-drop} => miss
[info] mutation-analysis: #s(mutant #f main.rkt 389) {position-swap} => miss
mutation-analysis: #s(mutant #f main.rkt 392) {begin-drop} => miss
[info] mutation-analysis: #s(mutant #f main.rkt 392) {begin-drop} => miss
mutation-analysis: #s(mutant #f main.rkt 393) {begin-drop} => miss
[info] mutation-analysis: #s(mutant #f main.rkt 393) {begin-drop} => miss
mutation-analysis: #s(mutant #f main.rkt 394) {begin-drop} => miss
[info] mutation-analysis: #s(mutant #f main.rkt 394) {begin-drop} => miss
mutation-analysis: #s(mutant #f main.rkt 396) {position-swap} => miss
mutation-analysis: #s(mutant #f main.rkt 395) {position-swap} => miss
[info] mutation-analysis: #s(mutant #f main.rkt 396) {position-swap} => miss
[info] mutation-analysis: #s(mutant #f main.rkt 395) {position-swap} => miss
mutation-analysis: #s(mutant #f main.rkt 397) {position-swap} => miss
[info] mutation-analysis: #s(mutant #f main.rkt 397) {position-swap} => miss
mutation-analysis: #s(mutant #f main.rkt 399) {position-swap} => miss
mutation-analysis: #s(mutant #f main.rkt 398) {position-swap} => miss
[info] mutation-analysis: #s(mutant #f main.rkt 399) {position-swap} => miss
[info] mutation-analysis: #s(mutant #f main.rkt 398) {position-swap} => miss
mutation-analysis: #s(mutant #f main.rkt 400) {position-swap} => miss
[info] mutation-analysis: #s(mutant #f main.rkt 400) {position-swap} => miss
mutation-analysis: #s(mutant #f main.rkt 401) {begin-drop} => miss
[info] mutation-analysis: #s(mutant #f main.rkt 401) {begin-drop} => miss
mutation-analysis: #s(mutant #f main.rkt 402) {begin-drop} => miss
[info] mutation-analysis: #s(mutant #f main.rkt 402) {begin-drop} => miss
mutation-analysis: #s(mutant #f main.rkt 404) {negate-conditional} => miss
mutation-analysis: #s(mutant #f main.rkt 403) {position-swap} => miss
[info] mutation-analysis: #s(mutant #f main.rkt 404) {negate-conditional} => miss
[info] mutation-analysis: #s(mutant #f main.rkt 403) {position-swap} => miss
mutation-analysis: #s(mutant #f main.rkt 405) {position-swap} => miss
[info] mutation-analysis: #s(mutant #f main.rkt 405) {position-swap} => miss
mutation-analysis: #s(mutant #f main.rkt 407) {constant-swap} => miss
mutation-analysis: #s(mutant #f main.rkt 406) {position-swap} => miss
[info] mutation-analysis: #s(mutant #f main.rkt 407) {constant-swap} => miss
[info] mutation-analysis: #s(mutant #f main.rkt 406) {position-swap} => miss
mutation-analysis: #s(mutant #f main.rkt 408) {constant-swap} => miss
[info] mutation-analysis: #s(mutant #f main.rkt 408) {constant-swap} => miss
mutation-analysis: #s(mutant #f main.rkt 409) {position-swap} => miss
[info] mutation-analysis: #s(mutant #f main.rkt 409) {position-swap} => miss
mutation-analysis: #s(mutant #f main.rkt 410) {position-swap} => miss
[info] mutation-analysis: #s(mutant #f main.rkt 410) {position-swap} => miss
mutation-analysis: #s(mutant #f main.rkt 412) {position-swap} => miss
mutation-analysis: #s(mutant #f main.rkt 411) {position-swap} => miss
[info] mutation-analysis: #s(mutant #f main.rkt 412) {position-swap} => miss
[info] mutation-analysis: #s(mutant #f main.rkt 411) {position-swap} => miss
mutation-analysis: #s(mutant #f main.rkt 413) {boolean-op-swap} => miss
[info] mutation-analysis: #s(mutant #f main.rkt 413) {boolean-op-swap} => miss
mutation-analysis: #s(mutant #f main.rkt 415) {position-swap} => miss
mutation-analysis: #s(mutant #f main.rkt 414) {position-swap} => miss
[info] mutation-analysis: #s(mutant #f main.rkt 415) {position-swap} => miss
[info] mutation-analysis: #s(mutant #f main.rkt 414) {position-swap} => miss
mutation-analysis: #s(mutant #f main.rkt 416) {position-swap} => miss
[info] mutation-analysis: #s(mutant #f main.rkt 416) {position-swap} => miss
mutation-analysis: #s(mutant #f main.rkt 417) {position-swap} => miss
[info] mutation-analysis: #s(mutant #f main.rkt 417) {position-swap} => miss
mutation-analysis: #s(mutant #f main.rkt 418) {position-swap} => miss
[info] mutation-analysis: #s(mutant #f main.rkt 418) {position-swap} => miss
mutation-analysis: #s(mutant #f main.rkt 420) {position-swap} => miss
mutation-analysis: #s(mutant #f main.rkt 419) {position-swap} => miss
[info] mutation-analysis: #s(mutant #f main.rkt 420) {position-swap} => miss
[info] mutation-analysis: #s(mutant #f main.rkt 419) {position-swap} => miss
mutation-analysis: #s(mutant #f main.rkt 421) {position-swap} => miss
[info] mutation-analysis: #s(mutant #f main.rkt 421) {position-swap} => miss
mutation-analysis: #s(mutant #f main.rkt 423) {position-swap} => miss
mutation-analysis: #s(mutant #f main.rkt 422) {position-swap} => miss
[info] mutation-analysis: #s(mutant #f main.rkt 423) {position-swap} => miss
[info] mutation-analysis: #s(mutant #f main.rkt 422) {position-swap} => miss
mutation-analysis: #s(mutant #f main.rkt 424) {position-swap} => miss
[info] mutation-analysis: #s(mutant #f main.rkt 424) {position-swap} => miss
mutation-analysis: #s(mutant #f main.rkt 425) {position-swap} => miss
[info] mutation-analysis: #s(mutant #f main.rkt 425) {position-swap} => miss
mutation-analysis: #s(mutant #f main.rkt 426) {position-swap} => miss
[info] mutation-analysis: #s(mutant #f main.rkt 426) {position-swap} => miss
mutation-analysis: #s(mutant #f main.rkt 429) {boolean-op-swap} => miss
mutation-analysis: #s(mutant #f main.rkt 428) {position-swap} => miss
mutation-analysis: #s(mutant #f main.rkt 427) {position-swap} => miss
[info] mutation-analysis: #s(mutant #f main.rkt 429) {boolean-op-swap} => miss
[info] mutation-analysis: #s(mutant #f main.rkt 428) {position-swap} => miss
[info] mutation-analysis: #s(mutant #f main.rkt 427) {position-swap} => miss
mutation-analysis: #s(mutant #f main.rkt 431) {boolean-op-swap} => miss
mutation-analysis: #s(mutant #f main.rkt 430) {position-swap} => miss
[info] mutation-analysis: #s(mutant #f main.rkt 431) {boolean-op-swap} => miss
[info] mutation-analysis: #s(mutant #f main.rkt 430) {position-swap} => miss
mutation-analysis: #s(mutant #f main.rkt 432) {constant-swap} => miss
[info] mutation-analysis: #s(mutant #f main.rkt 432) {constant-swap} => miss
mutation-analysis: #s(mutant #f main.rkt 433) {constant-swap} => miss
[info] mutation-analysis: #s(mutant #f main.rkt 433) {constant-swap} => miss
mutation-analysis: #s(mutant #f main.rkt 434) {position-swap} => miss
[info] mutation-analysis: #s(mutant #f main.rkt 434) {position-swap} => miss
mutation-analysis: #s(mutant #f main.rkt 437) {constant-swap} => miss
mutation-analysis: #s(mutant #f main.rkt 436) {constant-swap} => miss
mutation-analysis: #s(mutant #f main.rkt 435) {boolean-op-swap} => miss
[info] mutation-analysis: #s(mutant #f main.rkt 437) {constant-swap} => miss
[info] mutation-analysis: #s(mutant #f main.rkt 436) {constant-swap} => miss
[info] mutation-analysis: #s(mutant #f main.rkt 435) {boolean-op-swap} => miss
mutation-analysis: #s(mutant #f main.rkt 439) {boolean-op-swap} => miss
mutation-analysis: #s(mutant #f main.rkt 438) {position-swap} => miss
[info] mutation-analysis: #s(mutant #f main.rkt 439) {boolean-op-swap} => miss
[info] mutation-analysis: #s(mutant #f main.rkt 438) {position-swap} => miss
mutation-analysis: #s(mutant #f main.rkt 440) {constant-swap} => miss
[info] mutation-analysis: #s(mutant #f main.rkt 440) {constant-swap} => miss
mutation-analysis: #s(mutant #f main.rkt 441) {constant-swap} => miss
[info] mutation-analysis: #s(mutant #f main.rkt 441) {constant-swap} => miss
mutation-analysis: #s(mutant #f main.rkt 442) {position-swap} => miss
[info] mutation-analysis: #s(mutant #f main.rkt 442) {position-swap} => miss
mutation-analysis: #s(mutant #f main.rkt 443) {position-swap} => miss
[info] mutation-analysis: #s(mutant #f main.rkt 443) {position-swap} => miss
mutation-analysis: #s(mutant #f main.rkt 447) {position-swap} => miss
mutation-analysis: #s(mutant #f main.rkt 446) {position-swap} => miss
mutation-analysis: #s(mutant #f main.rkt 445) {position-swap} => miss
[info] mutation-analysis: #s(mutant #f main.rkt 447) {position-swap} => miss
[info] mutation-analysis: #s(mutant #f main.rkt 446) {position-swap} => miss
[info] mutation-analysis: #s(mutant #f main.rkt 445) {position-swap} => miss
mutation-analysis: #s(mutant #f main.rkt 444) {position-swap} => miss
[info] mutation-analysis: #s(mutant #f main.rkt 444) {position-swap} => miss
mutation-analysis: #s(mutant #f main.rkt 448) {position-swap} => miss
[info] mutation-analysis: #s(mutant #f main.rkt 448) {position-swap} => miss
mutation-analysis: #s(mutant #f main.rkt 449) {position-swap} => miss
[info] mutation-analysis: #s(mutant #f main.rkt 449) {position-swap} => miss
mutation-analysis: #s(mutant #f main.rkt 450) {position-swap} => miss
[info] mutation-analysis: #s(mutant #f main.rkt 450) {position-swap} => miss
mutation-analysis: #s(mutant #f main.rkt 451) {position-swap} => miss
[info] mutation-analysis: #s(mutant #f main.rkt 451) {position-swap} => miss
mutation-analysis: #s(mutant #f main.rkt 456) {constant-swap} => miss
mutation-analysis: #s(mutant #f main.rkt 455) {constant-swap} => miss
mutation-analysis: #s(mutant #f main.rkt 454) {constant-swap} => miss
mutation-analysis: #s(mutant #f main.rkt 453) {constant-swap} => miss
mutation-analysis: #s(mutant #f main.rkt 452) {position-swap} => miss
[info] mutation-analysis: #s(mutant #f main.rkt 456) {constant-swap} => miss
[info] mutation-analysis: #s(mutant #f main.rkt 455) {constant-swap} => miss
[info] mutation-analysis: #s(mutant #f main.rkt 454) {constant-swap} => miss
[info] mutation-analysis: #s(mutant #f main.rkt 453) {constant-swap} => miss
[info] mutation-analysis: #s(mutant #f main.rkt 452) {position-swap} => miss
mutation-analysis: #s(mutant #f main.rkt 457) {constant-swap} => miss
[info] mutation-analysis: #s(mutant #f main.rkt 457) {constant-swap} => miss
mutation-analysis: #s(mutant #f main.rkt 458) {constant-swap} => miss
[info] mutation-analysis: #s(mutant #f main.rkt 458) {constant-swap} => miss
mutation-analysis: #s(mutant #f main.rkt 459) {constant-swap} => miss
[info] mutation-analysis: #s(mutant #f main.rkt 459) {constant-swap} => miss
mutation-analysis: #s(mutant #f main.rkt 464) {constant-swap} => miss
mutation-analysis: #s(mutant #f main.rkt 463) {constant-swap} => miss
mutation-analysis: #s(mutant #f main.rkt 462) {constant-swap} => miss
mutation-analysis: #s(mutant #f main.rkt 461) {constant-swap} => miss
mutation-analysis: #s(mutant #f main.rkt 460) {constant-swap} => miss
[info] mutation-analysis: #s(mutant #f main.rkt 464) {constant-swap} => miss
[info] mutation-analysis: #s(mutant #f main.rkt 463) {constant-swap} => miss
[info] mutation-analysis: #s(mutant #f main.rkt 462) {constant-swap} => miss
[info] mutation-analysis: #s(mutant #f main.rkt 461) {constant-swap} => miss
[info] mutation-analysis: #s(mutant #f main.rkt 460) {constant-swap} => miss
mutation-analysis: #s(mutant #f main.rkt 465) {constant-swap} => miss
[info] mutation-analysis: #s(mutant #f main.rkt 465) {constant-swap} => miss
mutation-analysis: #s(mutant #f main.rkt 466) {constant-swap} => miss
[info] mutation-analysis: #s(mutant #f main.rkt 466) {constant-swap} => miss
mutation-analysis: #s(mutant #f main.rkt 467) {constant-swap} => miss
[info] mutation-analysis: #s(mutant #f main.rkt 467) {constant-swap} => miss
mutation-analysis: #s(mutant #f main.rkt 472) {constant-swap} => miss
mutation-analysis: #s(mutant #f main.rkt 471) {constant-swap} => miss
mutation-analysis: #s(mutant #f main.rkt 470) {constant-swap} => miss
mutation-analysis: #s(mutant #f main.rkt 469) {position-swap} => miss
mutation-analysis: #s(mutant #f main.rkt 468) {constant-swap} => miss
[info] mutation-analysis: #s(mutant #f main.rkt 472) {constant-swap} => miss
[info] mutation-analysis: #s(mutant #f main.rkt 471) {constant-swap} => miss
[info] mutation-analysis: #s(mutant #f main.rkt 470) {constant-swap} => miss
[info] mutation-analysis: #s(mutant #f main.rkt 469) {position-swap} => miss
[info] mutation-analysis: #s(mutant #f main.rkt 468) {constant-swap} => miss
mutation-analysis: #s(mutant #f main.rkt 473) {constant-swap} => miss
[info] mutation-analysis: #s(mutant #f main.rkt 473) {constant-swap} => miss
mutation-analysis: #s(mutant #f main.rkt 474) {constant-swap} => miss
[info] mutation-analysis: #s(mutant #f main.rkt 474) {constant-swap} => miss
mutation-analysis: #s(mutant #f main.rkt 475) {constant-swap} => miss
[info] mutation-analysis: #s(mutant #f main.rkt 475) {constant-swap} => miss
mutation-analysis: #s(mutant #f main.rkt 480) {constant-swap} => miss
mutation-analysis: #s(mutant #f main.rkt 479) {constant-swap} => miss
mutation-analysis: #s(mutant #f main.rkt 478) {position-swap} => miss
mutation-analysis: #s(mutant #f main.rkt 477) {constant-swap} => miss
mutation-analysis: #s(mutant #f main.rkt 476) {constant-swap} => miss
[info] mutation-analysis: #s(mutant #f main.rkt 480) {constant-swap} => miss
[info] mutation-analysis: #s(mutant #f main.rkt 479) {constant-swap} => miss
[info] mutation-analysis: #s(mutant #f main.rkt 478) {position-swap} => miss
[info] mutation-analysis: #s(mutant #f main.rkt 477) {constant-swap} => miss
[info] mutation-analysis: #s(mutant #f main.rkt 476) {constant-swap} => miss
mutation-analysis: #s(mutant #f main.rkt 481) {constant-swap} => miss
[info] mutation-analysis: #s(mutant #f main.rkt 481) {constant-swap} => miss
mutation-analysis: #s(mutant #f main.rkt 482) {constant-swap} => miss
[info] mutation-analysis: #s(mutant #f main.rkt 482) {constant-swap} => miss
mutation-analysis: #s(mutant #f main.rkt 483) {constant-swap} => miss
[info] mutation-analysis: #s(mutant #f main.rkt 483) {constant-swap} => miss
mutation-analysis: #s(mutant #f main.rkt 486) {constant-swap} => miss
mutation-analysis: #s(mutant #f main.rkt 485) {constant-swap} => miss
mutation-analysis: #s(mutant #f main.rkt 484) {constant-swap} => miss
[info] mutation-analysis: #s(mutant #f main.rkt 486) {constant-swap} => miss
[info] mutation-analysis: #s(mutant #f main.rkt 485) {constant-swap} => miss
[info] mutation-analysis: #s(mutant #f main.rkt 484) {constant-swap} => miss
mutation-analysis: #s(mutant #f main.rkt 488) {constant-swap} => miss
mutation-analysis: #s(mutant #f main.rkt 487) {position-swap} => miss
[info] mutation-analysis: #s(mutant #f main.rkt 488) {constant-swap} => miss
[info] mutation-analysis: #s(mutant #f main.rkt 487) {position-swap} => miss
mutation-analysis: #s(mutant #f main.rkt 489) {constant-swap} => miss
[info] mutation-analysis: #s(mutant #f main.rkt 489) {constant-swap} => miss
mutation-analysis: #s(mutant #f main.rkt 490) {constant-swap} => miss
[info] mutation-analysis: #s(mutant #f main.rkt 490) {constant-swap} => miss
mutation-analysis: #s(mutant #f main.rkt 491) {constant-swap} => miss
[info] mutation-analysis: #s(mutant #f main.rkt 491) {constant-swap} => miss
mutation-analysis: #s(mutant #f main.rkt 494) {constant-swap} => miss
mutation-analysis: #s(mutant #f main.rkt 493) {constant-swap} => miss
mutation-analysis: #s(mutant #f main.rkt 492) {constant-swap} => miss
[info] mutation-analysis: #s(mutant #f main.rkt 494) {constant-swap} => miss
[info] mutation-analysis: #s(mutant #f main.rkt 493) {constant-swap} => miss
[info] mutation-analysis: #s(mutant #f main.rkt 492) {constant-swap} => miss
mutation-analysis: #s(mutant #f main.rkt 496) {position-swap} => miss
mutation-analysis: #s(mutant #f main.rkt 495) {constant-swap} => miss
[info] mutation-analysis: #s(mutant #f main.rkt 496) {position-swap} => miss
[info] mutation-analysis: #s(mutant #f main.rkt 495) {constant-swap} => miss
mutation-analysis: #s(mutant #f main.rkt 497) {constant-swap} => miss
[info] mutation-analysis: #s(mutant #f main.rkt 497) {constant-swap} => miss
mutation-analysis: #s(mutant #f main.rkt 498) {constant-swap} => miss
[info] mutation-analysis: #s(mutant #f main.rkt 498) {constant-swap} => miss
mutation-analysis: #s(mutant #f main.rkt 499) {constant-swap} => miss
[info] mutation-analysis: #s(mutant #f main.rkt 499) {constant-swap} => miss
mutation-analysis: #s(mutant #f main.rkt 502) {constant-swap} => miss
mutation-analysis: #s(mutant #f main.rkt 501) {constant-swap} => miss
mutation-analysis: #s(mutant #f main.rkt 500) {constant-swap} => miss
[info] mutation-analysis: #s(mutant #f main.rkt 502) {constant-swap} => miss
[info] mutation-analysis: #s(mutant #f main.rkt 501) {constant-swap} => miss
[info] mutation-analysis: #s(mutant #f main.rkt 500) {constant-swap} => miss
mutation-analysis: #s(mutant #f main.rkt 504) {constant-swap} => miss
mutation-analysis: #s(mutant #f main.rkt 503) {constant-swap} => miss
[info] mutation-analysis: #s(mutant #f main.rkt 504) {constant-swap} => miss
[info] mutation-analysis: #s(mutant #f main.rkt 503) {constant-swap} => miss
mutation-analysis: #s(mutant #f main.rkt 505) {constant-swap} => miss
[info] mutation-analysis: #s(mutant #f main.rkt 505) {constant-swap} => miss
mutation-analysis: #s(mutant #f main.rkt 506) {constant-swap} => miss
[info] mutation-analysis: #s(mutant #f main.rkt 506) {constant-swap} => miss
mutation-analysis: #s(mutant #f main.rkt 507) {constant-swap} => miss
[info] mutation-analysis: #s(mutant #f main.rkt 507) {constant-swap} => miss
mutation-analysis: #s(mutant #f main.rkt 510) {constant-swap} => miss
mutation-analysis: #s(mutant #f main.rkt 509) {constant-swap} => miss
mutation-analysis: #s(mutant #f main.rkt 508) {constant-swap} => miss
[info] mutation-analysis: #s(mutant #f main.rkt 510) {constant-swap} => miss
[info] mutation-analysis: #s(mutant #f main.rkt 509) {constant-swap} => miss
[info] mutation-analysis: #s(mutant #f main.rkt 508) {constant-swap} => miss
mutation-analysis: #s(mutant #f main.rkt 512) {constant-swap} => miss
mutation-analysis: #s(mutant #f main.rkt 511) {constant-swap} => miss
[info] mutation-analysis: #s(mutant #f main.rkt 512) {constant-swap} => miss
[info] mutation-analysis: #s(mutant #f main.rkt 511) {constant-swap} => miss
mutation-analysis: #s(mutant #f main.rkt 513) {constant-swap} => miss
[info] mutation-analysis: #s(mutant #f main.rkt 513) {constant-swap} => miss
mutation-analysis: #s(mutant #f main.rkt 514) {constant-swap} => miss
[info] mutation-analysis: #s(mutant #f main.rkt 514) {constant-swap} => miss
mutation-analysis: #s(mutant #f main.rkt 515) {constant-swap} => miss
[info] mutation-analysis: #s(mutant #f main.rkt 515) {constant-swap} => miss
mutation-analysis: #s(mutant #f main.rkt 518) {constant-swap} => miss
mutation-analysis: #s(mutant #f main.rkt 517) {constant-swap} => miss
mutation-analysis: #s(mutant #f main.rkt 516) {constant-swap} => miss
[info] mutation-analysis: #s(mutant #f main.rkt 518) {constant-swap} => miss
[info] mutation-analysis: #s(mutant #f main.rkt 517) {constant-swap} => miss
[info] mutation-analysis: #s(mutant #f main.rkt 516) {constant-swap} => miss
mutation-analysis: #s(mutant #f main.rkt 520) {constant-swap} => miss
mutation-analysis: #s(mutant #f main.rkt 519) {constant-swap} => miss
[info] mutation-analysis: #s(mutant #f main.rkt 520) {constant-swap} => miss
[info] mutation-analysis: #s(mutant #f main.rkt 519) {constant-swap} => miss
mutation-analysis: #s(mutant #f main.rkt 521) {negate-conditional} => miss
[info] mutation-analysis: #s(mutant #f main.rkt 521) {negate-conditional} => miss
mutation-analysis: #s(mutant #f main.rkt 522) {negate-conditional} => miss
[info] mutation-analysis: #s(mutant #f main.rkt 522) {negate-conditional} => miss
mutation-analysis: #s(mutant #f main.rkt 523) {negate-conditional} => miss
[info] mutation-analysis: #s(mutant #f main.rkt 523) {negate-conditional} => miss
mutation-analysis: #s(mutant #f main.rkt 525) {position-swap} => miss
mutation-analysis: #s(mutant #f main.rkt 524) {negate-conditional} => miss
[info] mutation-analysis: #s(mutant #f main.rkt 525) {position-swap} => miss
[info] mutation-analysis: #s(mutant #f main.rkt 524) {negate-conditional} => miss
mutation-analysis: #s(mutant #f main.rkt 528) {constant-swap} => miss
mutation-analysis: #s(mutant #f main.rkt 527) {constant-swap} => miss
mutation-analysis: #s(mutant #f main.rkt 526) {constant-swap} => miss
[info] mutation-analysis: #s(mutant #f main.rkt 528) {constant-swap} => miss
[info] mutation-analysis: #s(mutant #f main.rkt 527) {constant-swap} => miss
[info] mutation-analysis: #s(mutant #f main.rkt 526) {constant-swap} => miss
mutation-analysis: #s(mutant #f main.rkt 529) {constant-swap} => miss
[info] mutation-analysis: #s(mutant #f main.rkt 529) {constant-swap} => miss
mutation-analysis: #s(mutant #f main.rkt 530) {constant-swap} => miss
[info] mutation-analysis: #s(mutant #f main.rkt 530) {constant-swap} => miss
mutation-analysis: #s(mutant #f main.rkt 531) {constant-swap} => miss
[info] mutation-analysis: #s(mutant #f main.rkt 531) {constant-swap} => miss
mutation-analysis: #s(mutant #f main.rkt 533) {constant-swap} => miss
mutation-analysis: #s(mutant #f main.rkt 532) {constant-swap} => miss
[info] mutation-analysis: #s(mutant #f main.rkt 533) {constant-swap} => miss
[info] mutation-analysis: #s(mutant #f main.rkt 532) {constant-swap} => miss
mutation-analysis: #s(mutant #f main.rkt 536) {constant-swap} => miss
mutation-analysis: #s(mutant #f main.rkt 535) {constant-swap} => miss
mutation-analysis: #s(mutant #f main.rkt 534) {constant-swap} => miss
[info] mutation-analysis: #s(mutant #f main.rkt 536) {constant-swap} => miss
[info] mutation-analysis: #s(mutant #f main.rkt 535) {constant-swap} => miss
[info] mutation-analysis: #s(mutant #f main.rkt 534) {constant-swap} => miss
mutation-analysis: #s(mutant #f main.rkt 537) {constant-swap} => miss
[info] mutation-analysis: #s(mutant #f main.rkt 537) {constant-swap} => miss
mutation-analysis: #s(mutant #f main.rkt 538) {constant-swap} => miss
[info] mutation-analysis: #s(mutant #f main.rkt 538) {constant-swap} => miss
mutation-analysis: #s(mutant #f main.rkt 539) {constant-swap} => miss
[info] mutation-analysis: #s(mutant #f main.rkt 539) {constant-swap} => miss
mutation-analysis: #s(mutant #f main.rkt 541) {constant-swap} => miss
mutation-analysis: #s(mutant #f main.rkt 540) {constant-swap} => miss
[info] mutation-analysis: #s(mutant #f main.rkt 541) {constant-swap} => miss
[info] mutation-analysis: #s(mutant #f main.rkt 540) {constant-swap} => miss
mutation-analysis: #s(mutant #f main.rkt 544) {constant-swap} => miss
mutation-analysis: #s(mutant #f main.rkt 543) {constant-swap} => miss
mutation-analysis: #s(mutant #f main.rkt 542) {position-swap} => miss
[info] mutation-analysis: #s(mutant #f main.rkt 544) {constant-swap} => miss
[info] mutation-analysis: #s(mutant #f main.rkt 543) {constant-swap} => miss
[info] mutation-analysis: #s(mutant #f main.rkt 542) {position-swap} => miss
mutation-analysis: #s(mutant #f main.rkt 545) {constant-swap} => miss
[info] mutation-analysis: #s(mutant #f main.rkt 545) {constant-swap} => miss
mutation-analysis: #s(mutant #f main.rkt 546) {constant-swap} => miss
[info] mutation-analysis: #s(mutant #f main.rkt 546) {constant-swap} => miss
mutation-analysis: #s(mutant #f main.rkt 547) {constant-swap} => miss
[info] mutation-analysis: #s(mutant #f main.rkt 547) {constant-swap} => miss
mutation-analysis: #s(mutant #f main.rkt 549) {constant-swap} => miss
mutation-analysis: #s(mutant #f main.rkt 548) {constant-swap} => miss
[info] mutation-analysis: #s(mutant #f main.rkt 549) {constant-swap} => miss
[info] mutation-analysis: #s(mutant #f main.rkt 548) {constant-swap} => miss
mutation-analysis: #s(mutant #f main.rkt 552) {constant-swap} => miss
mutation-analysis: #s(mutant #f main.rkt 551) {position-swap} => miss
mutation-analysis: #s(mutant #f main.rkt 550) {constant-swap} => miss
[info] mutation-analysis: #s(mutant #f main.rkt 552) {constant-swap} => miss
[info] mutation-analysis: #s(mutant #f main.rkt 551) {position-swap} => miss
[info] mutation-analysis: #s(mutant #f main.rkt 550) {constant-swap} => miss
mutation-analysis: #s(mutant #f main.rkt 553) {constant-swap} => miss
[info] mutation-analysis: #s(mutant #f main.rkt 553) {constant-swap} => miss
mutation-analysis: #s(mutant #f main.rkt 554) {constant-swap} => miss
[info] mutation-analysis: #s(mutant #f main.rkt 554) {constant-swap} => miss
mutation-analysis: #s(mutant #f main.rkt 555) {constant-swap} => miss
[info] mutation-analysis: #s(mutant #f main.rkt 555) {constant-swap} => miss
mutation-analysis: #s(mutant #f main.rkt 557) {constant-swap} => miss
mutation-analysis: #s(mutant #f main.rkt 556) {constant-swap} => miss
[info] mutation-analysis: #s(mutant #f main.rkt 557) {constant-swap} => miss
[info] mutation-analysis: #s(mutant #f main.rkt 556) {constant-swap} => miss
mutation-analysis: #s(mutant #f main.rkt 560) {negate-conditional} => miss
mutation-analysis: #s(mutant #f main.rkt 559) {constant-swap} => miss
mutation-analysis: #s(mutant #f main.rkt 558) {constant-swap} => miss
[info] mutation-analysis: #s(mutant #f main.rkt 560) {negate-conditional} => miss
[info] mutation-analysis: #s(mutant #f main.rkt 559) {constant-swap} => miss
[info] mutation-analysis: #s(mutant #f main.rkt 558) {constant-swap} => miss
mutation-analysis: #s(mutant #f main.rkt 561) {negate-conditional} => miss
[info] mutation-analysis: #s(mutant #f main.rkt 561) {negate-conditional} => miss
mutation-analysis: #s(mutant #f main.rkt 562) {negate-conditional} => miss
[info] mutation-analysis: #s(mutant #f main.rkt 562) {negate-conditional} => miss
mutation-analysis: #s(mutant #f main.rkt 563) {negate-conditional} => miss
[info] mutation-analysis: #s(mutant #f main.rkt 563) {negate-conditional} => miss
mutation-analysis: #s(mutant #f main.rkt 565) {position-swap} => miss
mutation-analysis: #s(mutant #f main.rkt 564) {position-swap} => miss
[info] mutation-analysis: #s(mutant #f main.rkt 565) {position-swap} => miss
[info] mutation-analysis: #s(mutant #f main.rkt 564) {position-swap} => miss
mutation-analysis: #s(mutant #f main.rkt 568) {constant-swap} => miss
mutation-analysis: #s(mutant #f main.rkt 567) {constant-swap} => miss
mutation-analysis: #s(mutant #f main.rkt 566) {constant-swap} => miss
[info] mutation-analysis: #s(mutant #f main.rkt 568) {constant-swap} => miss
[info] mutation-analysis: #s(mutant #f main.rkt 567) {constant-swap} => miss
[info] mutation-analysis: #s(mutant #f main.rkt 566) {constant-swap} => miss
mutation-analysis: #s(mutant #f main.rkt 569) {constant-swap} => miss
[info] mutation-analysis: #s(mutant #f main.rkt 569) {constant-swap} => miss
mutation-analysis: #s(mutant #f main.rkt 570) {constant-swap} => miss
[info] mutation-analysis: #s(mutant #f main.rkt 570) {constant-swap} => miss
mutation-analysis: #s(mutant #f main.rkt 571) {constant-swap} => miss
[info] mutation-analysis: #s(mutant #f main.rkt 571) {constant-swap} => miss
mutation-analysis: #s(mutant #f main.rkt 573) {constant-swap} => miss
mutation-analysis: #s(mutant #f main.rkt 572) {constant-swap} => miss
[info] mutation-analysis: #s(mutant #f main.rkt 573) {constant-swap} => miss
[info] mutation-analysis: #s(mutant #f main.rkt 572) {constant-swap} => miss
mutation-analysis: #s(mutant #f main.rkt 576) {constant-swap} => miss
mutation-analysis: #s(mutant #f main.rkt 575) {constant-swap} => miss
mutation-analysis: #s(mutant #f main.rkt 574) {position-swap} => miss
[info] mutation-analysis: #s(mutant #f main.rkt 576) {constant-swap} => miss
[info] mutation-analysis: #s(mutant #f main.rkt 575) {constant-swap} => miss
[info] mutation-analysis: #s(mutant #f main.rkt 574) {position-swap} => miss
mutation-analysis: #s(mutant #f main.rkt 577) {constant-swap} => miss
[info] mutation-analysis: #s(mutant #f main.rkt 577) {constant-swap} => miss
mutation-analysis: #s(mutant #f main.rkt 578) {constant-swap} => miss
[info] mutation-analysis: #s(mutant #f main.rkt 578) {constant-swap} => miss
mutation-analysis: #s(mutant #f main.rkt 579) {constant-swap} => miss
[info] mutation-analysis: #s(mutant #f main.rkt 579) {constant-swap} => miss
mutation-analysis: #s(mutant #f main.rkt 581) {constant-swap} => miss
mutation-analysis: #s(mutant #f main.rkt 580) {constant-swap} => miss
[info] mutation-analysis: #s(mutant #f main.rkt 581) {constant-swap} => miss
[info] mutation-analysis: #s(mutant #f main.rkt 580) {constant-swap} => miss
mutation-analysis: #s(mutant #f main.rkt 584) {negate-conditional} => miss
mutation-analysis: #s(mutant #f main.rkt 583) {negate-conditional} => miss
mutation-analysis: #s(mutant #f main.rkt 582) {constant-swap} => miss
[info] mutation-analysis: #s(mutant #f main.rkt 584) {negate-conditional} => miss
[info] mutation-analysis: #s(mutant #f main.rkt 583) {negate-conditional} => miss
[info] mutation-analysis: #s(mutant #f main.rkt 582) {constant-swap} => miss
mutation-analysis: #s(mutant #f main.rkt 585) {negate-conditional} => miss
[info] mutation-analysis: #s(mutant #f main.rkt 585) {negate-conditional} => miss
mutation-analysis: #s(mutant #f main.rkt 586) {negate-conditional} => miss
[info] mutation-analysis: #s(mutant #f main.rkt 586) {negate-conditional} => miss
mutation-analysis: #s(mutant #f main.rkt 587) {position-swap} => miss
[info] mutation-analysis: #s(mutant #f main.rkt 587) {position-swap} => miss
mutation-analysis: #s(mutant #f main.rkt 589) {constant-swap} => miss
mutation-analysis: #s(mutant #f main.rkt 588) {constant-swap} => miss
[info] mutation-analysis: #s(mutant #f main.rkt 589) {constant-swap} => miss
[info] mutation-analysis: #s(mutant #f main.rkt 588) {constant-swap} => miss
mutation-analysis: #s(mutant #f main.rkt 592) {constant-swap} => miss
mutation-analysis: #s(mutant #f main.rkt 591) {constant-swap} => miss
mutation-analysis: #s(mutant #f main.rkt 590) {constant-swap} => miss
[info] mutation-analysis: #s(mutant #f main.rkt 592) {constant-swap} => miss
[info] mutation-analysis: #s(mutant #f main.rkt 591) {constant-swap} => miss
[info] mutation-analysis: #s(mutant #f main.rkt 590) {constant-swap} => miss
mutation-analysis: #s(mutant #f main.rkt 593) {constant-swap} => miss
[info] mutation-analysis: #s(mutant #f main.rkt 593) {constant-swap} => miss
mutation-analysis: #s(mutant #f main.rkt 594) {constant-swap} => miss
[info] mutation-analysis: #s(mutant #f main.rkt 594) {constant-swap} => miss
mutation-analysis: #s(mutant #f main.rkt 595) {constant-swap} => miss
[info] mutation-analysis: #s(mutant #f main.rkt 595) {constant-swap} => miss
mutation-analysis: #s(mutant #f main.rkt 597) {negate-conditional} => miss
mutation-analysis: #s(mutant #f main.rkt 596) {negate-conditional} => miss
[info] mutation-analysis: #s(mutant #f main.rkt 597) {negate-conditional} => miss
[info] mutation-analysis: #s(mutant #f main.rkt 596) {negate-conditional} => miss
mutation-analysis: #s(mutant #f main.rkt 600) {position-swap} => miss
mutation-analysis: #s(mutant #f main.rkt 599) {negate-conditional} => miss
mutation-analysis: #s(mutant #f main.rkt 598) {negate-conditional} => miss
[info] mutation-analysis: #s(mutant #f main.rkt 600) {position-swap} => miss
[info] mutation-analysis: #s(mutant #f main.rkt 599) {negate-conditional} => miss
[info] mutation-analysis: #s(mutant #f main.rkt 598) {negate-conditional} => miss
mutation-analysis: #s(mutant #f main.rkt 601) {constant-swap} => miss
[info] mutation-analysis: #s(mutant #f main.rkt 601) {constant-swap} => miss
mutation-analysis: #s(mutant #f main.rkt 602) {constant-swap} => miss
[info] mutation-analysis: #s(mutant #f main.rkt 602) {constant-swap} => miss
mutation-analysis: #s(mutant #f main.rkt 603) {constant-swap} => miss
[info] mutation-analysis: #s(mutant #f main.rkt 603) {constant-swap} => miss
mutation-analysis: #s(mutant #f main.rkt 605) {constant-swap} => miss
mutation-analysis: #s(mutant #f main.rkt 604) {constant-swap} => miss
[info] mutation-analysis: #s(mutant #f main.rkt 605) {constant-swap} => miss
[info] mutation-analysis: #s(mutant #f main.rkt 604) {constant-swap} => miss
mutation-analysis: #s(mutant #f main.rkt 608) {constant-swap} => miss
mutation-analysis: #s(mutant #f main.rkt 607) {constant-swap} => miss
mutation-analysis: #s(mutant #f main.rkt 606) {constant-swap} => miss
[info] mutation-analysis: #s(mutant #f main.rkt 608) {constant-swap} => miss
[info] mutation-analysis: #s(mutant #f main.rkt 607) {constant-swap} => miss
[info] mutation-analysis: #s(mutant #f main.rkt 606) {constant-swap} => miss
mutation-analysis: #s(mutant #f main.rkt 609) {negate-conditional} => miss
[info] mutation-analysis: #s(mutant #f main.rkt 609) {negate-conditional} => miss
mutation-analysis: #s(mutant #f main.rkt 610) {negate-conditional} => miss
[info] mutation-analysis: #s(mutant #f main.rkt 610) {negate-conditional} => miss
mutation-analysis: #s(mutant #f main.rkt 611) {negate-conditional} => miss
[info] mutation-analysis: #s(mutant #f main.rkt 611) {negate-conditional} => miss
mutation-analysis: #s(mutant #f main.rkt 613) {negate-conditional} => miss
mutation-analysis: #s(mutant #f main.rkt 612) {negate-conditional} => miss
[info] mutation-analysis: #s(mutant #f main.rkt 613) {negate-conditional} => miss
[info] mutation-analysis: #s(mutant #f main.rkt 612) {negate-conditional} => miss
mutation-analysis: #s(mutant #f main.rkt 616) {negate-conditional} => miss
mutation-analysis: #s(mutant #f main.rkt 614) {negate-conditional} => miss
[info] mutation-analysis: #s(mutant #f main.rkt 616) {negate-conditional} => miss
[info] mutation-analysis: #s(mutant #f main.rkt 614) {negate-conditional} => miss
mutation-analysis: #s(mutant #f main.rkt 617) {negate-conditional} => miss
mutation-analysis: #s(mutant #f main.rkt 615) {negate-conditional} => miss
[info] mutation-analysis: #s(mutant #f main.rkt 617) {negate-conditional} => miss
[info] mutation-analysis: #s(mutant #f main.rkt 615) {negate-conditional} => miss
mutation-analysis: #s(mutant #f main.rkt 618) {position-swap} => miss
[info] mutation-analysis: #s(mutant #f main.rkt 618) {position-swap} => miss
mutation-analysis: #s(mutant #f main.rkt 619) {boolean-op-swap} => miss
[info] mutation-analysis: #s(mutant #f main.rkt 619) {boolean-op-swap} => miss
mutation-analysis: #s(mutant #f main.rkt 621) {boolean-op-swap} => miss
mutation-analysis: #s(mutant #f main.rkt 620) {position-swap} => miss
[info] mutation-analysis: #s(mutant #f main.rkt 621) {boolean-op-swap} => miss
[info] mutation-analysis: #s(mutant #f main.rkt 620) {position-swap} => miss
mutation-analysis: #s(mutant #f main.rkt 623) {boolean-op-swap} => miss
mutation-analysis: #s(mutant #f main.rkt 622) {position-swap} => miss
[info] mutation-analysis: #s(mutant #f main.rkt 623) {boolean-op-swap} => miss
[info] mutation-analysis: #s(mutant #f main.rkt 622) {position-swap} => miss
mutation-analysis: #s(mutant #f main.rkt 625) {boolean-op-swap} => miss
mutation-analysis: #s(mutant #f main.rkt 624) {position-swap} => miss
[info] mutation-analysis: #s(mutant #f main.rkt 625) {boolean-op-swap} => miss
[info] mutation-analysis: #s(mutant #f main.rkt 624) {position-swap} => miss
mutation-analysis: #s(mutant #f main.rkt 626) {position-swap} => miss
[info] mutation-analysis: #s(mutant #f main.rkt 626) {position-swap} => miss
mutation-analysis: #s(mutant #f main.rkt 627) {boolean-op-swap} => miss
[info] mutation-analysis: #s(mutant #f main.rkt 627) {boolean-op-swap} => miss
mutation-analysis: #s(mutant #f main.rkt 629) {boolean-op-swap} => miss
mutation-analysis: #s(mutant #f main.rkt 628) {position-swap} => miss
[info] mutation-analysis: #s(mutant #f main.rkt 629) {boolean-op-swap} => miss
[info] mutation-analysis: #s(mutant #f main.rkt 628) {position-swap} => miss
mutation-analysis: #s(mutant #f main.rkt 631) {boolean-op-swap} => miss
mutation-analysis: #s(mutant #f main.rkt 630) {position-swap} => miss
[info] mutation-analysis: #s(mutant #f main.rkt 631) {boolean-op-swap} => miss
[info] mutation-analysis: #s(mutant #f main.rkt 630) {position-swap} => miss
mutation-analysis: #s(mutant #f message-queue.rkt 0) {begin-drop} => miss
mutation-analysis: #s(mutant #f main.rkt 633) {constant-swap} => miss
mutation-analysis: #s(mutant #f main.rkt 632) {constant-swap} => miss
[info] mutation-analysis: #s(mutant #f message-queue.rkt 0) {begin-drop} => miss
[info] mutation-analysis: #s(mutant #f main.rkt 633) {constant-swap} => miss
[info] mutation-analysis: #s(mutant #f main.rkt 632) {constant-swap} => miss
mutation-analysis: #s(mutant #f message-queue.rkt 2) {begin-drop} => miss
[info] mutation-analysis: #s(mutant #f message-queue.rkt 2) {begin-drop} => miss
mutation-analysis: #s(mutant #f main.rkt 634) {constant-swap} => miss
[info] mutation-analysis: #s(mutant #f main.rkt 634) {constant-swap} => miss
mutation-analysis: #s(mutant #f main.rkt 635) {constant-swap} => miss
[info] mutation-analysis: #s(mutant #f main.rkt 635) {constant-swap} => miss
mutation-analysis: #s(mutant #f main.rkt 637) {begin-drop} => miss
[info] mutation-analysis: #s(mutant #f main.rkt 637) {begin-drop} => miss
mutation-analysis: #s(mutant #f message-queue.rkt 1) {position-swap} => miss
mutation-analysis: #s(mutant #f main.rkt 636) {constant-swap} => miss
[info] mutation-analysis: #s(mutant #f message-queue.rkt 1) {position-swap} => miss
[info] mutation-analysis: #s(mutant #f main.rkt 636) {constant-swap} => miss
mutation-analysis: #s(mutant #f utils.rkt 2) {position-swap} => miss
mutation-analysis: #s(mutant #f utils.rkt 1) {position-swap} => miss
mutation-analysis: #s(mutant #f utils.rkt 0) {position-swap} => miss
[info] mutation-analysis: #s(mutant #f utils.rkt 2) {position-swap} => miss
[info] mutation-analysis: #s(mutant #f utils.rkt 1) {position-swap} => miss
[info] mutation-analysis: #s(mutant #f utils.rkt 0) {position-swap} => miss
mutation-analysis: #s(mutant #f utils.rkt 3) {position-swap} => miss
[info] mutation-analysis: #s(mutant #f utils.rkt 3) {position-swap} => miss
mutation-analysis: #s(mutant #f utils.rkt 4) {position-swap} => miss
[info] mutation-analysis: #s(mutant #f utils.rkt 4) {position-swap} => miss
mutation-analysis: #s(mutant #f utils.rkt 5) {position-swap} => miss
[info] mutation-analysis: #s(mutant #f utils.rkt 5) {position-swap} => miss
mutation-analysis: #s(mutant #f utils.rkt 7) {position-swap} => miss
mutation-analysis: #s(mutant #f utils.rkt 6) {position-swap} => miss
[info] mutation-analysis: #s(mutant #f utils.rkt 7) {position-swap} => miss
[info] mutation-analysis: #s(mutant #f utils.rkt 6) {position-swap} => miss
mutation-analysis: #s(mutant #f utils.rkt 10) {position-swap} => miss
mutation-analysis: #s(mutant #f utils.rkt 9) {position-swap} => miss
mutation-analysis: #s(mutant #f utils.rkt 8) {position-swap} => miss
[info] mutation-analysis: #s(mutant #f utils.rkt 10) {position-swap} => miss
[info] mutation-analysis: #s(mutant #f utils.rkt 9) {position-swap} => miss
[info] mutation-analysis: #s(mutant #f utils.rkt 8) {position-swap} => miss
mutation-analysis: #s(mutant #f utils.rkt 11) {position-swap} => miss
[info] mutation-analysis: #s(mutant #f utils.rkt 11) {position-swap} => miss
mutation-analysis: #s(mutant #f utils.rkt 12) {position-swap} => miss
[info] mutation-analysis: #s(mutant #f utils.rkt 12) {position-swap} => miss
mutation-analysis: #s(mutant #f utils.rkt 13) {position-swap} => miss
[info] mutation-analysis: #s(mutant #f utils.rkt 13) {position-swap} => miss
mutation-analysis: #s(mutant #f utils.rkt 15) {position-swap} => miss
mutation-analysis: #s(mutant #f utils.rkt 14) {position-swap} => miss
[info] mutation-analysis: #s(mutant #f utils.rkt 15) {position-swap} => miss
[info] mutation-analysis: #s(mutant #f utils.rkt 14) {position-swap} => miss
mutation-analysis: #s(mutant #f utils.rkt 18) {position-swap} => miss
mutation-analysis: #s(mutant #f utils.rkt 17) {position-swap} => miss
mutation-analysis: #s(mutant #f utils.rkt 16) {position-swap} => miss
[info] mutation-analysis: #s(mutant #f utils.rkt 18) {position-swap} => miss
[info] mutation-analysis: #s(mutant #f utils.rkt 17) {position-swap} => miss
[info] mutation-analysis: #s(mutant #f utils.rkt 16) {position-swap} => miss
mutation-analysis: #s(mutant #f utils.rkt 19) {position-swap} => miss
[info] mutation-analysis: #s(mutant #f utils.rkt 19) {position-swap} => miss
mutation-analysis: #s(mutant #f utils.rkt 20) {position-swap} => miss
[info] mutation-analysis: #s(mutant #f utils.rkt 20) {position-swap} => miss
mutation-analysis: #s(mutant #f utils.rkt 21) {position-swap} => miss
[info] mutation-analysis: #s(mutant #f utils.rkt 21) {position-swap} => miss
mutation-analysis: Beginning one mutation analysis.
[info] mutation-analysis: Beginning one mutation analysis.
mutation-analysis: Configured mutatable modules: ("cell.rkt" "grid.rkt" "main.rkt" "message-queue.rkt" "utils.rkt")
[info] mutation-analysis: Configured mutatable modules: ("cell.rkt" "grid.rkt" "main.rkt" "message-queue.rkt" "utils.rkt")
mutation-analysis: #s(mutant #f utils.rkt 26) {position-swap} => miss
mutation-analysis: #s(mutant #f utils.rkt 25) {position-swap} => miss
mutation-analysis: #s(mutant #f utils.rkt 23) {position-swap} => miss
mutation-analysis: #s(mutant #f utils.rkt 22) {position-swap} => miss
[info] mutation-analysis: #s(mutant #f utils.rkt 26) {position-swap} => miss
[info] mutation-analysis: #s(mutant #f utils.rkt 25) {position-swap} => miss
[info] mutation-analysis: #s(mutant #f utils.rkt 23) {position-swap} => miss
[info] mutation-analysis: #s(mutant #f utils.rkt 22) {position-swap} => miss
mutation-analysis: #s(mutant #f utils.rkt 29) {position-swap} => miss
mutation-analysis: #s(mutant #f utils.rkt 28) {position-swap} => miss
mutation-analysis: #s(mutant #f utils.rkt 27) {position-swap} => miss
mutation-analysis: #s(mutant #f utils.rkt 24) {position-swap} => miss
[info] mutation-analysis: #s(mutant #f utils.rkt 29) {position-swap} => miss
[info] mutation-analysis: #s(mutant #f utils.rkt 28) {position-swap} => miss
[info] mutation-analysis: #s(mutant #f utils.rkt 27) {position-swap} => miss
[info] mutation-analysis: #s(mutant #f utils.rkt 24) {position-swap} => miss
mutation-analysis: #s(mutant #f utils.rkt 33) {position-swap} => miss
mutation-analysis: #s(mutant #f utils.rkt 32) {position-swap} => miss
mutation-analysis: #s(mutant #f utils.rkt 31) {position-swap} => miss
mutation-analysis: #s(mutant #f utils.rkt 30) {position-swap} => miss
[info] mutation-analysis: #s(mutant #f utils.rkt 33) {position-swap} => miss
[info] mutation-analysis: #s(mutant #f utils.rkt 32) {position-swap} => miss
[info] mutation-analysis: #s(mutant #f utils.rkt 31) {position-swap} => miss
[info] mutation-analysis: #s(mutant #f utils.rkt 30) {position-swap} => miss
mutation-analysis: #s(mutant #f utils.rkt 37) {position-swap} => miss
mutation-analysis: #s(mutant #f utils.rkt 36) {position-swap} => miss
mutation-analysis: #s(mutant #f utils.rkt 35) {position-swap} => miss
mutation-analysis: #s(mutant #f utils.rkt 34) {position-swap} => miss
[info] mutation-analysis: #s(mutant #f utils.rkt 37) {position-swap} => miss
[info] mutation-analysis: #s(mutant #f utils.rkt 36) {position-swap} => miss
[info] mutation-analysis: #s(mutant #f utils.rkt 35) {position-swap} => miss
[info] mutation-analysis: #s(mutant #f utils.rkt 34) {position-swap} => miss
mutation-analysis: #s(mutant #f utils.rkt 41) {position-swap} => miss
mutation-analysis: #s(mutant #f utils.rkt 40) {position-swap} => miss
mutation-analysis: #s(mutant #f utils.rkt 39) {position-swap} => miss
mutation-analysis: #s(mutant #f utils.rkt 38) {position-swap} => miss
[info] mutation-analysis: #s(mutant #f utils.rkt 41) {position-swap} => miss
[info] mutation-analysis: #s(mutant #f utils.rkt 40) {position-swap} => miss
[info] mutation-analysis: #s(mutant #f utils.rkt 39) {position-swap} => miss
[info] mutation-analysis: #s(mutant #f utils.rkt 38) {position-swap} => miss
mutation-analysis: #s(mutant #f utils.rkt 45) {position-swap} => miss
mutation-analysis: #s(mutant #f utils.rkt 44) {position-swap} => miss
mutation-analysis: #s(mutant #f utils.rkt 43) {position-swap} => miss
mutation-analysis: #s(mutant #f utils.rkt 42) {position-swap} => miss
[info] mutation-analysis: #s(mutant #f utils.rkt 45) {position-swap} => miss
[info] mutation-analysis: #s(mutant #f utils.rkt 44) {position-swap} => miss
[info] mutation-analysis: #s(mutant #f utils.rkt 43) {position-swap} => miss
[info] mutation-analysis: #s(mutant #f utils.rkt 42) {position-swap} => miss
mutation-analysis: #s(mutant #f utils.rkt 49) {position-swap} => miss
mutation-analysis: #s(mutant #f utils.rkt 48) {position-swap} => miss
mutation-analysis: #s(mutant #f utils.rkt 47) {position-swap} => miss
mutation-analysis: #s(mutant #f utils.rkt 46) {position-swap} => miss
[info] mutation-analysis: #s(mutant #f utils.rkt 49) {position-swap} => miss
[info] mutation-analysis: #s(mutant #f utils.rkt 48) {position-swap} => miss
[info] mutation-analysis: #s(mutant #f utils.rkt 47) {position-swap} => miss
[info] mutation-analysis: #s(mutant #f utils.rkt 46) {position-swap} => miss
mutation-analysis: #s(mutant #f utils.rkt 53) {position-swap} => miss
mutation-analysis: #s(mutant #f utils.rkt 52) {position-swap} => miss
mutation-analysis: #s(mutant #f utils.rkt 51) {position-swap} => miss
mutation-analysis: #s(mutant #f utils.rkt 50) {position-swap} => miss
[info] mutation-analysis: #s(mutant #f utils.rkt 53) {position-swap} => miss
[info] mutation-analysis: #s(mutant #f utils.rkt 52) {position-swap} => miss
[info] mutation-analysis: #s(mutant #f utils.rkt 51) {position-swap} => miss
[info] mutation-analysis: #s(mutant #f utils.rkt 50) {position-swap} => miss
mutation-analysis: #s(mutant #f utils.rkt 54) {position-swap} => miss
[info] mutation-analysis: #s(mutant #f utils.rkt 54) {position-swap} => miss
mutation-analysis: #s(mutant #f utils.rkt 61) {position-swap} => miss
mutation-analysis: #s(mutant #f utils.rkt 60) {position-swap} => miss
mutation-analysis: #s(mutant #f utils.rkt 59) {position-swap} => miss
mutation-analysis: #s(mutant #f utils.rkt 58) {position-swap} => miss
[info] mutation-analysis: #s(mutant #f utils.rkt 61) {position-swap} => miss
[info] mutation-analysis: #s(mutant #f utils.rkt 60) {position-swap} => miss
[info] mutation-analysis: #s(mutant #f utils.rkt 59) {position-swap} => miss
[info] mutation-analysis: #s(mutant #f utils.rkt 58) {position-swap} => miss
mutation-analysis: #s(mutant #f utils.rkt 57) {position-swap} => miss
mutation-analysis: #s(mutant #f utils.rkt 56) {position-swap} => miss
mutation-analysis: #s(mutant #f utils.rkt 55) {position-swap} => miss
[info] mutation-analysis: #s(mutant #f utils.rkt 57) {position-swap} => miss
[info] mutation-analysis: #s(mutant #f utils.rkt 56) {position-swap} => miss
[info] mutation-analysis: #s(mutant #f utils.rkt 55) {position-swap} => miss
mutation-analysis: #s(mutant #f utils.rkt 62) {position-swap} => miss
[info] mutation-analysis: #s(mutant #f utils.rkt 62) {position-swap} => miss
mutation-analysis: #s(mutant #f utils.rkt 69) {position-swap} => miss
mutation-analysis: #s(mutant #f utils.rkt 68) {position-swap} => miss
mutation-analysis: #s(mutant #f utils.rkt 67) {position-swap} => miss
mutation-analysis: #s(mutant #f utils.rkt 66) {position-swap} => miss
[info] mutation-analysis: #s(mutant #f utils.rkt 69) {position-swap} => miss
[info] mutation-analysis: #s(mutant #f utils.rkt 68) {position-swap} => miss
[info] mutation-analysis: #s(mutant #f utils.rkt 67) {position-swap} => miss
[info] mutation-analysis: #s(mutant #f utils.rkt 66) {position-swap} => miss
mutation-analysis: #s(mutant #f utils.rkt 65) {position-swap} => miss
mutation-analysis: #s(mutant #f utils.rkt 64) {position-swap} => miss
mutation-analysis: #s(mutant #f utils.rkt 63) {position-swap} => miss
[info] mutation-analysis: #s(mutant #f utils.rkt 65) {position-swap} => miss
[info] mutation-analysis: #s(mutant #f utils.rkt 64) {position-swap} => miss
[info] mutation-analysis: #s(mutant #f utils.rkt 63) {position-swap} => miss
mutation-analysis: #s(mutant #f utils.rkt 70) {position-swap} => miss
[info] mutation-analysis: #s(mutant #f utils.rkt 70) {position-swap} => miss
mutation-analysis: #s(mutant #f utils.rkt 77) {position-swap} => miss
mutation-analysis: #s(mutant #f utils.rkt 76) {position-swap} => miss
mutation-analysis: #s(mutant #f utils.rkt 75) {position-swap} => miss
mutation-analysis: #s(mutant #f utils.rkt 74) {position-swap} => miss
[info] mutation-analysis: #s(mutant #f utils.rkt 77) {position-swap} => miss
[info] mutation-analysis: #s(mutant #f utils.rkt 76) {position-swap} => miss
[info] mutation-analysis: #s(mutant #f utils.rkt 75) {position-swap} => miss
[info] mutation-analysis: #s(mutant #f utils.rkt 74) {position-swap} => miss
mutation-analysis: #s(mutant #f utils.rkt 73) {position-swap} => miss
mutation-analysis: #s(mutant #f utils.rkt 72) {position-swap} => miss
mutation-analysis: #s(mutant #f utils.rkt 71) {position-swap} => miss
[info] mutation-analysis: #s(mutant #f utils.rkt 73) {position-swap} => miss
[info] mutation-analysis: #s(mutant #f utils.rkt 72) {position-swap} => miss
[info] mutation-analysis: #s(mutant #f utils.rkt 71) {position-swap} => miss
mutation-analysis: #s(mutant #f utils.rkt 78) {position-swap} => miss
[info] mutation-analysis: #s(mutant #f utils.rkt 78) {position-swap} => miss
mutation-analysis: #s(mutant #f utils.rkt 80) {position-swap} => miss
mutation-analysis: #s(mutant #f utils.rkt 79) {position-swap} => miss
[info] mutation-analysis: #s(mutant #f utils.rkt 80) {position-swap} => miss
[info] mutation-analysis: #s(mutant #f utils.rkt 79) {position-swap} => miss
mutation-analysis: #s(mutant #f utils.rkt 85) {position-swap} => miss
mutation-analysis: #s(mutant #f utils.rkt 84) {position-swap} => miss
mutation-analysis: #s(mutant #f utils.rkt 83) {position-swap} => miss
mutation-analysis: #s(mutant #f utils.rkt 82) {position-swap} => miss
[info] mutation-analysis: #s(mutant #f utils.rkt 85) {position-swap} => miss
[info] mutation-analysis: #s(mutant #f utils.rkt 84) {position-swap} => miss
[info] mutation-analysis: #s(mutant #f utils.rkt 83) {position-swap} => miss
[info] mutation-analysis: #s(mutant #f utils.rkt 82) {position-swap} => miss
mutation-analysis: #s(mutant #f utils.rkt 81) {position-swap} => miss
[info] mutation-analysis: #s(mutant #f utils.rkt 81) {position-swap} => miss
mutation-analysis: #s(mutant #f utils.rkt 86) {position-swap} => miss
[info] mutation-analysis: #s(mutant #f utils.rkt 86) {position-swap} => miss
mutation-analysis: #s(mutant #f utils.rkt 88) {position-swap} => miss
mutation-analysis: #s(mutant #f utils.rkt 87) {position-swap} => miss
[info] mutation-analysis: #s(mutant #f utils.rkt 88) {position-swap} => miss
[info] mutation-analysis: #s(mutant #f utils.rkt 87) {position-swap} => miss
mutation-analysis: #s(mutant #f utils.rkt 93) {position-swap} => miss
mutation-analysis: #s(mutant #f utils.rkt 92) {position-swap} => miss
mutation-analysis: #s(mutant #f utils.rkt 91) {position-swap} => miss
mutation-analysis: #s(mutant #f utils.rkt 90) {position-swap} => miss
[info] mutation-analysis: #s(mutant #f utils.rkt 93) {position-swap} => miss
[info] mutation-analysis: #s(mutant #f utils.rkt 92) {position-swap} => miss
[info] mutation-analysis: #s(mutant #f utils.rkt 91) {position-swap} => miss
[info] mutation-analysis: #s(mutant #f utils.rkt 90) {position-swap} => miss
mutation-analysis: #s(mutant #f utils.rkt 89) {position-swap} => miss
[info] mutation-analysis: #s(mutant #f utils.rkt 89) {position-swap} => miss
mutation-analysis: #s(mutant #f utils.rkt 94) {position-swap} => miss
[info] mutation-analysis: #s(mutant #f utils.rkt 94) {position-swap} => miss
mutation-analysis: #s(mutant #f utils.rkt 96) {position-swap} => miss
mutation-analysis: #s(mutant #f utils.rkt 95) {position-swap} => miss
[info] mutation-analysis: #s(mutant #f utils.rkt 96) {position-swap} => miss
[info] mutation-analysis: #s(mutant #f utils.rkt 95) {position-swap} => miss
mutation-analysis: #s(mutant #f utils.rkt 101) {position-swap} => miss
mutation-analysis: #s(mutant #f utils.rkt 100) {position-swap} => miss
mutation-analysis: #s(mutant #f utils.rkt 99) {position-swap} => miss
mutation-analysis: #s(mutant #f utils.rkt 98) {position-swap} => miss
[info] mutation-analysis: #s(mutant #f utils.rkt 101) {position-swap} => miss
[info] mutation-analysis: #s(mutant #f utils.rkt 100) {position-swap} => miss
[info] mutation-analysis: #s(mutant #f utils.rkt 99) {position-swap} => miss
[info] mutation-analysis: #s(mutant #f utils.rkt 98) {position-swap} => miss
mutation-analysis: #s(mutant #f utils.rkt 97) {position-swap} => miss
[info] mutation-analysis: #s(mutant #f utils.rkt 97) {position-swap} => miss
mutation-analysis: #s(mutant #f utils.rkt 102) {position-swap} => miss
[info] mutation-analysis: #s(mutant #f utils.rkt 102) {position-swap} => miss
mutation-analysis: #s(mutant #f utils.rkt 104) {position-swap} => miss
mutation-analysis: #s(mutant #f utils.rkt 103) {position-swap} => miss
[info] mutation-analysis: #s(mutant #f utils.rkt 104) {position-swap} => miss
[info] mutation-analysis: #s(mutant #f utils.rkt 103) {position-swap} => miss
mutation-analysis: #s(mutant #f utils.rkt 109) {constant-swap} => miss
mutation-analysis: #s(mutant #f utils.rkt 108) {constant-swap} => miss
mutation-analysis: #s(mutant #f utils.rkt 107) {position-swap} => miss
mutation-analysis: #s(mutant #f utils.rkt 106) {position-swap} => miss
mutation-analysis: #s(mutant #f utils.rkt 105) {position-swap} => miss
[info] mutation-analysis: #s(mutant #f utils.rkt 109) {constant-swap} => miss
[info] mutation-analysis: #s(mutant #f utils.rkt 108) {constant-swap} => miss
[info] mutation-analysis: #s(mutant #f utils.rkt 107) {position-swap} => miss
[info] mutation-analysis: #s(mutant #f utils.rkt 106) {position-swap} => miss
[info] mutation-analysis: #s(mutant #f utils.rkt 105) {position-swap} => miss
mutation-analysis: #s(mutant #f utils.rkt 110) {constant-swap} => miss
[info] mutation-analysis: #s(mutant #f utils.rkt 110) {constant-swap} => miss
mutation-analysis: #s(mutant #f utils.rkt 112) {constant-swap} => miss
mutation-analysis: #s(mutant #f utils.rkt 111) {constant-swap} => miss
[info] mutation-analysis: #s(mutant #f utils.rkt 112) {constant-swap} => miss
[info] mutation-analysis: #s(mutant #f utils.rkt 111) {constant-swap} => miss
mutation-analysis: #s(mutant #f utils.rkt 117) {constant-swap} => miss
mutation-analysis: #s(mutant #f utils.rkt 116) {constant-swap} => miss
mutation-analysis: #s(mutant #f utils.rkt 115) {constant-swap} => miss
mutation-analysis: #s(mutant #f utils.rkt 114) {constant-swap} => miss
mutation-analysis: #s(mutant #f utils.rkt 113) {constant-swap} => miss
[info] mutation-analysis: #s(mutant #f utils.rkt 117) {constant-swap} => miss
[info] mutation-analysis: #s(mutant #f utils.rkt 116) {constant-swap} => miss
[info] mutation-analysis: #s(mutant #f utils.rkt 115) {constant-swap} => miss
[info] mutation-analysis: #s(mutant #f utils.rkt 114) {constant-swap} => miss
[info] mutation-analysis: #s(mutant #f utils.rkt 113) {constant-swap} => miss
mutation-analysis: #s(mutant #f utils.rkt 118) {constant-swap} => miss
[info] mutation-analysis: #s(mutant #f utils.rkt 118) {constant-swap} => miss
mutation-analysis: #s(mutant #f utils.rkt 120) {constant-swap} => miss
mutation-analysis: #s(mutant #f utils.rkt 119) {constant-swap} => miss
[info] mutation-analysis: #s(mutant #f utils.rkt 120) {constant-swap} => miss
[info] mutation-analysis: #s(mutant #f utils.rkt 119) {constant-swap} => miss
mutation-analysis: #s(mutant #f utils.rkt 125) {constant-swap} => miss
mutation-analysis: #s(mutant #f utils.rkt 124) {constant-swap} => miss
mutation-analysis: #s(mutant #f utils.rkt 123) {constant-swap} => miss
mutation-analysis: #s(mutant #f utils.rkt 122) {constant-swap} => miss
mutation-analysis: #s(mutant #f utils.rkt 121) {constant-swap} => miss
[info] mutation-analysis: #s(mutant #f utils.rkt 125) {constant-swap} => miss
[info] mutation-analysis: #s(mutant #f utils.rkt 124) {constant-swap} => miss
[info] mutation-analysis: #s(mutant #f utils.rkt 123) {constant-swap} => miss
[info] mutation-analysis: #s(mutant #f utils.rkt 122) {constant-swap} => miss
[info] mutation-analysis: #s(mutant #f utils.rkt 121) {constant-swap} => miss
mutation-analysis: #s(mutant #f utils.rkt 126) {constant-swap} => miss
[info] mutation-analysis: #s(mutant #f utils.rkt 126) {constant-swap} => miss
mutation-analysis: #s(mutant #f utils.rkt 128) {constant-swap} => miss
mutation-analysis: #s(mutant #f utils.rkt 127) {constant-swap} => miss
[info] mutation-analysis: #s(mutant #f utils.rkt 128) {constant-swap} => miss
[info] mutation-analysis: #s(mutant #f utils.rkt 127) {constant-swap} => miss
mutation-analysis: #s(mutant #f utils.rkt 133) {constant-swap} => miss
mutation-analysis: #s(mutant #f utils.rkt 132) {constant-swap} => miss
mutation-analysis: #s(mutant #f utils.rkt 131) {constant-swap} => miss
mutation-analysis: #s(mutant #f utils.rkt 130) {constant-swap} => miss
mutation-analysis: #s(mutant #f utils.rkt 129) {constant-swap} => miss
[info] mutation-analysis: #s(mutant #f utils.rkt 133) {constant-swap} => miss
[info] mutation-analysis: #s(mutant #f utils.rkt 132) {constant-swap} => miss
[info] mutation-analysis: #s(mutant #f utils.rkt 131) {constant-swap} => miss
[info] mutation-analysis: #s(mutant #f utils.rkt 130) {constant-swap} => miss
[info] mutation-analysis: #s(mutant #f utils.rkt 129) {constant-swap} => miss
mutation-analysis: #s(mutant #f utils.rkt 134) {constant-swap} => miss
[info] mutation-analysis: #s(mutant #f utils.rkt 134) {constant-swap} => miss
mutation-analysis: #s(mutant #f utils.rkt 136) {constant-swap} => miss
mutation-analysis: #s(mutant #f utils.rkt 135) {constant-swap} => miss
[info] mutation-analysis: #s(mutant #f utils.rkt 136) {constant-swap} => miss
[info] mutation-analysis: #s(mutant #f utils.rkt 135) {constant-swap} => miss
mutation-analysis: #s(mutant #f utils.rkt 141) {constant-swap} => miss
mutation-analysis: #s(mutant #f utils.rkt 140) {constant-swap} => miss
mutation-analysis: #s(mutant #f utils.rkt 139) {constant-swap} => miss
mutation-analysis: #s(mutant #f utils.rkt 138) {constant-swap} => miss
mutation-analysis: #s(mutant #f utils.rkt 137) {constant-swap} => miss
[info] mutation-analysis: #s(mutant #f utils.rkt 141) {constant-swap} => miss
[info] mutation-analysis: #s(mutant #f utils.rkt 140) {constant-swap} => miss
[info] mutation-analysis: #s(mutant #f utils.rkt 139) {constant-swap} => miss
[info] mutation-analysis: #s(mutant #f utils.rkt 138) {constant-swap} => miss
[info] mutation-analysis: #s(mutant #f utils.rkt 137) {constant-swap} => miss
mutation-analysis: #s(mutant #f utils.rkt 142) {constant-swap} => miss
[info] mutation-analysis: #s(mutant #f utils.rkt 142) {constant-swap} => miss
mutation-analysis: #s(mutant #f utils.rkt 144) {constant-swap} => miss
mutation-analysis: #s(mutant #f utils.rkt 143) {constant-swap} => miss
[info] mutation-analysis: #s(mutant #f utils.rkt 144) {constant-swap} => miss
[info] mutation-analysis: #s(mutant #f utils.rkt 143) {constant-swap} => miss
mutation-analysis: #s(mutant #f utils.rkt 145) {constant-swap} => miss
[info] mutation-analysis: #s(mutant #f utils.rkt 145) {constant-swap} => miss
mutation-analysis: #s(mutant #f utils.rkt 149) {constant-swap} => miss
mutation-analysis: #s(mutant #f utils.rkt 148) {constant-swap} => miss
mutation-analysis: #s(mutant #f utils.rkt 147) {constant-swap} => miss
mutation-analysis: #s(mutant #f utils.rkt 146) {constant-swap} => miss
[info] mutation-analysis: #s(mutant #f utils.rkt 149) {constant-swap} => miss
[info] mutation-analysis: #s(mutant #f utils.rkt 148) {constant-swap} => miss
[info] mutation-analysis: #s(mutant #f utils.rkt 147) {constant-swap} => miss
[info] mutation-analysis: #s(mutant #f utils.rkt 146) {constant-swap} => miss
mutation-analysis: #s(mutant #f utils.rkt 150) {constant-swap} => miss
[info] mutation-analysis: #s(mutant #f utils.rkt 150) {constant-swap} => miss
mutation-analysis: #s(mutant #f utils.rkt 152) {constant-swap} => miss
mutation-analysis: #s(mutant #f utils.rkt 151) {constant-swap} => miss
[info] mutation-analysis: #s(mutant #f utils.rkt 152) {constant-swap} => miss
[info] mutation-analysis: #s(mutant #f utils.rkt 151) {constant-swap} => miss
mutation-analysis: #s(mutant #f utils.rkt 153) {constant-swap} => miss
[info] mutation-analysis: #s(mutant #f utils.rkt 153) {constant-swap} => miss
mutation-analysis: #s(mutant #f utils.rkt 157) {constant-swap} => miss
mutation-analysis: #s(mutant #f utils.rkt 156) {constant-swap} => miss
mutation-analysis: #s(mutant #f utils.rkt 155) {constant-swap} => miss
mutation-analysis: #s(mutant #f utils.rkt 154) {constant-swap} => miss
[info] mutation-analysis: #s(mutant #f utils.rkt 157) {constant-swap} => miss
[info] mutation-analysis: #s(mutant #f utils.rkt 156) {constant-swap} => miss
[info] mutation-analysis: #s(mutant #f utils.rkt 155) {constant-swap} => miss
[info] mutation-analysis: #s(mutant #f utils.rkt 154) {constant-swap} => miss
mutation-analysis: #s(mutant #f utils.rkt 158) {constant-swap} => miss
[info] mutation-analysis: #s(mutant #f utils.rkt 158) {constant-swap} => miss
mutation-analysis: #s(mutant #f utils.rkt 161) {constant-swap} => miss
mutation-analysis: #s(mutant #f utils.rkt 160) {constant-swap} => miss
mutation-analysis: #s(mutant #f utils.rkt 159) {constant-swap} => miss
[info] mutation-analysis: #s(mutant #f utils.rkt 161) {constant-swap} => miss
[info] mutation-analysis: #s(mutant #f utils.rkt 160) {constant-swap} => miss
[info] mutation-analysis: #s(mutant #f utils.rkt 159) {constant-swap} => miss
mutation-analysis: #s(mutant #f utils.rkt 165) {constant-swap} => miss
mutation-analysis: #s(mutant #f utils.rkt 164) {constant-swap} => miss
mutation-analysis: #s(mutant #f utils.rkt 163) {constant-swap} => miss
mutation-analysis: #s(mutant #f utils.rkt 162) {constant-swap} => miss
[info] mutation-analysis: #s(mutant #f utils.rkt 165) {constant-swap} => miss
[info] mutation-analysis: #s(mutant #f utils.rkt 164) {constant-swap} => miss
[info] mutation-analysis: #s(mutant #f utils.rkt 163) {constant-swap} => miss
[info] mutation-analysis: #s(mutant #f utils.rkt 162) {constant-swap} => miss
mutation-analysis: #s(mutant #f utils.rkt 166) {constant-swap} => miss
[info] mutation-analysis: #s(mutant #f utils.rkt 166) {constant-swap} => miss
mutation-analysis: #s(mutant #f utils.rkt 169) {constant-swap} => miss
mutation-analysis: #s(mutant #f utils.rkt 168) {constant-swap} => miss
mutation-analysis: #s(mutant #f utils.rkt 167) {constant-swap} => miss
[info] mutation-analysis: #s(mutant #f utils.rkt 169) {constant-swap} => miss
[info] mutation-analysis: #s(mutant #f utils.rkt 168) {constant-swap} => miss
[info] mutation-analysis: #s(mutant #f utils.rkt 167) {constant-swap} => miss
mutation-analysis: #s(mutant #f utils.rkt 173) {constant-swap} => miss
mutation-analysis: #s(mutant #f utils.rkt 172) {constant-swap} => miss
mutation-analysis: #s(mutant #f utils.rkt 171) {constant-swap} => miss
mutation-analysis: #s(mutant #f utils.rkt 170) {constant-swap} => miss
[info] mutation-analysis: #s(mutant #f utils.rkt 173) {constant-swap} => miss
[info] mutation-analysis: #s(mutant #f utils.rkt 172) {constant-swap} => miss
[info] mutation-analysis: #s(mutant #f utils.rkt 171) {constant-swap} => miss
[info] mutation-analysis: #s(mutant #f utils.rkt 170) {constant-swap} => miss
mutation-analysis: #s(mutant #f utils.rkt 174) {constant-swap} => miss
[info] mutation-analysis: #s(mutant #f utils.rkt 174) {constant-swap} => miss
mutation-analysis: #s(mutant #f utils.rkt 177) {constant-swap} => miss
mutation-analysis: #s(mutant #f utils.rkt 176) {constant-swap} => miss
mutation-analysis: #s(mutant #f utils.rkt 175) {constant-swap} => miss
[info] mutation-analysis: #s(mutant #f utils.rkt 177) {constant-swap} => miss
[info] mutation-analysis: #s(mutant #f utils.rkt 176) {constant-swap} => miss
[info] mutation-analysis: #s(mutant #f utils.rkt 175) {constant-swap} => miss
mutation-analysis: #s(mutant #f utils.rkt 181) {constant-swap} => miss
mutation-analysis: #s(mutant #f utils.rkt 180) {constant-swap} => miss
mutation-analysis: #s(mutant #f utils.rkt 179) {constant-swap} => miss
mutation-analysis: #s(mutant #f utils.rkt 178) {constant-swap} => miss
[info] mutation-analysis: #s(mutant #f utils.rkt 181) {constant-swap} => miss
[info] mutation-analysis: #s(mutant #f utils.rkt 180) {constant-swap} => miss
[info] mutation-analysis: #s(mutant #f utils.rkt 179) {constant-swap} => miss
[info] mutation-analysis: #s(mutant #f utils.rkt 178) {constant-swap} => miss
mutation-analysis: #s(mutant #f utils.rkt 182) {constant-swap} => miss
[info] mutation-analysis: #s(mutant #f utils.rkt 182) {constant-swap} => miss
mutation-analysis: #s(mutant #f utils.rkt 185) {constant-swap} => miss
mutation-analysis: #s(mutant #f utils.rkt 184) {constant-swap} => miss
mutation-analysis: #s(mutant #f utils.rkt 183) {constant-swap} => miss
[info] mutation-analysis: #s(mutant #f utils.rkt 185) {constant-swap} => miss
[info] mutation-analysis: #s(mutant #f utils.rkt 184) {constant-swap} => miss
[info] mutation-analysis: #s(mutant #f utils.rkt 183) {constant-swap} => miss
mutation-analysis: #s(mutant #f utils.rkt 189) {constant-swap} => miss
mutation-analysis: #s(mutant #f utils.rkt 188) {constant-swap} => miss
mutation-analysis: #s(mutant #f utils.rkt 187) {constant-swap} => miss
mutation-analysis: #s(mutant #f utils.rkt 186) {constant-swap} => miss
[info] mutation-analysis: #s(mutant #f utils.rkt 189) {constant-swap} => miss
[info] mutation-analysis: #s(mutant #f utils.rkt 188) {constant-swap} => miss
[info] mutation-analysis: #s(mutant #f utils.rkt 187) {constant-swap} => miss
[info] mutation-analysis: #s(mutant #f utils.rkt 186) {constant-swap} => miss
mutation-analysis: #s(mutant #f utils.rkt 190) {constant-swap} => miss
[info] mutation-analysis: #s(mutant #f utils.rkt 190) {constant-swap} => miss
mutation-analysis: #s(mutant #f utils.rkt 193) {constant-swap} => miss
mutation-analysis: #s(mutant #f utils.rkt 192) {constant-swap} => miss
mutation-analysis: #s(mutant #f utils.rkt 191) {constant-swap} => miss
[info] mutation-analysis: #s(mutant #f utils.rkt 193) {constant-swap} => miss
[info] mutation-analysis: #s(mutant #f utils.rkt 192) {constant-swap} => miss
[info] mutation-analysis: #s(mutant #f utils.rkt 191) {constant-swap} => miss
mutation-analysis: #s(mutant #f utils.rkt 197) {constant-swap} => miss
mutation-analysis: #s(mutant #f utils.rkt 196) {constant-swap} => miss
mutation-analysis: #s(mutant #f utils.rkt 195) {constant-swap} => miss
mutation-analysis: #s(mutant #f utils.rkt 194) {constant-swap} => miss
[info] mutation-analysis: #s(mutant #f utils.rkt 197) {constant-swap} => miss
[info] mutation-analysis: #s(mutant #f utils.rkt 196) {constant-swap} => miss
[info] mutation-analysis: #s(mutant #f utils.rkt 195) {constant-swap} => miss
[info] mutation-analysis: #s(mutant #f utils.rkt 194) {constant-swap} => miss
mutation-analysis: #s(mutant #f utils.rkt 198) {constant-swap} => miss
[info] mutation-analysis: #s(mutant #f utils.rkt 198) {constant-swap} => miss
mutation-analysis: #s(mutant #f utils.rkt 201) {constant-swap} => miss
mutation-analysis: #s(mutant #f utils.rkt 200) {constant-swap} => miss
mutation-analysis: #s(mutant #f utils.rkt 199) {constant-swap} => miss
[info] mutation-analysis: #s(mutant #f utils.rkt 201) {constant-swap} => miss
[info] mutation-analysis: #s(mutant #f utils.rkt 200) {constant-swap} => miss
[info] mutation-analysis: #s(mutant #f utils.rkt 199) {constant-swap} => miss
mutation-analysis: #s(mutant #f utils.rkt 205) {constant-swap} => miss
mutation-analysis: #s(mutant #f utils.rkt 204) {constant-swap} => miss
mutation-analysis: #s(mutant #f utils.rkt 203) {constant-swap} => miss
mutation-analysis: #s(mutant #f utils.rkt 202) {constant-swap} => miss
[info] mutation-analysis: #s(mutant #f utils.rkt 205) {constant-swap} => miss
[info] mutation-analysis: #s(mutant #f utils.rkt 204) {constant-swap} => miss
[info] mutation-analysis: #s(mutant #f utils.rkt 203) {constant-swap} => miss
[info] mutation-analysis: #s(mutant #f utils.rkt 202) {constant-swap} => miss
mutation-analysis: #s(mutant #f utils.rkt 206) {constant-swap} => miss
[info] mutation-analysis: #s(mutant #f utils.rkt 206) {constant-swap} => miss
mutation-analysis: #s(mutant #f utils.rkt 209) {constant-swap} => miss
mutation-analysis: #s(mutant #f utils.rkt 208) {constant-swap} => miss
mutation-analysis: #s(mutant #f utils.rkt 207) {constant-swap} => miss
[info] mutation-analysis: #s(mutant #f utils.rkt 209) {constant-swap} => miss
[info] mutation-analysis: #s(mutant #f utils.rkt 208) {constant-swap} => miss
[info] mutation-analysis: #s(mutant #f utils.rkt 207) {constant-swap} => miss
mutation-analysis: #s(mutant #f utils.rkt 212) {constant-swap} => miss
mutation-analysis: #s(mutant #f utils.rkt 211) {constant-swap} => miss
mutation-analysis: #s(mutant #f utils.rkt 210) {constant-swap} => miss
[info] mutation-analysis: #s(mutant #f utils.rkt 212) {constant-swap} => miss
[info] mutation-analysis: #s(mutant #f utils.rkt 211) {constant-swap} => miss
[info] mutation-analysis: #s(mutant #f utils.rkt 210) {constant-swap} => miss
mutation-analysis: #s(mutant #f utils.rkt 213) {constant-swap} => miss
[info] mutation-analysis: #s(mutant #f utils.rkt 213) {constant-swap} => miss
mutation-analysis: #s(mutant #f utils.rkt 214) {constant-swap} => miss
[info] mutation-analysis: #s(mutant #f utils.rkt 214) {constant-swap} => miss
mutation-analysis: #s(mutant #f utils.rkt 217) {constant-swap} => miss
mutation-analysis: #s(mutant #f utils.rkt 216) {constant-swap} => miss
mutation-analysis: #s(mutant #f utils.rkt 215) {constant-swap} => miss
[info] mutation-analysis: #s(mutant #f utils.rkt 217) {constant-swap} => miss
[info] mutation-analysis: #s(mutant #f utils.rkt 216) {constant-swap} => miss
[info] mutation-analysis: #s(mutant #f utils.rkt 215) {constant-swap} => miss
mutation-analysis: #s(mutant #f utils.rkt 221) {constant-swap} => miss
mutation-analysis: #s(mutant #f utils.rkt 220) {constant-swap} => miss
mutation-analysis: #s(mutant #f utils.rkt 219) {constant-swap} => miss
mutation-analysis: #s(mutant #f utils.rkt 218) {constant-swap} => miss
[info] mutation-analysis: #s(mutant #f utils.rkt 221) {constant-swap} => miss
[info] mutation-analysis: #s(mutant #f utils.rkt 220) {constant-swap} => miss
[info] mutation-analysis: #s(mutant #f utils.rkt 219) {constant-swap} => miss
[info] mutation-analysis: #s(mutant #f utils.rkt 218) {constant-swap} => miss
mutation-analysis: #s(mutant #f utils.rkt 222) {constant-swap} => miss
[info] mutation-analysis: #s(mutant #f utils.rkt 222) {constant-swap} => miss
mutation-analysis: #s(mutant #f utils.rkt 225) {constant-swap} => miss
mutation-analysis: #s(mutant #f utils.rkt 224) {constant-swap} => miss
mutation-analysis: #s(mutant #f utils.rkt 223) {constant-swap} => miss
[info] mutation-analysis: #s(mutant #f utils.rkt 225) {constant-swap} => miss
[info] mutation-analysis: #s(mutant #f utils.rkt 224) {constant-swap} => miss
[info] mutation-analysis: #s(mutant #f utils.rkt 223) {constant-swap} => miss
mutation-analysis: #s(mutant #f utils.rkt 229) {constant-swap} => miss
mutation-analysis: #s(mutant #f utils.rkt 228) {constant-swap} => miss
mutation-analysis: #s(mutant #f utils.rkt 227) {constant-swap} => miss
mutation-analysis: #s(mutant #f utils.rkt 226) {constant-swap} => miss
[info] mutation-analysis: #s(mutant #f utils.rkt 229) {constant-swap} => miss
[info] mutation-analysis: #s(mutant #f utils.rkt 228) {constant-swap} => miss
[info] mutation-analysis: #s(mutant #f utils.rkt 227) {constant-swap} => miss
[info] mutation-analysis: #s(mutant #f utils.rkt 226) {constant-swap} => miss
mutation-analysis: #s(mutant #f utils.rkt 230) {constant-swap} => miss
[info] mutation-analysis: #s(mutant #f utils.rkt 230) {constant-swap} => miss
mutation-analysis: #s(mutant #f utils.rkt 233) {constant-swap} => miss
mutation-analysis: #s(mutant #f utils.rkt 232) {constant-swap} => miss
mutation-analysis: #s(mutant #f utils.rkt 231) {constant-swap} => miss
[info] mutation-analysis: #s(mutant #f utils.rkt 233) {constant-swap} => miss
[info] mutation-analysis: #s(mutant #f utils.rkt 232) {constant-swap} => miss
[info] mutation-analysis: #s(mutant #f utils.rkt 231) {constant-swap} => miss
mutation-analysis: #s(mutant #f utils.rkt 234) {constant-swap} => miss
[info] mutation-analysis: #s(mutant #f utils.rkt 234) {constant-swap} => miss
mutation-analysis: #s(mutant #f utils.rkt 237) {constant-swap} => miss
mutation-analysis: #s(mutant #f utils.rkt 236) {constant-swap} => miss
mutation-analysis: #s(mutant #f utils.rkt 235) {constant-swap} => miss
[info] mutation-analysis: #s(mutant #f utils.rkt 237) {constant-swap} => miss
[info] mutation-analysis: #s(mutant #f utils.rkt 236) {constant-swap} => miss
[info] mutation-analysis: #s(mutant #f utils.rkt 235) {constant-swap} => miss
mutation-analysis: #s(mutant #f utils.rkt 238) {constant-swap} => miss
[info] mutation-analysis: #s(mutant #f utils.rkt 238) {constant-swap} => miss
mutation-analysis: #s(mutant #f utils.rkt 241) {constant-swap} => miss
mutation-analysis: #s(mutant #f utils.rkt 240) {constant-swap} => miss
mutation-analysis: #s(mutant #f utils.rkt 239) {constant-swap} => miss
[info] mutation-analysis: #s(mutant #f utils.rkt 241) {constant-swap} => miss
[info] mutation-analysis: #s(mutant #f utils.rkt 240) {constant-swap} => miss
[info] mutation-analysis: #s(mutant #f utils.rkt 239) {constant-swap} => miss
mutation-analysis: #s(mutant #f utils.rkt 242) {constant-swap} => miss
[info] mutation-analysis: #s(mutant #f utils.rkt 242) {constant-swap} => miss
mutation-analysis: #s(mutant #f utils.rkt 245) {constant-swap} => miss
mutation-analysis: #s(mutant #f utils.rkt 244) {constant-swap} => miss
mutation-analysis: #s(mutant #f utils.rkt 243) {constant-swap} => miss
[info] mutation-analysis: #s(mutant #f utils.rkt 245) {constant-swap} => miss
[info] mutation-analysis: #s(mutant #f utils.rkt 244) {constant-swap} => miss
[info] mutation-analysis: #s(mutant #f utils.rkt 243) {constant-swap} => miss
mutation-analysis: #s(mutant #f utils.rkt 246) {constant-swap} => miss
[info] mutation-analysis: #s(mutant #f utils.rkt 246) {constant-swap} => miss
mutation-analysis: #s(mutant #f utils.rkt 249) {constant-swap} => miss
mutation-analysis: #s(mutant #f utils.rkt 248) {constant-swap} => miss
mutation-analysis: #s(mutant #f utils.rkt 247) {constant-swap} => miss
[info] mutation-analysis: #s(mutant #f utils.rkt 249) {constant-swap} => miss
[info] mutation-analysis: #s(mutant #f utils.rkt 248) {constant-swap} => miss
[info] mutation-analysis: #s(mutant #f utils.rkt 247) {constant-swap} => miss
mutation-analysis: #s(mutant #f utils.rkt 250) {constant-swap} => miss
[info] mutation-analysis: #s(mutant #f utils.rkt 250) {constant-swap} => miss
mutation-analysis: #s(mutant #f utils.rkt 253) {constant-swap} => miss
mutation-analysis: #s(mutant #f utils.rkt 252) {constant-swap} => miss
mutation-analysis: #s(mutant #f utils.rkt 251) {constant-swap} => miss
[info] mutation-analysis: #s(mutant #f utils.rkt 253) {constant-swap} => miss
[info] mutation-analysis: #s(mutant #f utils.rkt 252) {constant-swap} => miss
[info] mutation-analysis: #s(mutant #f utils.rkt 251) {constant-swap} => miss
mutation-analysis: #s(mutant #f utils.rkt 254) {constant-swap} => miss
[info] mutation-analysis: #s(mutant #f utils.rkt 254) {constant-swap} => miss
mutation-analysis: #s(mutant #f utils.rkt 257) {constant-swap} => miss
mutation-analysis: #s(mutant #f utils.rkt 256) {constant-swap} => miss
mutation-analysis: #s(mutant #f utils.rkt 255) {constant-swap} => miss
[info] mutation-analysis: #s(mutant #f utils.rkt 257) {constant-swap} => miss
[info] mutation-analysis: #s(mutant #f utils.rkt 256) {constant-swap} => miss
[info] mutation-analysis: #s(mutant #f utils.rkt 255) {constant-swap} => miss
mutation-analysis: #s(mutant #f utils.rkt 258) {constant-swap} => miss
[info] mutation-analysis: #s(mutant #f utils.rkt 258) {constant-swap} => miss
mutation-analysis: #s(mutant #f utils.rkt 259) {constant-swap} => miss
[info] mutation-analysis: #s(mutant #f utils.rkt 259) {constant-swap} => miss
mutation-analysis: #s(mutant #f utils.rkt 261) {constant-swap} => miss
mutation-analysis: #s(mutant #f utils.rkt 260) {constant-swap} => miss
[info] mutation-analysis: #s(mutant #f utils.rkt 261) {constant-swap} => miss
[info] mutation-analysis: #s(mutant #f utils.rkt 260) {constant-swap} => miss
mutation-analysis: #s(mutant #f utils.rkt 262) {constant-swap} => miss
[info] mutation-analysis: #s(mutant #f utils.rkt 262) {constant-swap} => miss
mutation-analysis: #s(mutant #f utils.rkt 265) {constant-swap} => miss
mutation-analysis: #s(mutant #f utils.rkt 264) {constant-swap} => miss
mutation-analysis: #s(mutant #f utils.rkt 263) {constant-swap} => miss
[info] mutation-analysis: #s(mutant #f utils.rkt 265) {constant-swap} => miss
[info] mutation-analysis: #s(mutant #f utils.rkt 264) {constant-swap} => miss
[info] mutation-analysis: #s(mutant #f utils.rkt 263) {constant-swap} => miss
mutation-analysis: #s(mutant #f utils.rkt 266) {constant-swap} => miss
[info] mutation-analysis: #s(mutant #f utils.rkt 266) {constant-swap} => miss
mutation-analysis: #s(mutant #f utils.rkt 267) {constant-swap} => miss
[info] mutation-analysis: #s(mutant #f utils.rkt 267) {constant-swap} => miss
mutation-analysis: #s(mutant #f utils.rkt 269) {constant-swap} => miss
mutation-analysis: #s(mutant #f utils.rkt 268) {constant-swap} => miss
[info] mutation-analysis: #s(mutant #f utils.rkt 269) {constant-swap} => miss
[info] mutation-analysis: #s(mutant #f utils.rkt 268) {constant-swap} => miss
mutation-analysis: #s(mutant #f utils.rkt 270) {constant-swap} => miss
[info] mutation-analysis: #s(mutant #f utils.rkt 270) {constant-swap} => miss
mutation-analysis: #s(mutant #f utils.rkt 273) {constant-swap} => miss
mutation-analysis: #s(mutant #f utils.rkt 272) {constant-swap} => miss
mutation-analysis: #s(mutant #f utils.rkt 271) {constant-swap} => miss
[info] mutation-analysis: #s(mutant #f utils.rkt 273) {constant-swap} => miss
[info] mutation-analysis: #s(mutant #f utils.rkt 272) {constant-swap} => miss
[info] mutation-analysis: #s(mutant #f utils.rkt 271) {constant-swap} => miss
mutation-analysis: #s(mutant #f utils.rkt 274) {constant-swap} => miss
[info] mutation-analysis: #s(mutant #f utils.rkt 274) {constant-swap} => miss
mutation-analysis: #s(mutant #f utils.rkt 275) {constant-swap} => miss
[info] mutation-analysis: #s(mutant #f utils.rkt 275) {constant-swap} => miss
mutation-analysis: #s(mutant #f utils.rkt 277) {constant-swap} => miss
mutation-analysis: #s(mutant #f utils.rkt 276) {constant-swap} => miss
[info] mutation-analysis: #s(mutant #f utils.rkt 277) {constant-swap} => miss
[info] mutation-analysis: #s(mutant #f utils.rkt 276) {constant-swap} => miss
mutation-analysis: #s(mutant #f utils.rkt 278) {constant-swap} => miss
[info] mutation-analysis: #s(mutant #f utils.rkt 278) {constant-swap} => miss
mutation-analysis: #s(mutant #f utils.rkt 281) {constant-swap} => miss
mutation-analysis: #s(mutant #f utils.rkt 280) {constant-swap} => miss
mutation-analysis: #s(mutant #f utils.rkt 279) {constant-swap} => miss
[info] mutation-analysis: #s(mutant #f utils.rkt 281) {constant-swap} => miss
[info] mutation-analysis: #s(mutant #f utils.rkt 280) {constant-swap} => miss
[info] mutation-analysis: #s(mutant #f utils.rkt 279) {constant-swap} => miss
mutation-analysis: #s(mutant #f utils.rkt 282) {constant-swap} => miss
[info] mutation-analysis: #s(mutant #f utils.rkt 282) {constant-swap} => miss
mutation-analysis: #s(mutant #f utils.rkt 283) {constant-swap} => miss
[info] mutation-analysis: #s(mutant #f utils.rkt 283) {constant-swap} => miss
mutation-analysis: #s(mutant #f utils.rkt 285) {constant-swap} => miss
mutation-analysis: #s(mutant #f utils.rkt 284) {constant-swap} => miss
[info] mutation-analysis: #s(mutant #f utils.rkt 285) {constant-swap} => miss
[info] mutation-analysis: #s(mutant #f utils.rkt 284) {constant-swap} => miss
mutation-analysis: #s(mutant #f utils.rkt 286) {constant-swap} => miss
[info] mutation-analysis: #s(mutant #f utils.rkt 286) {constant-swap} => miss
mutation-analysis: #s(mutant #f utils.rkt 289) {constant-swap} => miss
mutation-analysis: #s(mutant #f utils.rkt 288) {constant-swap} => miss
mutation-analysis: #s(mutant #f utils.rkt 287) {constant-swap} => miss
[info] mutation-analysis: #s(mutant #f utils.rkt 289) {constant-swap} => miss
[info] mutation-analysis: #s(mutant #f utils.rkt 288) {constant-swap} => miss
[info] mutation-analysis: #s(mutant #f utils.rkt 287) {constant-swap} => miss
mutation-analysis: #s(mutant #f utils.rkt 290) {constant-swap} => miss
[info] mutation-analysis: #s(mutant #f utils.rkt 290) {constant-swap} => miss
mutation-analysis: #s(mutant #f utils.rkt 291) {constant-swap} => miss
[info] mutation-analysis: #s(mutant #f utils.rkt 291) {constant-swap} => miss
mutation-analysis: #s(mutant #f utils.rkt 293) {constant-swap} => miss
mutation-analysis: #s(mutant #f utils.rkt 292) {constant-swap} => miss
[info] mutation-analysis: #s(mutant #f utils.rkt 293) {constant-swap} => miss
[info] mutation-analysis: #s(mutant #f utils.rkt 292) {constant-swap} => miss
mutation-analysis: #s(mutant #f utils.rkt 294) {constant-swap} => miss
[info] mutation-analysis: #s(mutant #f utils.rkt 294) {constant-swap} => miss
mutation-analysis: #s(mutant #f utils.rkt 297) {constant-swap} => miss
mutation-analysis: #s(mutant #f utils.rkt 296) {constant-swap} => miss
mutation-analysis: #s(mutant #f utils.rkt 295) {constant-swap} => miss
[info] mutation-analysis: #s(mutant #f utils.rkt 297) {constant-swap} => miss
[info] mutation-analysis: #s(mutant #f utils.rkt 296) {constant-swap} => miss
[info] mutation-analysis: #s(mutant #f utils.rkt 295) {constant-swap} => miss
mutation-analysis: #s(mutant #f utils.rkt 298) {constant-swap} => miss
[info] mutation-analysis: #s(mutant #f utils.rkt 298) {constant-swap} => miss
mutation-analysis: #s(mutant #f utils.rkt 299) {constant-swap} => miss
[info] mutation-analysis: #s(mutant #f utils.rkt 299) {constant-swap} => miss
mutation-analysis: #s(mutant #f utils.rkt 301) {constant-swap} => miss
mutation-analysis: #s(mutant #f utils.rkt 300) {constant-swap} => miss
[info] mutation-analysis: #s(mutant #f utils.rkt 301) {constant-swap} => miss
[info] mutation-analysis: #s(mutant #f utils.rkt 300) {constant-swap} => miss
mutation-analysis: #s(mutant #f utils.rkt 302) {constant-swap} => miss
[info] mutation-analysis: #s(mutant #f utils.rkt 302) {constant-swap} => miss
mutation-analysis: #s(mutant #f utils.rkt 305) {constant-swap} => miss
mutation-analysis: #s(mutant #f utils.rkt 304) {constant-swap} => miss
mutation-analysis: #s(mutant #f utils.rkt 303) {constant-swap} => miss
[info] mutation-analysis: #s(mutant #f utils.rkt 305) {constant-swap} => miss
[info] mutation-analysis: #s(mutant #f utils.rkt 304) {constant-swap} => miss
[info] mutation-analysis: #s(mutant #f utils.rkt 303) {constant-swap} => miss
mutation-analysis: #s(mutant #f utils.rkt 306) {constant-swap} => miss
[info] mutation-analysis: #s(mutant #f utils.rkt 306) {constant-swap} => miss
mutation-analysis: #s(mutant #f utils.rkt 307) {constant-swap} => miss
[info] mutation-analysis: #s(mutant #f utils.rkt 307) {constant-swap} => miss
mutation-analysis: #s(mutant #f utils.rkt 309) {constant-swap} => miss
mutation-analysis: #s(mutant #f utils.rkt 308) {constant-swap} => miss
[info] mutation-analysis: #s(mutant #f utils.rkt 309) {constant-swap} => miss
[info] mutation-analysis: #s(mutant #f utils.rkt 308) {constant-swap} => miss
mutation-analysis: #s(mutant #f utils.rkt 310) {constant-swap} => miss
[info] mutation-analysis: #s(mutant #f utils.rkt 310) {constant-swap} => miss
mutation-analysis: #s(mutant #f utils.rkt 313) {constant-swap} => miss
mutation-analysis: #s(mutant #f utils.rkt 312) {constant-swap} => miss
mutation-analysis: #s(mutant #f utils.rkt 311) {constant-swap} => miss
[info] mutation-analysis: #s(mutant #f utils.rkt 313) {constant-swap} => miss
[info] mutation-analysis: #s(mutant #f utils.rkt 312) {constant-swap} => miss
[info] mutation-analysis: #s(mutant #f utils.rkt 311) {constant-swap} => miss
mutation-analysis: #s(mutant #f utils.rkt 314) {constant-swap} => miss
[info] mutation-analysis: #s(mutant #f utils.rkt 314) {constant-swap} => miss
mutation-analysis: #s(mutant #f utils.rkt 315) {constant-swap} => miss
[info] mutation-analysis: #s(mutant #f utils.rkt 315) {constant-swap} => miss
mutation-analysis: #s(mutant #f utils.rkt 317) {constant-swap} => miss
mutation-analysis: #s(mutant #f utils.rkt 316) {constant-swap} => miss
[info] mutation-analysis: #s(mutant #f utils.rkt 317) {constant-swap} => miss
[info] mutation-analysis: #s(mutant #f utils.rkt 316) {constant-swap} => miss
mutation-analysis: #s(mutant #f utils.rkt 318) {constant-swap} => miss
[info] mutation-analysis: #s(mutant #f utils.rkt 318) {constant-swap} => miss
mutation-analysis: #s(mutant #f utils.rkt 321) {constant-swap} => miss
mutation-analysis: #s(mutant #f utils.rkt 320) {constant-swap} => miss
mutation-analysis: #s(mutant #f utils.rkt 319) {constant-swap} => miss
[info] mutation-analysis: #s(mutant #f utils.rkt 321) {constant-swap} => miss
[info] mutation-analysis: #s(mutant #f utils.rkt 320) {constant-swap} => miss
[info] mutation-analysis: #s(mutant #f utils.rkt 319) {constant-swap} => miss
mutation-analysis: #s(mutant #f utils.rkt 322) {constant-swap} => miss
[info] mutation-analysis: #s(mutant #f utils.rkt 322) {constant-swap} => miss
mutation-analysis: #s(mutant #f utils.rkt 323) {constant-swap} => miss
[info] mutation-analysis: #s(mutant #f utils.rkt 323) {constant-swap} => miss
mutation-analysis: #s(mutant #f utils.rkt 325) {constant-swap} => miss
mutation-analysis: #s(mutant #f utils.rkt 324) {constant-swap} => miss
[info] mutation-analysis: #s(mutant #f utils.rkt 325) {constant-swap} => miss
[info] mutation-analysis: #s(mutant #f utils.rkt 324) {constant-swap} => miss
mutation-analysis: #s(mutant #f utils.rkt 326) {constant-swap} => miss
[info] mutation-analysis: #s(mutant #f utils.rkt 326) {constant-swap} => miss
mutation-analysis: #s(mutant #f utils.rkt 329) {constant-swap} => miss
mutation-analysis: #s(mutant #f utils.rkt 328) {constant-swap} => miss
mutation-analysis: #s(mutant #f utils.rkt 327) {constant-swap} => miss
[info] mutation-analysis: #s(mutant #f utils.rkt 329) {constant-swap} => miss
[info] mutation-analysis: #s(mutant #f utils.rkt 328) {constant-swap} => miss
[info] mutation-analysis: #s(mutant #f utils.rkt 327) {constant-swap} => miss
mutation-analysis: #s(mutant #f utils.rkt 330) {constant-swap} => miss
[info] mutation-analysis: #s(mutant #f utils.rkt 330) {constant-swap} => miss
mutation-analysis: #s(mutant #f utils.rkt 331) {constant-swap} => miss
[info] mutation-analysis: #s(mutant #f utils.rkt 331) {constant-swap} => miss
mutation-analysis: #s(mutant #f utils.rkt 333) {constant-swap} => miss
mutation-analysis: #s(mutant #f utils.rkt 332) {constant-swap} => miss
[info] mutation-analysis: #s(mutant #f utils.rkt 333) {constant-swap} => miss
[info] mutation-analysis: #s(mutant #f utils.rkt 332) {constant-swap} => miss
mutation-analysis: #s(mutant #f utils.rkt 334) {constant-swap} => miss
[info] mutation-analysis: #s(mutant #f utils.rkt 334) {constant-swap} => miss
mutation-analysis: #s(mutant #f utils.rkt 338) {constant-swap} => miss
mutation-analysis: #s(mutant #f utils.rkt 337) {constant-swap} => miss
mutation-analysis: #s(mutant #f utils.rkt 336) {constant-swap} => miss
mutation-analysis: #s(mutant #f utils.rkt 335) {constant-swap} => miss
[info] mutation-analysis: #s(mutant #f utils.rkt 338) {constant-swap} => miss
[info] mutation-analysis: #s(mutant #f utils.rkt 337) {constant-swap} => miss
[info] mutation-analysis: #s(mutant #f utils.rkt 336) {constant-swap} => miss
[info] mutation-analysis: #s(mutant #f utils.rkt 335) {constant-swap} => miss
mutation-analysis: #s(mutant #f utils.rkt 339) {constant-swap} => miss
[info] mutation-analysis: #s(mutant #f utils.rkt 339) {constant-swap} => miss
mutation-analysis: #s(mutant #f utils.rkt 341) {constant-swap} => miss
mutation-analysis: #s(mutant #f utils.rkt 340) {constant-swap} => miss
[info] mutation-analysis: #s(mutant #f utils.rkt 341) {constant-swap} => miss
[info] mutation-analysis: #s(mutant #f utils.rkt 340) {constant-swap} => miss
mutation-analysis: #s(mutant #f utils.rkt 342) {constant-swap} => miss
[info] mutation-analysis: #s(mutant #f utils.rkt 342) {constant-swap} => miss
mutation-analysis: #s(mutant #f utils.rkt 346) {constant-swap} => miss
mutation-analysis: #s(mutant #f utils.rkt 345) {constant-swap} => miss
mutation-analysis: #s(mutant #f utils.rkt 344) {constant-swap} => miss
mutation-analysis: #s(mutant #f utils.rkt 343) {constant-swap} => miss
[info] mutation-analysis: #s(mutant #f utils.rkt 346) {constant-swap} => miss
[info] mutation-analysis: #s(mutant #f utils.rkt 345) {constant-swap} => miss
[info] mutation-analysis: #s(mutant #f utils.rkt 344) {constant-swap} => miss
[info] mutation-analysis: #s(mutant #f utils.rkt 343) {constant-swap} => miss
mutation-analysis: #s(mutant #f utils.rkt 347) {constant-swap} => miss
[info] mutation-analysis: #s(mutant #f utils.rkt 347) {constant-swap} => miss
mutation-analysis: #s(mutant #f utils.rkt 349) {constant-swap} => miss
mutation-analysis: #s(mutant #f utils.rkt 348) {constant-swap} => miss
[info] mutation-analysis: #s(mutant #f utils.rkt 349) {constant-swap} => miss
[info] mutation-analysis: #s(mutant #f utils.rkt 348) {constant-swap} => miss
mutation-analysis: #s(mutant #f utils.rkt 350) {constant-swap} => miss
[info] mutation-analysis: #s(mutant #f utils.rkt 350) {constant-swap} => miss
mutation-analysis: #s(mutant #f utils.rkt 354) {constant-swap} => miss
mutation-analysis: #s(mutant #f utils.rkt 353) {constant-swap} => miss
mutation-analysis: #s(mutant #f utils.rkt 352) {constant-swap} => miss
mutation-analysis: #s(mutant #f utils.rkt 351) {constant-swap} => miss
[info] mutation-analysis: #s(mutant #f utils.rkt 354) {constant-swap} => miss
[info] mutation-analysis: #s(mutant #f utils.rkt 353) {constant-swap} => miss
[info] mutation-analysis: #s(mutant #f utils.rkt 352) {constant-swap} => miss
[info] mutation-analysis: #s(mutant #f utils.rkt 351) {constant-swap} => miss
mutation-analysis: #s(mutant #f utils.rkt 355) {constant-swap} => miss
[info] mutation-analysis: #s(mutant #f utils.rkt 355) {constant-swap} => miss
mutation-analysis: #s(mutant #f utils.rkt 357) {constant-swap} => miss
mutation-analysis: #s(mutant #f utils.rkt 356) {constant-swap} => miss
[info] mutation-analysis: #s(mutant #f utils.rkt 357) {constant-swap} => miss
[info] mutation-analysis: #s(mutant #f utils.rkt 356) {constant-swap} => miss
mutation-analysis: #s(mutant #f utils.rkt 358) {constant-swap} => miss
[info] mutation-analysis: #s(mutant #f utils.rkt 358) {constant-swap} => miss
mutation-analysis: #s(mutant #f utils.rkt 362) {constant-swap} => miss
mutation-analysis: #s(mutant #f utils.rkt 360) {constant-swap} => miss
[info] mutation-analysis: #s(mutant #f utils.rkt 362) {constant-swap} => miss
[info] mutation-analysis: #s(mutant #f utils.rkt 360) {constant-swap} => miss
mutation-analysis: #s(mutant #f utils.rkt 363) {constant-swap} => miss
mutation-analysis: #s(mutant #f utils.rkt 361) {constant-swap} => miss
mutation-analysis: #s(mutant #f utils.rkt 359) {constant-swap} => miss
[info] mutation-analysis: #s(mutant #f utils.rkt 363) {constant-swap} => miss
[info] mutation-analysis: #s(mutant #f utils.rkt 361) {constant-swap} => miss
[info] mutation-analysis: #s(mutant #f utils.rkt 359) {constant-swap} => miss
mutation-analysis: #s(mutant #f utils.rkt 365) {constant-swap} => miss
mutation-analysis: #s(mutant #f utils.rkt 364) {constant-swap} => miss
[info] mutation-analysis: #s(mutant #f utils.rkt 365) {constant-swap} => miss
[info] mutation-analysis: #s(mutant #f utils.rkt 364) {constant-swap} => miss
mutation-analysis: #s(mutant #f utils.rkt 366) {constant-swap} => miss
[info] mutation-analysis: #s(mutant #f utils.rkt 366) {constant-swap} => miss
mutation-analysis: #s(mutant #f utils.rkt 368) {constant-swap} => miss
mutation-analysis: #s(mutant #f utils.rkt 367) {constant-swap} => miss
[info] mutation-analysis: #s(mutant #f utils.rkt 368) {constant-swap} => miss
[info] mutation-analysis: #s(mutant #f utils.rkt 367) {constant-swap} => miss
mutation-analysis: #s(mutant #f utils.rkt 371) {constant-swap} => miss
mutation-analysis: #s(mutant #f utils.rkt 370) {constant-swap} => miss
mutation-analysis: #s(mutant #f utils.rkt 369) {constant-swap} => miss
[info] mutation-analysis: #s(mutant #f utils.rkt 371) {constant-swap} => miss
[info] mutation-analysis: #s(mutant #f utils.rkt 370) {constant-swap} => miss
[info] mutation-analysis: #s(mutant #f utils.rkt 369) {constant-swap} => miss
mutation-analysis: #s(mutant #f utils.rkt 373) {constant-swap} => miss
mutation-analysis: #s(mutant #f utils.rkt 372) {constant-swap} => miss
[info] mutation-analysis: #s(mutant #f utils.rkt 373) {constant-swap} => miss
[info] mutation-analysis: #s(mutant #f utils.rkt 372) {constant-swap} => miss
mutation-analysis: #s(mutant #f utils.rkt 374) {constant-swap} => miss
[info] mutation-analysis: #s(mutant #f utils.rkt 374) {constant-swap} => miss
mutation-analysis: #s(mutant #f utils.rkt 376) {constant-swap} => miss
mutation-analysis: #s(mutant #f utils.rkt 375) {constant-swap} => miss
[info] mutation-analysis: #s(mutant #f utils.rkt 376) {constant-swap} => miss
[info] mutation-analysis: #s(mutant #f utils.rkt 375) {constant-swap} => miss
mutation-analysis: #s(mutant #f utils.rkt 381) {constant-swap} => miss
mutation-analysis: #s(mutant #f utils.rkt 380) {constant-swap} => miss
mutation-analysis: #s(mutant #f utils.rkt 379) {constant-swap} => miss
mutation-analysis: #s(mutant #f utils.rkt 378) {constant-swap} => miss
mutation-analysis: #s(mutant #f utils.rkt 377) {constant-swap} => miss
[info] mutation-analysis: #s(mutant #f utils.rkt 381) {constant-swap} => miss
[info] mutation-analysis: #s(mutant #f utils.rkt 380) {constant-swap} => miss
[info] mutation-analysis: #s(mutant #f utils.rkt 379) {constant-swap} => miss
[info] mutation-analysis: #s(mutant #f utils.rkt 378) {constant-swap} => miss
[info] mutation-analysis: #s(mutant #f utils.rkt 377) {constant-swap} => miss
mutation-analysis: #s(mutant #f utils.rkt 382) {constant-swap} => miss
[info] mutation-analysis: #s(mutant #f utils.rkt 382) {constant-swap} => miss
mutation-analysis: #s(mutant #f utils.rkt 384) {constant-swap} => miss
mutation-analysis: #s(mutant #f utils.rkt 383) {constant-swap} => miss
[info] mutation-analysis: #s(mutant #f utils.rkt 384) {constant-swap} => miss
[info] mutation-analysis: #s(mutant #f utils.rkt 383) {constant-swap} => miss
mutation-analysis: #s(mutant #f utils.rkt 389) {constant-swap} => miss
mutation-analysis: #s(mutant #f utils.rkt 388) {constant-swap} => miss
mutation-analysis: #s(mutant #f utils.rkt 387) {constant-swap} => miss
mutation-analysis: #s(mutant #f utils.rkt 386) {constant-swap} => miss
mutation-analysis: #s(mutant #f utils.rkt 385) {constant-swap} => miss
[info] mutation-analysis: #s(mutant #f utils.rkt 389) {constant-swap} => miss
[info] mutation-analysis: #s(mutant #f utils.rkt 388) {constant-swap} => miss
[info] mutation-analysis: #s(mutant #f utils.rkt 387) {constant-swap} => miss
[info] mutation-analysis: #s(mutant #f utils.rkt 386) {constant-swap} => miss
[info] mutation-analysis: #s(mutant #f utils.rkt 385) {constant-swap} => miss
mutation-analysis: #s(mutant #f utils.rkt 390) {constant-swap} => miss
[info] mutation-analysis: #s(mutant #f utils.rkt 390) {constant-swap} => miss
mutation-analysis: #s(mutant #f utils.rkt 392) {constant-swap} => miss
mutation-analysis: #s(mutant #f utils.rkt 391) {constant-swap} => miss
[info] mutation-analysis: #s(mutant #f utils.rkt 392) {constant-swap} => miss
[info] mutation-analysis: #s(mutant #f utils.rkt 391) {constant-swap} => miss
mutation-analysis: #s(mutant #f utils.rkt 397) {constant-swap} => miss
mutation-analysis: #s(mutant #f utils.rkt 396) {constant-swap} => miss
mutation-analysis: #s(mutant #f utils.rkt 395) {constant-swap} => miss
mutation-analysis: #s(mutant #f utils.rkt 394) {constant-swap} => miss
mutation-analysis: #s(mutant #f utils.rkt 393) {constant-swap} => miss
[info] mutation-analysis: #s(mutant #f utils.rkt 397) {constant-swap} => miss
[info] mutation-analysis: #s(mutant #f utils.rkt 396) {constant-swap} => miss
[info] mutation-analysis: #s(mutant #f utils.rkt 395) {constant-swap} => miss
[info] mutation-analysis: #s(mutant #f utils.rkt 394) {constant-swap} => miss
[info] mutation-analysis: #s(mutant #f utils.rkt 393) {constant-swap} => miss
mutation-analysis: #s(mutant #f utils.rkt 398) {constant-swap} => miss
[info] mutation-analysis: #s(mutant #f utils.rkt 398) {constant-swap} => miss
mutation-analysis: #s(mutant #f utils.rkt 400) {constant-swap} => miss
mutation-analysis: #s(mutant #f utils.rkt 399) {constant-swap} => miss
[info] mutation-analysis: #s(mutant #f utils.rkt 400) {constant-swap} => miss
[info] mutation-analysis: #s(mutant #f utils.rkt 399) {constant-swap} => miss
mutation-analysis: #s(mutant #f utils.rkt 405) {constant-swap} => miss
mutation-analysis: #s(mutant #f utils.rkt 404) {constant-swap} => miss
mutation-analysis: #s(mutant #f utils.rkt 403) {constant-swap} => miss
mutation-analysis: #s(mutant #f utils.rkt 402) {constant-swap} => miss
mutation-analysis: #s(mutant #f utils.rkt 401) {constant-swap} => miss
[info] mutation-analysis: #s(mutant #f utils.rkt 405) {constant-swap} => miss
[info] mutation-analysis: #s(mutant #f utils.rkt 404) {constant-swap} => miss
[info] mutation-analysis: #s(mutant #f utils.rkt 403) {constant-swap} => miss
[info] mutation-analysis: #s(mutant #f utils.rkt 402) {constant-swap} => miss
[info] mutation-analysis: #s(mutant #f utils.rkt 401) {constant-swap} => miss
mutation-analysis: #s(mutant #f utils.rkt 406) {constant-swap} => miss
[info] mutation-analysis: #s(mutant #f utils.rkt 406) {constant-swap} => miss
mutation-analysis: #s(mutant #f utils.rkt 408) {constant-swap} => miss
mutation-analysis: #s(mutant #f utils.rkt 407) {constant-swap} => miss
[info] mutation-analysis: #s(mutant #f utils.rkt 408) {constant-swap} => miss
[info] mutation-analysis: #s(mutant #f utils.rkt 407) {constant-swap} => miss
mutation-analysis: #s(mutant #f utils.rkt 410) {constant-swap} => miss
[info] mutation-analysis: #s(mutant #f utils.rkt 410) {constant-swap} => miss
mutation-analysis: #s(mutant #f utils.rkt 414) {constant-swap} => miss
mutation-analysis: #s(mutant #f utils.rkt 413) {constant-swap} => miss
mutation-analysis: #s(mutant #f utils.rkt 412) {constant-swap} => miss
mutation-analysis: #s(mutant #f utils.rkt 411) {constant-swap} => miss
mutation-analysis: #s(mutant #f utils.rkt 409) {constant-swap} => miss
[info] mutation-analysis: #s(mutant #f utils.rkt 414) {constant-swap} => miss
[info] mutation-analysis: #s(mutant #f utils.rkt 413) {constant-swap} => miss
[info] mutation-analysis: #s(mutant #f utils.rkt 412) {constant-swap} => miss
[info] mutation-analysis: #s(mutant #f utils.rkt 411) {constant-swap} => miss
[info] mutation-analysis: #s(mutant #f utils.rkt 409) {constant-swap} => miss
mutation-analysis: #s(mutant #f utils.rkt 416) {constant-swap} => miss
mutation-analysis: #s(mutant #f utils.rkt 415) {constant-swap} => miss
[info] mutation-analysis: #s(mutant #f utils.rkt 416) {constant-swap} => miss
[info] mutation-analysis: #s(mutant #f utils.rkt 415) {constant-swap} => miss
mutation-analysis: #s(mutant #f utils.rkt 417) {constant-swap} => miss
[info] mutation-analysis: #s(mutant #f utils.rkt 417) {constant-swap} => miss
mutation-analysis: #s(mutant #f utils.rkt 419) {constant-swap} => miss
mutation-analysis: #s(mutant #f utils.rkt 418) {constant-swap} => miss
[info] mutation-analysis: #s(mutant #f utils.rkt 419) {constant-swap} => miss
[info] mutation-analysis: #s(mutant #f utils.rkt 418) {constant-swap} => miss
mutation-analysis: #s(mutant #f utils.rkt 422) {constant-swap} => miss
mutation-analysis: #s(mutant #f utils.rkt 421) {constant-swap} => miss
mutation-analysis: #s(mutant #f utils.rkt 420) {constant-swap} => miss
[info] mutation-analysis: #s(mutant #f utils.rkt 422) {constant-swap} => miss
[info] mutation-analysis: #s(mutant #f utils.rkt 421) {constant-swap} => miss
[info] mutation-analysis: #s(mutant #f utils.rkt 420) {constant-swap} => miss
mutation-analysis: #s(mutant #f utils.rkt 424) {constant-swap} => miss
mutation-analysis: #s(mutant #f utils.rkt 423) {constant-swap} => miss
[info] mutation-analysis: #s(mutant #f utils.rkt 424) {constant-swap} => miss
[info] mutation-analysis: #s(mutant #f utils.rkt 423) {constant-swap} => miss
mutation-analysis: #s(mutant #f utils.rkt 425) {constant-swap} => miss
[info] mutation-analysis: #s(mutant #f utils.rkt 425) {constant-swap} => miss
mutation-analysis: #s(mutant #f utils.rkt 427) {constant-swap} => miss
mutation-analysis: #s(mutant #f utils.rkt 426) {constant-swap} => miss
[info] mutation-analysis: #s(mutant #f utils.rkt 427) {constant-swap} => miss
[info] mutation-analysis: #s(mutant #f utils.rkt 426) {constant-swap} => miss
mutation-analysis: #s(mutant #f utils.rkt 430) {constant-swap} => miss
mutation-analysis: #s(mutant #f utils.rkt 429) {constant-swap} => miss
mutation-analysis: #s(mutant #f utils.rkt 428) {constant-swap} => miss
[info] mutation-analysis: #s(mutant #f utils.rkt 430) {constant-swap} => miss
[info] mutation-analysis: #s(mutant #f utils.rkt 429) {constant-swap} => miss
[info] mutation-analysis: #s(mutant #f utils.rkt 428) {constant-swap} => miss
mutation-analysis: #s(mutant #f utils.rkt 432) {constant-swap} => miss
[info] mutation-analysis: #s(mutant #f utils.rkt 432) {constant-swap} => miss
mutation-analysis: #s(mutant #f utils.rkt 431) {constant-swap} => miss
[info] mutation-analysis: #s(mutant #f utils.rkt 431) {constant-swap} => miss
mutation-analysis: #s(mutant #f utils.rkt 433) {constant-swap} => miss
[info] mutation-analysis: #s(mutant #f utils.rkt 433) {constant-swap} => miss
mutation-analysis: #s(mutant #f utils.rkt 435) {constant-swap} => miss
mutation-analysis: #s(mutant #f utils.rkt 434) {constant-swap} => miss
[info] mutation-analysis: #s(mutant #f utils.rkt 435) {constant-swap} => miss
[info] mutation-analysis: #s(mutant #f utils.rkt 434) {constant-swap} => miss
mutation-analysis: #s(mutant #f utils.rkt 438) {constant-swap} => miss
mutation-analysis: #s(mutant #f utils.rkt 437) {constant-swap} => miss
mutation-analysis: #s(mutant #f utils.rkt 436) {constant-swap} => miss
[info] mutation-analysis: #s(mutant #f utils.rkt 438) {constant-swap} => miss
[info] mutation-analysis: #s(mutant #f utils.rkt 437) {constant-swap} => miss
[info] mutation-analysis: #s(mutant #f utils.rkt 436) {constant-swap} => miss
mutation-analysis: #s(mutant #f utils.rkt 439) {constant-swap} => miss
[info] mutation-analysis: #s(mutant #f utils.rkt 439) {constant-swap} => miss
mutation-analysis: #s(mutant #f utils.rkt 440) {constant-swap} => miss
[info] mutation-analysis: #s(mutant #f utils.rkt 440) {constant-swap} => miss
mutation-analysis: #s(mutant #f utils.rkt 441) {constant-swap} => miss
[info] mutation-analysis: #s(mutant #f utils.rkt 441) {constant-swap} => miss
mutation-analysis: #s(mutant #f utils.rkt 443) {constant-swap} => miss
mutation-analysis: #s(mutant #f utils.rkt 442) {constant-swap} => miss
[info] mutation-analysis: #s(mutant #f utils.rkt 443) {constant-swap} => miss
[info] mutation-analysis: #s(mutant #f utils.rkt 442) {constant-swap} => miss
mutation-analysis: #s(mutant #f utils.rkt 446) {constant-swap} => miss
mutation-analysis: #s(mutant #f utils.rkt 445) {constant-swap} => miss
mutation-analysis: #s(mutant #f utils.rkt 444) {constant-swap} => miss
[info] mutation-analysis: #s(mutant #f utils.rkt 446) {constant-swap} => miss
[info] mutation-analysis: #s(mutant #f utils.rkt 445) {constant-swap} => miss
[info] mutation-analysis: #s(mutant #f utils.rkt 444) {constant-swap} => miss
mutation-analysis: #s(mutant #f utils.rkt 447) {constant-swap} => miss
[info] mutation-analysis: #s(mutant #f utils.rkt 447) {constant-swap} => miss
mutation-analysis: #s(mutant #f utils.rkt 448) {constant-swap} => miss
[info] mutation-analysis: #s(mutant #f utils.rkt 448) {constant-swap} => miss
mutation-analysis: #s(mutant #f utils.rkt 449) {constant-swap} => miss
[info] mutation-analysis: #s(mutant #f utils.rkt 449) {constant-swap} => miss
mutation-analysis: #s(mutant #f utils.rkt 451) {constant-swap} => miss
mutation-analysis: #s(mutant #f utils.rkt 450) {constant-swap} => miss
[info] mutation-analysis: #s(mutant #f utils.rkt 451) {constant-swap} => miss
[info] mutation-analysis: #s(mutant #f utils.rkt 450) {constant-swap} => miss
mutation-analysis: #s(mutant #f utils.rkt 454) {constant-swap} => miss
mutation-analysis: #s(mutant #f utils.rkt 453) {constant-swap} => miss
mutation-analysis: #s(mutant #f utils.rkt 452) {constant-swap} => miss
[info] mutation-analysis: #s(mutant #f utils.rkt 454) {constant-swap} => miss
[info] mutation-analysis: #s(mutant #f utils.rkt 453) {constant-swap} => miss
[info] mutation-analysis: #s(mutant #f utils.rkt 452) {constant-swap} => miss
mutation-analysis: #s(mutant #f utils.rkt 455) {constant-swap} => miss
[info] mutation-analysis: #s(mutant #f utils.rkt 455) {constant-swap} => miss
mutation-analysis: #s(mutant #f utils.rkt 456) {constant-swap} => miss
[info] mutation-analysis: #s(mutant #f utils.rkt 456) {constant-swap} => miss
mutation-analysis: #s(mutant #f utils.rkt 457) {constant-swap} => miss
[info] mutation-analysis: #s(mutant #f utils.rkt 457) {constant-swap} => miss
mutation-analysis: #s(mutant #f utils.rkt 459) {constant-swap} => miss
mutation-analysis: #s(mutant #f utils.rkt 458) {constant-swap} => miss
[info] mutation-analysis: #s(mutant #f utils.rkt 459) {constant-swap} => miss
[info] mutation-analysis: #s(mutant #f utils.rkt 458) {constant-swap} => miss
mutation-analysis: #s(mutant #f utils.rkt 462) {constant-swap} => miss
mutation-analysis: #s(mutant #f utils.rkt 461) {constant-swap} => miss
mutation-analysis: #s(mutant #f utils.rkt 460) {constant-swap} => miss
[info] mutation-analysis: #s(mutant #f utils.rkt 462) {constant-swap} => miss
[info] mutation-analysis: #s(mutant #f utils.rkt 461) {constant-swap} => miss
[info] mutation-analysis: #s(mutant #f utils.rkt 460) {constant-swap} => miss
mutation-analysis: #s(mutant #f utils.rkt 463) {constant-swap} => miss
[info] mutation-analysis: #s(mutant #f utils.rkt 463) {constant-swap} => miss
mutation-analysis: #s(mutant #f utils.rkt 464) {constant-swap} => miss
[info] mutation-analysis: #s(mutant #f utils.rkt 464) {constant-swap} => miss
mutation-analysis: #s(mutant #f utils.rkt 465) {constant-swap} => miss
[info] mutation-analysis: #s(mutant #f utils.rkt 465) {constant-swap} => miss
mutation-analysis: #s(mutant #f utils.rkt 467) {constant-swap} => miss
mutation-analysis: #s(mutant #f utils.rkt 466) {constant-swap} => miss
[info] mutation-analysis: #s(mutant #f utils.rkt 467) {constant-swap} => miss
[info] mutation-analysis: #s(mutant #f utils.rkt 466) {constant-swap} => miss
mutation-analysis: #s(mutant #f utils.rkt 470) {constant-swap} => miss
mutation-analysis: #s(mutant #f utils.rkt 469) {constant-swap} => miss
mutation-analysis: #s(mutant #f utils.rkt 468) {constant-swap} => miss
[info] mutation-analysis: #s(mutant #f utils.rkt 470) {constant-swap} => miss
[info] mutation-analysis: #s(mutant #f utils.rkt 469) {constant-swap} => miss
[info] mutation-analysis: #s(mutant #f utils.rkt 468) {constant-swap} => miss
mutation-analysis: #s(mutant #f utils.rkt 471) {constant-swap} => miss
[info] mutation-analysis: #s(mutant #f utils.rkt 471) {constant-swap} => miss
mutation-analysis: #s(mutant #f utils.rkt 472) {constant-swap} => miss
[info] mutation-analysis: #s(mutant #f utils.rkt 472) {constant-swap} => miss
mutation-analysis: #s(mutant #f utils.rkt 473) {constant-swap} => miss
[info] mutation-analysis: #s(mutant #f utils.rkt 473) {constant-swap} => miss
mutation-analysis: #s(mutant #f utils.rkt 475) {constant-swap} => miss
mutation-analysis: #s(mutant #f utils.rkt 474) {constant-swap} => miss
[info] mutation-analysis: #s(mutant #f utils.rkt 475) {constant-swap} => miss
[info] mutation-analysis: #s(mutant #f utils.rkt 474) {constant-swap} => miss
mutation-analysis: #s(mutant #f utils.rkt 478) {constant-swap} => miss
mutation-analysis: #s(mutant #f utils.rkt 477) {constant-swap} => miss
mutation-analysis: #s(mutant #f utils.rkt 476) {constant-swap} => miss
[info] mutation-analysis: #s(mutant #f utils.rkt 478) {constant-swap} => miss
[info] mutation-analysis: #s(mutant #f utils.rkt 477) {constant-swap} => miss
[info] mutation-analysis: #s(mutant #f utils.rkt 476) {constant-swap} => miss
mutation-analysis: #s(mutant #f utils.rkt 479) {constant-swap} => miss
[info] mutation-analysis: #s(mutant #f utils.rkt 479) {constant-swap} => miss
mutation-analysis: #s(mutant #f utils.rkt 480) {constant-swap} => miss
[info] mutation-analysis: #s(mutant #f utils.rkt 480) {constant-swap} => miss
mutation-analysis: #s(mutant #f utils.rkt 481) {constant-swap} => miss
[info] mutation-analysis: #s(mutant #f utils.rkt 481) {constant-swap} => miss
mutation-analysis: #s(mutant #f utils.rkt 483) {constant-swap} => miss
mutation-analysis: #s(mutant #f utils.rkt 482) {constant-swap} => miss
[info] mutation-analysis: #s(mutant #f utils.rkt 483) {constant-swap} => miss
[info] mutation-analysis: #s(mutant #f utils.rkt 482) {constant-swap} => miss
mutation-analysis: #s(mutant #f utils.rkt 486) {constant-swap} => miss
mutation-analysis: #s(mutant #f utils.rkt 485) {constant-swap} => miss
mutation-analysis: #s(mutant #f utils.rkt 484) {constant-swap} => miss
[info] mutation-analysis: #s(mutant #f utils.rkt 486) {constant-swap} => miss
[info] mutation-analysis: #s(mutant #f utils.rkt 485) {constant-swap} => miss
[info] mutation-analysis: #s(mutant #f utils.rkt 484) {constant-swap} => miss
mutation-analysis: #s(mutant #f utils.rkt 487) {constant-swap} => miss
[info] mutation-analysis: #s(mutant #f utils.rkt 487) {constant-swap} => miss
mutation-analysis: #s(mutant #f utils.rkt 488) {constant-swap} => miss
[info] mutation-analysis: #s(mutant #f utils.rkt 488) {constant-swap} => miss
mutation-analysis: #s(mutant #f utils.rkt 489) {constant-swap} => miss
[info] mutation-analysis: #s(mutant #f utils.rkt 489) {constant-swap} => miss
mutation-analysis: #s(mutant #f utils.rkt 491) {constant-swap} => miss
mutation-analysis: #s(mutant #f utils.rkt 490) {constant-swap} => miss
[info] mutation-analysis: #s(mutant #f utils.rkt 491) {constant-swap} => miss
[info] mutation-analysis: #s(mutant #f utils.rkt 490) {constant-swap} => miss
mutation-analysis: #s(mutant #f utils.rkt 494) {constant-swap} => miss
mutation-analysis: #s(mutant #f utils.rkt 493) {constant-swap} => miss
mutation-analysis: #s(mutant #f utils.rkt 492) {constant-swap} => miss
[info] mutation-analysis: #s(mutant #f utils.rkt 494) {constant-swap} => miss
[info] mutation-analysis: #s(mutant #f utils.rkt 493) {constant-swap} => miss
[info] mutation-analysis: #s(mutant #f utils.rkt 492) {constant-swap} => miss
mutation-analysis: #s(mutant #f utils.rkt 495) {constant-swap} => miss
[info] mutation-analysis: #s(mutant #f utils.rkt 495) {constant-swap} => miss
mutation-analysis: #s(mutant #f utils.rkt 496) {constant-swap} => miss
[info] mutation-analysis: #s(mutant #f utils.rkt 496) {constant-swap} => miss
mutation-analysis: #s(mutant #f utils.rkt 497) {constant-swap} => miss
[info] mutation-analysis: #s(mutant #f utils.rkt 497) {constant-swap} => miss
mutation-analysis: #s(mutant #f utils.rkt 499) {constant-swap} => miss
mutation-analysis: #s(mutant #f utils.rkt 498) {constant-swap} => miss
[info] mutation-analysis: #s(mutant #f utils.rkt 499) {constant-swap} => miss
[info] mutation-analysis: #s(mutant #f utils.rkt 498) {constant-swap} => miss
mutation-analysis: #s(mutant #f utils.rkt 502) {constant-swap} => miss
mutation-analysis: #s(mutant #f utils.rkt 501) {constant-swap} => miss
mutation-analysis: #s(mutant #f utils.rkt 500) {constant-swap} => miss
[info] mutation-analysis: #s(mutant #f utils.rkt 502) {constant-swap} => miss
[info] mutation-analysis: #s(mutant #f utils.rkt 501) {constant-swap} => miss
[info] mutation-analysis: #s(mutant #f utils.rkt 500) {constant-swap} => miss
mutation-analysis: #s(mutant #f utils.rkt 503) {constant-swap} => miss
[info] mutation-analysis: #s(mutant #f utils.rkt 503) {constant-swap} => miss
mutation-analysis: #s(mutant #f utils.rkt 504) {constant-swap} => miss
[info] mutation-analysis: #s(mutant #f utils.rkt 504) {constant-swap} => miss
mutation-analysis: #s(mutant #f utils.rkt 505) {constant-swap} => miss
[info] mutation-analysis: #s(mutant #f utils.rkt 505) {constant-swap} => miss
mutation-analysis: #s(mutant #f utils.rkt 507) {constant-swap} => miss
mutation-analysis: #s(mutant #f utils.rkt 506) {constant-swap} => miss
[info] mutation-analysis: #s(mutant #f utils.rkt 507) {constant-swap} => miss
[info] mutation-analysis: #s(mutant #f utils.rkt 506) {constant-swap} => miss
mutation-analysis: #s(mutant #f utils.rkt 510) {constant-swap} => miss
mutation-analysis: #s(mutant #f utils.rkt 509) {constant-swap} => miss
mutation-analysis: #s(mutant #f utils.rkt 508) {constant-swap} => miss
[info] mutation-analysis: #s(mutant #f utils.rkt 510) {constant-swap} => miss
[info] mutation-analysis: #s(mutant #f utils.rkt 509) {constant-swap} => miss
[info] mutation-analysis: #s(mutant #f utils.rkt 508) {constant-swap} => miss
mutation-analysis: #s(mutant #f utils.rkt 511) {constant-swap} => miss
[info] mutation-analysis: #s(mutant #f utils.rkt 511) {constant-swap} => miss
mutation-analysis: #s(mutant #f utils.rkt 512) {constant-swap} => miss
[info] mutation-analysis: #s(mutant #f utils.rkt 512) {constant-swap} => miss
mutation-analysis: #s(mutant #f utils.rkt 513) {constant-swap} => miss
[info] mutation-analysis: #s(mutant #f utils.rkt 513) {constant-swap} => miss
mutation-analysis: #s(mutant #f utils.rkt 515) {constant-swap} => miss
mutation-analysis: #s(mutant #f utils.rkt 514) {constant-swap} => miss
[info] mutation-analysis: #s(mutant #f utils.rkt 515) {constant-swap} => miss
[info] mutation-analysis: #s(mutant #f utils.rkt 514) {constant-swap} => miss
mutation-analysis: #s(mutant #f utils.rkt 518) {constant-swap} => miss
mutation-analysis: #s(mutant #f utils.rkt 517) {constant-swap} => miss
mutation-analysis: #s(mutant #f utils.rkt 516) {constant-swap} => miss
[info] mutation-analysis: #s(mutant #f utils.rkt 518) {constant-swap} => miss
[info] mutation-analysis: #s(mutant #f utils.rkt 517) {constant-swap} => miss
[info] mutation-analysis: #s(mutant #f utils.rkt 516) {constant-swap} => miss
mutation-analysis: #s(mutant #f utils.rkt 519) {constant-swap} => miss
[info] mutation-analysis: #s(mutant #f utils.rkt 519) {constant-swap} => miss
mutation-analysis: #s(mutant #f utils.rkt 520) {constant-swap} => miss
[info] mutation-analysis: #s(mutant #f utils.rkt 520) {constant-swap} => miss
mutation-analysis: #s(mutant #f utils.rkt 521) {constant-swap} => miss
[info] mutation-analysis: #s(mutant #f utils.rkt 521) {constant-swap} => miss
mutation-analysis: #s(mutant #f utils.rkt 523) {constant-swap} => miss
mutation-analysis: #s(mutant #f utils.rkt 522) {constant-swap} => miss
[info] mutation-analysis: #s(mutant #f utils.rkt 523) {constant-swap} => miss
[info] mutation-analysis: #s(mutant #f utils.rkt 522) {constant-swap} => miss
mutation-analysis: #s(mutant #f utils.rkt 526) {constant-swap} => miss
mutation-analysis: #s(mutant #f utils.rkt 525) {constant-swap} => miss
mutation-analysis: #s(mutant #f utils.rkt 524) {constant-swap} => miss
[info] mutation-analysis: #s(mutant #f utils.rkt 526) {constant-swap} => miss
[info] mutation-analysis: #s(mutant #f utils.rkt 525) {constant-swap} => miss
[info] mutation-analysis: #s(mutant #f utils.rkt 524) {constant-swap} => miss
mutation-analysis: #s(mutant #f utils.rkt 527) {constant-swap} => miss
[info] mutation-analysis: #s(mutant #f utils.rkt 527) {constant-swap} => miss
mutation-analysis: #s(mutant #f utils.rkt 528) {constant-swap} => miss
[info] mutation-analysis: #s(mutant #f utils.rkt 528) {constant-swap} => miss
mutation-analysis: #s(mutant #f utils.rkt 529) {constant-swap} => miss
[info] mutation-analysis: #s(mutant #f utils.rkt 529) {constant-swap} => miss
mutation-analysis: #s(mutant #f utils.rkt 531) {constant-swap} => miss
mutation-analysis: #s(mutant #f utils.rkt 530) {constant-swap} => miss
[info] mutation-analysis: #s(mutant #f utils.rkt 531) {constant-swap} => miss
[info] mutation-analysis: #s(mutant #f utils.rkt 530) {constant-swap} => miss
mutation-analysis: #s(mutant #f utils.rkt 534) {constant-swap} => miss
mutation-analysis: #s(mutant #f utils.rkt 533) {constant-swap} => miss
mutation-analysis: #s(mutant #f utils.rkt 532) {constant-swap} => miss
[info] mutation-analysis: #s(mutant #f utils.rkt 534) {constant-swap} => miss
[info] mutation-analysis: #s(mutant #f utils.rkt 533) {constant-swap} => miss
[info] mutation-analysis: #s(mutant #f utils.rkt 532) {constant-swap} => miss
mutation-analysis: #s(mutant #f utils.rkt 535) {constant-swap} => miss
[info] mutation-analysis: #s(mutant #f utils.rkt 535) {constant-swap} => miss
mutation-analysis: #s(mutant #f utils.rkt 536) {constant-swap} => miss
[info] mutation-analysis: #s(mutant #f utils.rkt 536) {constant-swap} => miss
mutation-analysis: #s(mutant #f utils.rkt 537) {constant-swap} => miss
[info] mutation-analysis: #s(mutant #f utils.rkt 537) {constant-swap} => miss
mutation-analysis: #s(mutant #f utils.rkt 539) {constant-swap} => miss
mutation-analysis: #s(mutant #f utils.rkt 538) {constant-swap} => miss
[info] mutation-analysis: #s(mutant #f utils.rkt 539) {constant-swap} => miss
[info] mutation-analysis: #s(mutant #f utils.rkt 538) {constant-swap} => miss
mutation-analysis: #s(mutant #f utils.rkt 542) {constant-swap} => miss
mutation-analysis: #s(mutant #f utils.rkt 541) {constant-swap} => miss
mutation-analysis: #s(mutant #f utils.rkt 540) {constant-swap} => miss
[info] mutation-analysis: #s(mutant #f utils.rkt 542) {constant-swap} => miss
[info] mutation-analysis: #s(mutant #f utils.rkt 541) {constant-swap} => miss
[info] mutation-analysis: #s(mutant #f utils.rkt 540) {constant-swap} => miss
mutation-analysis: #s(mutant #f utils.rkt 543) {constant-swap} => miss
[info] mutation-analysis: #s(mutant #f utils.rkt 543) {constant-swap} => miss
mutation-analysis: #s(mutant #f utils.rkt 544) {constant-swap} => miss
[info] mutation-analysis: #s(mutant #f utils.rkt 544) {constant-swap} => miss
mutation-analysis: #s(mutant #f utils.rkt 545) {constant-swap} => miss
[info] mutation-analysis: #s(mutant #f utils.rkt 545) {constant-swap} => miss
mutation-analysis: #s(mutant #f utils.rkt 547) {constant-swap} => miss
mutation-analysis: #s(mutant #f utils.rkt 546) {constant-swap} => miss
[info] mutation-analysis: #s(mutant #f utils.rkt 547) {constant-swap} => miss
[info] mutation-analysis: #s(mutant #f utils.rkt 546) {constant-swap} => miss
mutation-analysis: #s(mutant #f utils.rkt 550) {constant-swap} => miss
mutation-analysis: #s(mutant #f utils.rkt 549) {constant-swap} => miss
mutation-analysis: #s(mutant #f utils.rkt 548) {constant-swap} => miss
[info] mutation-analysis: #s(mutant #f utils.rkt 550) {constant-swap} => miss
[info] mutation-analysis: #s(mutant #f utils.rkt 549) {constant-swap} => miss
[info] mutation-analysis: #s(mutant #f utils.rkt 548) {constant-swap} => miss
mutation-analysis: #s(mutant #f utils.rkt 551) {constant-swap} => miss
[info] mutation-analysis: #s(mutant #f utils.rkt 551) {constant-swap} => miss
mutation-analysis: #s(mutant #f utils.rkt 552) {constant-swap} => miss
[info] mutation-analysis: #s(mutant #f utils.rkt 552) {constant-swap} => miss
mutation-analysis: #s(mutant #f utils.rkt 553) {constant-swap} => miss
[info] mutation-analysis: #s(mutant #f utils.rkt 553) {constant-swap} => miss
mutation-analysis: #s(mutant #f utils.rkt 555) {constant-swap} => miss
mutation-analysis: #s(mutant #f utils.rkt 554) {constant-swap} => miss
[info] mutation-analysis: #s(mutant #f utils.rkt 555) {constant-swap} => miss
[info] mutation-analysis: #s(mutant #f utils.rkt 554) {constant-swap} => miss
mutation-analysis: #s(mutant #f utils.rkt 558) {constant-swap} => miss
mutation-analysis: #s(mutant #f utils.rkt 557) {constant-swap} => miss
mutation-analysis: #s(mutant #f utils.rkt 556) {constant-swap} => miss
[info] mutation-analysis: #s(mutant #f utils.rkt 558) {constant-swap} => miss
[info] mutation-analysis: #s(mutant #f utils.rkt 557) {constant-swap} => miss
[info] mutation-analysis: #s(mutant #f utils.rkt 556) {constant-swap} => miss
mutation-analysis: #s(mutant #f utils.rkt 559) {constant-swap} => miss
[info] mutation-analysis: #s(mutant #f utils.rkt 559) {constant-swap} => miss
mutation-analysis: #s(mutant #f utils.rkt 560) {constant-swap} => miss
[info] mutation-analysis: #s(mutant #f utils.rkt 560) {constant-swap} => miss
mutation-analysis: #s(mutant #f utils.rkt 561) {constant-swap} => miss
[info] mutation-analysis: #s(mutant #f utils.rkt 561) {constant-swap} => miss
mutation-analysis: #s(mutant #f utils.rkt 563) {constant-swap} => miss
mutation-analysis: #s(mutant #f utils.rkt 562) {constant-swap} => miss
[info] mutation-analysis: #s(mutant #f utils.rkt 563) {constant-swap} => miss
[info] mutation-analysis: #s(mutant #f utils.rkt 562) {constant-swap} => miss
mutation-analysis: #s(mutant #f utils.rkt 566) {constant-swap} => miss
mutation-analysis: #s(mutant #f utils.rkt 565) {constant-swap} => miss
mutation-analysis: #s(mutant #f utils.rkt 564) {constant-swap} => miss
[info] mutation-analysis: #s(mutant #f utils.rkt 566) {constant-swap} => miss
[info] mutation-analysis: #s(mutant #f utils.rkt 565) {constant-swap} => miss
[info] mutation-analysis: #s(mutant #f utils.rkt 564) {constant-swap} => miss
mutation-analysis: #s(mutant #f utils.rkt 567) {constant-swap} => miss
[info] mutation-analysis: #s(mutant #f utils.rkt 567) {constant-swap} => miss
mutation-analysis: #s(mutant #f utils.rkt 568) {constant-swap} => miss
[info] mutation-analysis: #s(mutant #f utils.rkt 568) {constant-swap} => miss
mutation-analysis: #s(mutant #f utils.rkt 569) {constant-swap} => miss
[info] mutation-analysis: #s(mutant #f utils.rkt 569) {constant-swap} => miss
mutation-analysis: #s(mutant #f utils.rkt 571) {constant-swap} => miss
mutation-analysis: #s(mutant #f utils.rkt 570) {constant-swap} => miss
[info] mutation-analysis: #s(mutant #f utils.rkt 571) {constant-swap} => miss
[info] mutation-analysis: #s(mutant #f utils.rkt 570) {constant-swap} => miss
mutation-analysis: #s(mutant #f utils.rkt 574) {constant-swap} => miss
mutation-analysis: #s(mutant #f utils.rkt 573) {constant-swap} => miss
mutation-analysis: #s(mutant #f utils.rkt 572) {constant-swap} => miss
[info] mutation-analysis: #s(mutant #f utils.rkt 574) {constant-swap} => miss
[info] mutation-analysis: #s(mutant #f utils.rkt 573) {constant-swap} => miss
[info] mutation-analysis: #s(mutant #f utils.rkt 572) {constant-swap} => miss
mutation-analysis: #s(mutant #f utils.rkt 575) {constant-swap} => miss
[info] mutation-analysis: #s(mutant #f utils.rkt 575) {constant-swap} => miss
mutation-analysis: #s(mutant #f utils.rkt 576) {constant-swap} => miss
[info] mutation-analysis: #s(mutant #f utils.rkt 576) {constant-swap} => miss
mutation-analysis: #s(mutant #f utils.rkt 577) {constant-swap} => miss
[info] mutation-analysis: #s(mutant #f utils.rkt 577) {constant-swap} => miss
mutation-analysis: #s(mutant #f utils.rkt 579) {constant-swap} => miss
mutation-analysis: #s(mutant #f utils.rkt 578) {constant-swap} => miss
[info] mutation-analysis: #s(mutant #f utils.rkt 579) {constant-swap} => miss
[info] mutation-analysis: #s(mutant #f utils.rkt 578) {constant-swap} => miss
mutation-analysis: #s(mutant #f utils.rkt 582) {constant-swap} => miss
mutation-analysis: #s(mutant #f utils.rkt 581) {constant-swap} => miss
mutation-analysis: #s(mutant #f utils.rkt 580) {constant-swap} => miss
[info] mutation-analysis: #s(mutant #f utils.rkt 582) {constant-swap} => miss
[info] mutation-analysis: #s(mutant #f utils.rkt 581) {constant-swap} => miss
[info] mutation-analysis: #s(mutant #f utils.rkt 580) {constant-swap} => miss
mutation-analysis: #s(mutant #f utils.rkt 583) {constant-swap} => miss
[info] mutation-analysis: #s(mutant #f utils.rkt 583) {constant-swap} => miss
mutation-analysis: #s(mutant #f utils.rkt 584) {constant-swap} => miss
[info] mutation-analysis: #s(mutant #f utils.rkt 584) {constant-swap} => miss
mutation-analysis: #s(mutant #f utils.rkt 585) {constant-swap} => miss
[info] mutation-analysis: #s(mutant #f utils.rkt 585) {constant-swap} => miss
mutation-analysis: #s(mutant #f utils.rkt 587) {constant-swap} => miss
mutation-analysis: #s(mutant #f utils.rkt 586) {constant-swap} => miss
[info] mutation-analysis: #s(mutant #f utils.rkt 587) {constant-swap} => miss
[info] mutation-analysis: #s(mutant #f utils.rkt 586) {constant-swap} => miss
mutation-analysis: #s(mutant #f utils.rkt 590) {constant-swap} => miss
mutation-analysis: #s(mutant #f utils.rkt 589) {constant-swap} => miss
mutation-analysis: #s(mutant #f utils.rkt 588) {constant-swap} => miss
[info] mutation-analysis: #s(mutant #f utils.rkt 590) {constant-swap} => miss
[info] mutation-analysis: #s(mutant #f utils.rkt 589) {constant-swap} => miss
[info] mutation-analysis: #s(mutant #f utils.rkt 588) {constant-swap} => miss
mutation-analysis: #s(mutant #f utils.rkt 591) {constant-swap} => miss
[info] mutation-analysis: #s(mutant #f utils.rkt 591) {constant-swap} => miss
mutation-analysis: #s(mutant #f utils.rkt 592) {constant-swap} => miss
[info] mutation-analysis: #s(mutant #f utils.rkt 592) {constant-swap} => miss
mutation-analysis: #s(mutant #f utils.rkt 593) {constant-swap} => miss
[info] mutation-analysis: #s(mutant #f utils.rkt 593) {constant-swap} => miss
mutation-analysis: #s(mutant #f utils.rkt 595) {constant-swap} => miss
mutation-analysis: #s(mutant #f utils.rkt 594) {constant-swap} => miss
[info] mutation-analysis: #s(mutant #f utils.rkt 595) {constant-swap} => miss
[info] mutation-analysis: #s(mutant #f utils.rkt 594) {constant-swap} => miss
mutation-analysis: #s(mutant #f utils.rkt 598) {constant-swap} => miss
mutation-analysis: #s(mutant #f utils.rkt 597) {constant-swap} => miss
mutation-analysis: #s(mutant #f utils.rkt 596) {constant-swap} => miss
[info] mutation-analysis: #s(mutant #f utils.rkt 598) {constant-swap} => miss
[info] mutation-analysis: #s(mutant #f utils.rkt 597) {constant-swap} => miss
[info] mutation-analysis: #s(mutant #f utils.rkt 596) {constant-swap} => miss
mutation-analysis: #s(mutant #f utils.rkt 599) {constant-swap} => miss
[info] mutation-analysis: #s(mutant #f utils.rkt 599) {constant-swap} => miss
mutation-analysis: #s(mutant #f utils.rkt 600) {constant-swap} => miss
[info] mutation-analysis: #s(mutant #f utils.rkt 600) {constant-swap} => miss
mutation-analysis: #s(mutant #f utils.rkt 601) {constant-swap} => miss
[info] mutation-analysis: #s(mutant #f utils.rkt 601) {constant-swap} => miss
mutation-analysis: #s(mutant #f utils.rkt 603) {constant-swap} => miss
mutation-analysis: #s(mutant #f utils.rkt 602) {constant-swap} => miss
[info] mutation-analysis: #s(mutant #f utils.rkt 603) {constant-swap} => miss
[info] mutation-analysis: #s(mutant #f utils.rkt 602) {constant-swap} => miss
mutation-analysis: #s(mutant #f utils.rkt 606) {constant-swap} => miss
mutation-analysis: #s(mutant #f utils.rkt 605) {constant-swap} => miss
mutation-analysis: #s(mutant #f utils.rkt 604) {constant-swap} => miss
[info] mutation-analysis: #s(mutant #f utils.rkt 606) {constant-swap} => miss
[info] mutation-analysis: #s(mutant #f utils.rkt 605) {constant-swap} => miss
[info] mutation-analysis: #s(mutant #f utils.rkt 604) {constant-swap} => miss
mutation-analysis: #s(mutant #f utils.rkt 607) {constant-swap} => miss
[info] mutation-analysis: #s(mutant #f utils.rkt 607) {constant-swap} => miss
mutation-analysis: #s(mutant #f utils.rkt 608) {constant-swap} => miss
[info] mutation-analysis: #s(mutant #f utils.rkt 608) {constant-swap} => miss
mutation-analysis: #s(mutant #f utils.rkt 609) {constant-swap} => miss
[info] mutation-analysis: #s(mutant #f utils.rkt 609) {constant-swap} => miss
mutation-analysis: #s(mutant #f utils.rkt 611) {constant-swap} => miss
mutation-analysis: #s(mutant #f utils.rkt 610) {constant-swap} => miss
[info] mutation-analysis: #s(mutant #f utils.rkt 611) {constant-swap} => miss
[info] mutation-analysis: #s(mutant #f utils.rkt 610) {constant-swap} => miss
mutation-analysis: #s(mutant #f utils.rkt 614) {constant-swap} => miss
mutation-analysis: #s(mutant #f utils.rkt 613) {constant-swap} => miss
mutation-analysis: #s(mutant #f utils.rkt 612) {constant-swap} => miss
[info] mutation-analysis: #s(mutant #f utils.rkt 614) {constant-swap} => miss
[info] mutation-analysis: #s(mutant #f utils.rkt 613) {constant-swap} => miss
[info] mutation-analysis: #s(mutant #f utils.rkt 612) {constant-swap} => miss
mutation-analysis: #s(mutant #f utils.rkt 615) {constant-swap} => miss
[info] mutation-analysis: #s(mutant #f utils.rkt 615) {constant-swap} => miss
mutation-analysis: #s(mutant #f utils.rkt 616) {constant-swap} => miss
[info] mutation-analysis: #s(mutant #f utils.rkt 616) {constant-swap} => miss
mutation-analysis: #s(mutant #f utils.rkt 617) {constant-swap} => miss
[info] mutation-analysis: #s(mutant #f utils.rkt 617) {constant-swap} => miss
mutation-analysis: #s(mutant #f utils.rkt 619) {constant-swap} => miss
mutation-analysis: #s(mutant #f utils.rkt 618) {constant-swap} => miss
[info] mutation-analysis: #s(mutant #f utils.rkt 619) {constant-swap} => miss
[info] mutation-analysis: #s(mutant #f utils.rkt 618) {constant-swap} => miss
mutation-analysis: #s(mutant #f utils.rkt 622) {constant-swap} => miss
mutation-analysis: #s(mutant #f utils.rkt 621) {constant-swap} => miss
mutation-analysis: #s(mutant #f utils.rkt 620) {constant-swap} => miss
[info] mutation-analysis: #s(mutant #f utils.rkt 622) {constant-swap} => miss
[info] mutation-analysis: #s(mutant #f utils.rkt 621) {constant-swap} => miss
[info] mutation-analysis: #s(mutant #f utils.rkt 620) {constant-swap} => miss
mutation-analysis: #s(mutant #f utils.rkt 623) {constant-swap} => miss
[info] mutation-analysis: #s(mutant #f utils.rkt 623) {constant-swap} => miss
mutation-analysis: #s(mutant #f utils.rkt 624) {constant-swap} => miss
[info] mutation-analysis: #s(mutant #f utils.rkt 624) {constant-swap} => miss
mutation-analysis: #s(mutant #f utils.rkt 625) {constant-swap} => miss
[info] mutation-analysis: #s(mutant #f utils.rkt 625) {constant-swap} => miss
mutation-analysis: #s(mutant #f utils.rkt 627) {constant-swap} => miss
mutation-analysis: #s(mutant #f utils.rkt 626) {constant-swap} => miss
[info] mutation-analysis: #s(mutant #f utils.rkt 627) {constant-swap} => miss
[info] mutation-analysis: #s(mutant #f utils.rkt 626) {constant-swap} => miss
mutation-analysis: #s(mutant #f utils.rkt 630) {constant-swap} => miss
mutation-analysis: #s(mutant #f utils.rkt 629) {constant-swap} => miss
mutation-analysis: #s(mutant #f utils.rkt 628) {constant-swap} => miss
[info] mutation-analysis: #s(mutant #f utils.rkt 630) {constant-swap} => miss
[info] mutation-analysis: #s(mutant #f utils.rkt 629) {constant-swap} => miss
[info] mutation-analysis: #s(mutant #f utils.rkt 628) {constant-swap} => miss
mutation-analysis: #s(mutant #f utils.rkt 631) {constant-swap} => miss
[info] mutation-analysis: #s(mutant #f utils.rkt 631) {constant-swap} => miss
mutation-analysis: #s(mutant #f utils.rkt 632) {constant-swap} => miss
[info] mutation-analysis: #s(mutant #f utils.rkt 632) {constant-swap} => miss
mutation-analysis: #s(mutant #f utils.rkt 633) {constant-swap} => miss
[info] mutation-analysis: #s(mutant #f utils.rkt 633) {constant-swap} => miss
mutation-analysis: #s(mutant #f utils.rkt 635) {constant-swap} => miss
mutation-analysis: #s(mutant #f utils.rkt 634) {constant-swap} => miss
[info] mutation-analysis: #s(mutant #f utils.rkt 635) {constant-swap} => miss
[info] mutation-analysis: #s(mutant #f utils.rkt 634) {constant-swap} => miss
mutation-analysis: #s(mutant #f utils.rkt 638) {constant-swap} => miss
mutation-analysis: #s(mutant #f utils.rkt 637) {constant-swap} => miss
mutation-analysis: #s(mutant #f utils.rkt 636) {constant-swap} => miss
[info] mutation-analysis: #s(mutant #f utils.rkt 638) {constant-swap} => miss
[info] mutation-analysis: #s(mutant #f utils.rkt 637) {constant-swap} => miss
[info] mutation-analysis: #s(mutant #f utils.rkt 636) {constant-swap} => miss
mutation-analysis: #s(mutant #f utils.rkt 639) {constant-swap} => miss
[info] mutation-analysis: #s(mutant #f utils.rkt 639) {constant-swap} => miss
mutation-analysis: #s(mutant #f utils.rkt 640) {constant-swap} => miss
[info] mutation-analysis: #s(mutant #f utils.rkt 640) {constant-swap} => miss
mutation-analysis: #s(mutant #f utils.rkt 641) {constant-swap} => miss
[info] mutation-analysis: #s(mutant #f utils.rkt 641) {constant-swap} => miss
mutation-analysis: #s(mutant #f utils.rkt 643) {constant-swap} => miss
mutation-analysis: #s(mutant #f utils.rkt 642) {constant-swap} => miss
[info] mutation-analysis: #s(mutant #f utils.rkt 643) {constant-swap} => miss
[info] mutation-analysis: #s(mutant #f utils.rkt 642) {constant-swap} => miss
mutation-analysis: #s(mutant #f utils.rkt 646) {constant-swap} => miss
mutation-analysis: #s(mutant #f utils.rkt 645) {constant-swap} => miss
mutation-analysis: #s(mutant #f utils.rkt 644) {constant-swap} => miss
[info] mutation-analysis: #s(mutant #f utils.rkt 646) {constant-swap} => miss
[info] mutation-analysis: #s(mutant #f utils.rkt 645) {constant-swap} => miss
[info] mutation-analysis: #s(mutant #f utils.rkt 644) {constant-swap} => miss
mutation-analysis: #s(mutant #f utils.rkt 647) {constant-swap} => miss
[info] mutation-analysis: #s(mutant #f utils.rkt 647) {constant-swap} => miss
mutation-analysis: #s(mutant #f utils.rkt 648) {constant-swap} => miss
[info] mutation-analysis: #s(mutant #f utils.rkt 648) {constant-swap} => miss
mutation-analysis: #s(mutant #f utils.rkt 649) {constant-swap} => miss
[info] mutation-analysis: #s(mutant #f utils.rkt 649) {constant-swap} => miss
mutation-analysis: #s(mutant #f utils.rkt 651) {constant-swap} => miss
mutation-analysis: #s(mutant #f utils.rkt 650) {constant-swap} => miss
[info] mutation-analysis: #s(mutant #f utils.rkt 651) {constant-swap} => miss
[info] mutation-analysis: #s(mutant #f utils.rkt 650) {constant-swap} => miss
mutation-analysis: #s(mutant #f utils.rkt 654) {constant-swap} => miss
mutation-analysis: #s(mutant #f utils.rkt 653) {constant-swap} => miss
mutation-analysis: #s(mutant #f utils.rkt 652) {constant-swap} => miss
[info] mutation-analysis: #s(mutant #f utils.rkt 654) {constant-swap} => miss
[info] mutation-analysis: #s(mutant #f utils.rkt 653) {constant-swap} => miss
[info] mutation-analysis: #s(mutant #f utils.rkt 652) {constant-swap} => miss
mutation-analysis: #s(mutant #f utils.rkt 655) {constant-swap} => miss
[info] mutation-analysis: #s(mutant #f utils.rkt 655) {constant-swap} => miss
mutation-analysis: #s(mutant #f utils.rkt 656) {constant-swap} => miss
[info] mutation-analysis: #s(mutant #f utils.rkt 656) {constant-swap} => miss
mutation-analysis: #s(mutant #f utils.rkt 657) {constant-swap} => miss
[info] mutation-analysis: #s(mutant #f utils.rkt 657) {constant-swap} => miss
mutation-analysis: #s(mutant #f utils.rkt 659) {constant-swap} => miss
mutation-analysis: #s(mutant #f utils.rkt 658) {constant-swap} => miss
[info] mutation-analysis: #s(mutant #f utils.rkt 659) {constant-swap} => miss
[info] mutation-analysis: #s(mutant #f utils.rkt 658) {constant-swap} => miss
mutation-analysis: #s(mutant #f utils.rkt 662) {constant-swap} => miss
mutation-analysis: #s(mutant #f utils.rkt 661) {constant-swap} => miss
mutation-analysis: #s(mutant #f utils.rkt 660) {constant-swap} => miss
[info] mutation-analysis: #s(mutant #f utils.rkt 662) {constant-swap} => miss
[info] mutation-analysis: #s(mutant #f utils.rkt 661) {constant-swap} => miss
[info] mutation-analysis: #s(mutant #f utils.rkt 660) {constant-swap} => miss
mutation-analysis: #s(mutant #f utils.rkt 663) {constant-swap} => miss
[info] mutation-analysis: #s(mutant #f utils.rkt 663) {constant-swap} => miss
mutation-analysis: #s(mutant #f utils.rkt 664) {constant-swap} => miss
[info] mutation-analysis: #s(mutant #f utils.rkt 664) {constant-swap} => miss
mutation-analysis: #s(mutant #f utils.rkt 665) {constant-swap} => miss
[info] mutation-analysis: #s(mutant #f utils.rkt 665) {constant-swap} => miss
mutation-analysis: #s(mutant #f utils.rkt 667) {constant-swap} => miss
mutation-analysis: #s(mutant #f utils.rkt 666) {constant-swap} => miss
[info] mutation-analysis: #s(mutant #f utils.rkt 667) {constant-swap} => miss
[info] mutation-analysis: #s(mutant #f utils.rkt 666) {constant-swap} => miss
mutation-analysis: #s(mutant #f utils.rkt 670) {constant-swap} => miss
mutation-analysis: #s(mutant #f utils.rkt 669) {constant-swap} => miss
mutation-analysis: #s(mutant #f utils.rkt 668) {constant-swap} => miss
[info] mutation-analysis: #s(mutant #f utils.rkt 670) {constant-swap} => miss
[info] mutation-analysis: #s(mutant #f utils.rkt 669) {constant-swap} => miss
[info] mutation-analysis: #s(mutant #f utils.rkt 668) {constant-swap} => miss
mutation-analysis: #s(mutant #f utils.rkt 671) {constant-swap} => miss
[info] mutation-analysis: #s(mutant #f utils.rkt 671) {constant-swap} => miss
mutation-analysis: #s(mutant #f utils.rkt 672) {constant-swap} => miss
[info] mutation-analysis: #s(mutant #f utils.rkt 672) {constant-swap} => miss
mutation-analysis: #s(mutant #f utils.rkt 673) {constant-swap} => miss
[info] mutation-analysis: #s(mutant #f utils.rkt 673) {constant-swap} => miss
mutation-analysis: #s(mutant #f utils.rkt 675) {constant-swap} => miss
mutation-analysis: #s(mutant #f utils.rkt 674) {constant-swap} => miss
[info] mutation-analysis: #s(mutant #f utils.rkt 675) {constant-swap} => miss
[info] mutation-analysis: #s(mutant #f utils.rkt 674) {constant-swap} => miss
mutation-analysis: #s(mutant #f utils.rkt 678) {constant-swap} => miss
mutation-analysis: #s(mutant #f utils.rkt 677) {constant-swap} => miss
mutation-analysis: #s(mutant #f utils.rkt 676) {constant-swap} => miss
[info] mutation-analysis: #s(mutant #f utils.rkt 678) {constant-swap} => miss
[info] mutation-analysis: #s(mutant #f utils.rkt 677) {constant-swap} => miss
[info] mutation-analysis: #s(mutant #f utils.rkt 676) {constant-swap} => miss
mutation-analysis: #s(mutant #f utils.rkt 679) {constant-swap} => miss
[info] mutation-analysis: #s(mutant #f utils.rkt 679) {constant-swap} => miss
mutation-analysis: #s(mutant #f utils.rkt 680) {constant-swap} => miss
[info] mutation-analysis: #s(mutant #f utils.rkt 680) {constant-swap} => miss
mutation-analysis: #s(mutant #f utils.rkt 681) {constant-swap} => miss
[info] mutation-analysis: #s(mutant #f utils.rkt 681) {constant-swap} => miss
mutation-analysis: #s(mutant #f utils.rkt 683) {constant-swap} => miss
mutation-analysis: #s(mutant #f utils.rkt 682) {constant-swap} => miss
[info] mutation-analysis: #s(mutant #f utils.rkt 683) {constant-swap} => miss
[info] mutation-analysis: #s(mutant #f utils.rkt 682) {constant-swap} => miss
mutation-analysis: #s(mutant #f utils.rkt 686) {constant-swap} => miss
mutation-analysis: #s(mutant #f utils.rkt 685) {constant-swap} => miss
mutation-analysis: #s(mutant #f utils.rkt 684) {constant-swap} => miss
[info] mutation-analysis: #s(mutant #f utils.rkt 686) {constant-swap} => miss
[info] mutation-analysis: #s(mutant #f utils.rkt 685) {constant-swap} => miss
[info] mutation-analysis: #s(mutant #f utils.rkt 684) {constant-swap} => miss
mutation-analysis: #s(mutant #f utils.rkt 687) {constant-swap} => miss
[info] mutation-analysis: #s(mutant #f utils.rkt 687) {constant-swap} => miss
mutation-analysis: #s(mutant #f utils.rkt 688) {constant-swap} => miss
[info] mutation-analysis: #s(mutant #f utils.rkt 688) {constant-swap} => miss
mutation-analysis: #s(mutant #f utils.rkt 689) {constant-swap} => miss
[info] mutation-analysis: #s(mutant #f utils.rkt 689) {constant-swap} => miss
mutation-analysis: #s(mutant #f utils.rkt 691) {constant-swap} => miss
mutation-analysis: #s(mutant #f utils.rkt 690) {constant-swap} => miss
[info] mutation-analysis: #s(mutant #f utils.rkt 691) {constant-swap} => miss
[info] mutation-analysis: #s(mutant #f utils.rkt 690) {constant-swap} => miss
mutation-analysis: #s(mutant #f utils.rkt 694) {constant-swap} => miss
mutation-analysis: #s(mutant #f utils.rkt 693) {constant-swap} => miss
mutation-analysis: #s(mutant #f utils.rkt 692) {constant-swap} => miss
[info] mutation-analysis: #s(mutant #f utils.rkt 694) {constant-swap} => miss
[info] mutation-analysis: #s(mutant #f utils.rkt 693) {constant-swap} => miss
[info] mutation-analysis: #s(mutant #f utils.rkt 692) {constant-swap} => miss
mutation-analysis: #s(mutant #f utils.rkt 695) {constant-swap} => miss
[info] mutation-analysis: #s(mutant #f utils.rkt 695) {constant-swap} => miss
mutation-analysis: #s(mutant #f utils.rkt 696) {constant-swap} => miss
[info] mutation-analysis: #s(mutant #f utils.rkt 696) {constant-swap} => miss
mutation-analysis: #s(mutant #f utils.rkt 697) {constant-swap} => miss
[info] mutation-analysis: #s(mutant #f utils.rkt 697) {constant-swap} => miss
mutation-analysis: #s(mutant #f utils.rkt 699) {constant-swap} => miss
mutation-analysis: #s(mutant #f utils.rkt 698) {constant-swap} => miss
[info] mutation-analysis: #s(mutant #f utils.rkt 699) {constant-swap} => miss
[info] mutation-analysis: #s(mutant #f utils.rkt 698) {constant-swap} => miss
mutation-analysis: #s(mutant #f utils.rkt 702) {constant-swap} => miss
mutation-analysis: #s(mutant #f utils.rkt 701) {constant-swap} => miss
mutation-analysis: #s(mutant #f utils.rkt 700) {constant-swap} => miss
[info] mutation-analysis: #s(mutant #f utils.rkt 702) {constant-swap} => miss
[info] mutation-analysis: #s(mutant #f utils.rkt 701) {constant-swap} => miss
[info] mutation-analysis: #s(mutant #f utils.rkt 700) {constant-swap} => miss
mutation-analysis: #s(mutant #f utils.rkt 703) {constant-swap} => miss
[info] mutation-analysis: #s(mutant #f utils.rkt 703) {constant-swap} => miss
mutation-analysis: #s(mutant #f utils.rkt 704) {constant-swap} => miss
[info] mutation-analysis: #s(mutant #f utils.rkt 704) {constant-swap} => miss
mutation-analysis: #s(mutant #f utils.rkt 705) {constant-swap} => miss
[info] mutation-analysis: #s(mutant #f utils.rkt 705) {constant-swap} => miss
mutation-analysis: #s(mutant #f utils.rkt 707) {constant-swap} => miss
mutation-analysis: #s(mutant #f utils.rkt 706) {constant-swap} => miss
[info] mutation-analysis: #s(mutant #f utils.rkt 707) {constant-swap} => miss
[info] mutation-analysis: #s(mutant #f utils.rkt 706) {constant-swap} => miss
mutation-analysis: #s(mutant #f utils.rkt 710) {constant-swap} => miss
mutation-analysis: #s(mutant #f utils.rkt 709) {constant-swap} => miss
mutation-analysis: #s(mutant #f utils.rkt 708) {constant-swap} => miss
[info] mutation-analysis: #s(mutant #f utils.rkt 710) {constant-swap} => miss
[info] mutation-analysis: #s(mutant #f utils.rkt 709) {constant-swap} => miss
[info] mutation-analysis: #s(mutant #f utils.rkt 708) {constant-swap} => miss
mutation-analysis: #s(mutant #f utils.rkt 711) {constant-swap} => miss
[info] mutation-analysis: #s(mutant #f utils.rkt 711) {constant-swap} => miss
mutation-analysis: #s(mutant #f utils.rkt 712) {constant-swap} => miss
[info] mutation-analysis: #s(mutant #f utils.rkt 712) {constant-swap} => miss
mutation-analysis: #s(mutant #f utils.rkt 713) {constant-swap} => miss
[info] mutation-analysis: #s(mutant #f utils.rkt 713) {constant-swap} => miss
mutation-analysis: #s(mutant #f utils.rkt 715) {constant-swap} => miss
mutation-analysis: #s(mutant #f utils.rkt 714) {constant-swap} => miss
[info] mutation-analysis: #s(mutant #f utils.rkt 715) {constant-swap} => miss
[info] mutation-analysis: #s(mutant #f utils.rkt 714) {constant-swap} => miss
mutation-analysis: #s(mutant #f utils.rkt 718) {constant-swap} => miss
mutation-analysis: #s(mutant #f utils.rkt 717) {constant-swap} => miss
mutation-analysis: #s(mutant #f utils.rkt 716) {constant-swap} => miss
[info] mutation-analysis: #s(mutant #f utils.rkt 718) {constant-swap} => miss
[info] mutation-analysis: #s(mutant #f utils.rkt 717) {constant-swap} => miss
[info] mutation-analysis: #s(mutant #f utils.rkt 716) {constant-swap} => miss
mutation-analysis: #s(mutant #f utils.rkt 719) {constant-swap} => miss
[info] mutation-analysis: #s(mutant #f utils.rkt 719) {constant-swap} => miss
mutation-analysis: #s(mutant #f utils.rkt 720) {constant-swap} => miss
[info] mutation-analysis: #s(mutant #f utils.rkt 720) {constant-swap} => miss
mutation-analysis: #s(mutant #f utils.rkt 721) {constant-swap} => miss
[info] mutation-analysis: #s(mutant #f utils.rkt 721) {constant-swap} => miss
mutation-analysis: #s(mutant #f utils.rkt 723) {constant-swap} => miss
mutation-analysis: #s(mutant #f utils.rkt 722) {constant-swap} => miss
[info] mutation-analysis: #s(mutant #f utils.rkt 723) {constant-swap} => miss
[info] mutation-analysis: #s(mutant #f utils.rkt 722) {constant-swap} => miss
mutation-analysis: #s(mutant #f utils.rkt 726) {constant-swap} => miss
mutation-analysis: #s(mutant #f utils.rkt 725) {constant-swap} => miss
mutation-analysis: #s(mutant #f utils.rkt 724) {constant-swap} => miss
[info] mutation-analysis: #s(mutant #f utils.rkt 726) {constant-swap} => miss
[info] mutation-analysis: #s(mutant #f utils.rkt 725) {constant-swap} => miss
[info] mutation-analysis: #s(mutant #f utils.rkt 724) {constant-swap} => miss
mutation-analysis: #s(mutant #f utils.rkt 727) {constant-swap} => miss
[info] mutation-analysis: #s(mutant #f utils.rkt 727) {constant-swap} => miss
mutation-analysis: #s(mutant #f utils.rkt 728) {constant-swap} => miss
[info] mutation-analysis: #s(mutant #f utils.rkt 728) {constant-swap} => miss
mutation-analysis: #s(mutant #f utils.rkt 729) {constant-swap} => miss
[info] mutation-analysis: #s(mutant #f utils.rkt 729) {constant-swap} => miss
mutation-analysis: #s(mutant #f utils.rkt 731) {constant-swap} => miss
mutation-analysis: #s(mutant #f utils.rkt 730) {constant-swap} => miss
[info] mutation-analysis: #s(mutant #f utils.rkt 731) {constant-swap} => miss
[info] mutation-analysis: #s(mutant #f utils.rkt 730) {constant-swap} => miss
mutation-analysis: #s(mutant #f utils.rkt 734) {constant-swap} => miss
mutation-analysis: #s(mutant #f utils.rkt 733) {constant-swap} => miss
mutation-analysis: #s(mutant #f utils.rkt 732) {constant-swap} => miss
[info] mutation-analysis: #s(mutant #f utils.rkt 734) {constant-swap} => miss
[info] mutation-analysis: #s(mutant #f utils.rkt 733) {constant-swap} => miss
[info] mutation-analysis: #s(mutant #f utils.rkt 732) {constant-swap} => miss
mutation-analysis: #s(mutant #f utils.rkt 735) {constant-swap} => miss
[info] mutation-analysis: #s(mutant #f utils.rkt 735) {constant-swap} => miss
mutation-analysis: #s(mutant #f utils.rkt 736) {constant-swap} => miss
[info] mutation-analysis: #s(mutant #f utils.rkt 736) {constant-swap} => miss
mutation-analysis: #s(mutant #f utils.rkt 737) {constant-swap} => miss
[info] mutation-analysis: #s(mutant #f utils.rkt 737) {constant-swap} => miss
mutation-analysis: #s(mutant #f utils.rkt 739) {constant-swap} => miss
mutation-analysis: #s(mutant #f utils.rkt 738) {constant-swap} => miss
[info] mutation-analysis: #s(mutant #f utils.rkt 739) {constant-swap} => miss
[info] mutation-analysis: #s(mutant #f utils.rkt 738) {constant-swap} => miss
mutation-analysis: #s(mutant #f utils.rkt 742) {constant-swap} => miss
mutation-analysis: #s(mutant #f utils.rkt 741) {constant-swap} => miss
mutation-analysis: #s(mutant #f utils.rkt 740) {constant-swap} => miss
[info] mutation-analysis: #s(mutant #f utils.rkt 742) {constant-swap} => miss
[info] mutation-analysis: #s(mutant #f utils.rkt 741) {constant-swap} => miss
[info] mutation-analysis: #s(mutant #f utils.rkt 740) {constant-swap} => miss
mutation-analysis: #s(mutant #f utils.rkt 743) {constant-swap} => miss
[info] mutation-analysis: #s(mutant #f utils.rkt 743) {constant-swap} => miss
mutation-analysis: #s(mutant #f utils.rkt 744) {constant-swap} => miss
[info] mutation-analysis: #s(mutant #f utils.rkt 744) {constant-swap} => miss
mutation-analysis: #s(mutant #f utils.rkt 745) {constant-swap} => miss
[info] mutation-analysis: #s(mutant #f utils.rkt 745) {constant-swap} => miss
mutation-analysis: #s(mutant #f utils.rkt 747) {constant-swap} => miss
mutation-analysis: #s(mutant #f utils.rkt 746) {constant-swap} => miss
[info] mutation-analysis: #s(mutant #f utils.rkt 747) {constant-swap} => miss
[info] mutation-analysis: #s(mutant #f utils.rkt 746) {constant-swap} => miss
mutation-analysis: #s(mutant #f utils.rkt 750) {constant-swap} => miss
mutation-analysis: #s(mutant #f utils.rkt 749) {constant-swap} => miss
mutation-analysis: #s(mutant #f utils.rkt 748) {constant-swap} => miss
[info] mutation-analysis: #s(mutant #f utils.rkt 750) {constant-swap} => miss
[info] mutation-analysis: #s(mutant #f utils.rkt 749) {constant-swap} => miss
[info] mutation-analysis: #s(mutant #f utils.rkt 748) {constant-swap} => miss
mutation-analysis: #s(mutant #f utils.rkt 751) {constant-swap} => miss
[info] mutation-analysis: #s(mutant #f utils.rkt 751) {constant-swap} => miss
mutation-analysis: #s(mutant #f utils.rkt 752) {constant-swap} => miss
[info] mutation-analysis: #s(mutant #f utils.rkt 752) {constant-swap} => miss
mutation-analysis: #s(mutant #f utils.rkt 753) {constant-swap} => miss
[info] mutation-analysis: #s(mutant #f utils.rkt 753) {constant-swap} => miss
mutation-analysis: #s(mutant #f utils.rkt 755) {constant-swap} => miss
mutation-analysis: #s(mutant #f utils.rkt 754) {constant-swap} => miss
[info] mutation-analysis: #s(mutant #f utils.rkt 755) {constant-swap} => miss
[info] mutation-analysis: #s(mutant #f utils.rkt 754) {constant-swap} => miss
mutation-analysis: #s(mutant #f utils.rkt 758) {constant-swap} => miss
mutation-analysis: #s(mutant #f utils.rkt 757) {constant-swap} => miss
mutation-analysis: #s(mutant #f utils.rkt 756) {constant-swap} => miss
[info] mutation-analysis: #s(mutant #f utils.rkt 758) {constant-swap} => miss
[info] mutation-analysis: #s(mutant #f utils.rkt 757) {constant-swap} => miss
[info] mutation-analysis: #s(mutant #f utils.rkt 756) {constant-swap} => miss
mutation-analysis: #s(mutant #f utils.rkt 759) {constant-swap} => miss
[info] mutation-analysis: #s(mutant #f utils.rkt 759) {constant-swap} => miss
mutation-analysis: #s(mutant #f utils.rkt 760) {constant-swap} => miss
[info] mutation-analysis: #s(mutant #f utils.rkt 760) {constant-swap} => miss
mutation-analysis: #s(mutant #f utils.rkt 761) {constant-swap} => miss
[info] mutation-analysis: #s(mutant #f utils.rkt 761) {constant-swap} => miss
mutation-analysis: #s(mutant #f utils.rkt 763) {constant-swap} => miss
mutation-analysis: #s(mutant #f utils.rkt 762) {constant-swap} => miss
[info] mutation-analysis: #s(mutant #f utils.rkt 763) {constant-swap} => miss
[info] mutation-analysis: #s(mutant #f utils.rkt 762) {constant-swap} => miss
mutation-analysis: #s(mutant #f utils.rkt 766) {constant-swap} => miss
mutation-analysis: #s(mutant #f utils.rkt 765) {constant-swap} => miss
mutation-analysis: #s(mutant #f utils.rkt 764) {constant-swap} => miss
[info] mutation-analysis: #s(mutant #f utils.rkt 766) {constant-swap} => miss
[info] mutation-analysis: #s(mutant #f utils.rkt 765) {constant-swap} => miss
[info] mutation-analysis: #s(mutant #f utils.rkt 764) {constant-swap} => miss
mutation-analysis: #s(mutant #f utils.rkt 767) {constant-swap} => miss
[info] mutation-analysis: #s(mutant #f utils.rkt 767) {constant-swap} => miss
mutation-analysis: #s(mutant #f utils.rkt 768) {constant-swap} => miss
[info] mutation-analysis: #s(mutant #f utils.rkt 768) {constant-swap} => miss
mutation-analysis: #s(mutant #f utils.rkt 769) {constant-swap} => miss
[info] mutation-analysis: #s(mutant #f utils.rkt 769) {constant-swap} => miss
mutation-analysis: #s(mutant #f utils.rkt 771) {constant-swap} => miss
mutation-analysis: #s(mutant #f utils.rkt 770) {constant-swap} => miss
[info] mutation-analysis: #s(mutant #f utils.rkt 771) {constant-swap} => miss
[info] mutation-analysis: #s(mutant #f utils.rkt 770) {constant-swap} => miss
mutation-analysis: #s(mutant #f utils.rkt 774) {constant-swap} => miss
mutation-analysis: #s(mutant #f utils.rkt 773) {constant-swap} => miss
mutation-analysis: #s(mutant #f utils.rkt 772) {constant-swap} => miss
[info] mutation-analysis: #s(mutant #f utils.rkt 774) {constant-swap} => miss
[info] mutation-analysis: #s(mutant #f utils.rkt 773) {constant-swap} => miss
[info] mutation-analysis: #s(mutant #f utils.rkt 772) {constant-swap} => miss
mutation-analysis: #s(mutant #f utils.rkt 775) {constant-swap} => miss
[info] mutation-analysis: #s(mutant #f utils.rkt 775) {constant-swap} => miss
mutation-analysis: #s(mutant #f utils.rkt 776) {constant-swap} => miss
[info] mutation-analysis: #s(mutant #f utils.rkt 776) {constant-swap} => miss
mutation-analysis: #s(mutant #f utils.rkt 777) {constant-swap} => miss
[info] mutation-analysis: #s(mutant #f utils.rkt 777) {constant-swap} => miss
mutation-analysis: #s(mutant #f utils.rkt 779) {constant-swap} => miss
mutation-analysis: #s(mutant #f utils.rkt 778) {constant-swap} => miss
[info] mutation-analysis: #s(mutant #f utils.rkt 779) {constant-swap} => miss
[info] mutation-analysis: #s(mutant #f utils.rkt 778) {constant-swap} => miss
mutation-analysis: #s(mutant #f utils.rkt 782) {constant-swap} => miss
mutation-analysis: #s(mutant #f utils.rkt 781) {constant-swap} => miss
mutation-analysis: #s(mutant #f utils.rkt 780) {constant-swap} => miss
[info] mutation-analysis: #s(mutant #f utils.rkt 782) {constant-swap} => miss
[info] mutation-analysis: #s(mutant #f utils.rkt 781) {constant-swap} => miss
[info] mutation-analysis: #s(mutant #f utils.rkt 780) {constant-swap} => miss
mutation-analysis: #s(mutant #f utils.rkt 783) {constant-swap} => miss
[info] mutation-analysis: #s(mutant #f utils.rkt 783) {constant-swap} => miss
mutation-analysis: #s(mutant #f utils.rkt 784) {constant-swap} => miss
[info] mutation-analysis: #s(mutant #f utils.rkt 784) {constant-swap} => miss
mutation-analysis: #s(mutant #f utils.rkt 785) {constant-swap} => miss
[info] mutation-analysis: #s(mutant #f utils.rkt 785) {constant-swap} => miss
mutation-analysis: #s(mutant #f utils.rkt 787) {constant-swap} => miss
mutation-analysis: #s(mutant #f utils.rkt 786) {constant-swap} => miss
[info] mutation-analysis: #s(mutant #f utils.rkt 787) {constant-swap} => miss
[info] mutation-analysis: #s(mutant #f utils.rkt 786) {constant-swap} => miss
mutation-analysis: #s(mutant #f utils.rkt 790) {constant-swap} => miss
mutation-analysis: #s(mutant #f utils.rkt 789) {constant-swap} => miss
mutation-analysis: #s(mutant #f utils.rkt 788) {constant-swap} => miss
[info] mutation-analysis: #s(mutant #f utils.rkt 790) {constant-swap} => miss
[info] mutation-analysis: #s(mutant #f utils.rkt 789) {constant-swap} => miss
[info] mutation-analysis: #s(mutant #f utils.rkt 788) {constant-swap} => miss
mutation-analysis: #s(mutant #f utils.rkt 791) {constant-swap} => miss
[info] mutation-analysis: #s(mutant #f utils.rkt 791) {constant-swap} => miss
mutation-analysis: #s(mutant #f utils.rkt 792) {constant-swap} => miss
[info] mutation-analysis: #s(mutant #f utils.rkt 792) {constant-swap} => miss
mutation-analysis: #s(mutant #f utils.rkt 793) {constant-swap} => miss
[info] mutation-analysis: #s(mutant #f utils.rkt 793) {constant-swap} => miss
mutation-analysis: #s(mutant #f utils.rkt 795) {constant-swap} => miss
mutation-analysis: #s(mutant #f utils.rkt 794) {constant-swap} => miss
[info] mutation-analysis: #s(mutant #f utils.rkt 795) {constant-swap} => miss
[info] mutation-analysis: #s(mutant #f utils.rkt 794) {constant-swap} => miss
mutation-analysis: #s(mutant #f utils.rkt 798) {constant-swap} => miss
mutation-analysis: #s(mutant #f utils.rkt 797) {constant-swap} => miss
mutation-analysis: #s(mutant #f utils.rkt 796) {constant-swap} => miss
[info] mutation-analysis: #s(mutant #f utils.rkt 798) {constant-swap} => miss
[info] mutation-analysis: #s(mutant #f utils.rkt 797) {constant-swap} => miss
[info] mutation-analysis: #s(mutant #f utils.rkt 796) {constant-swap} => miss
mutation-analysis: #s(mutant #f utils.rkt 799) {constant-swap} => miss
[info] mutation-analysis: #s(mutant #f utils.rkt 799) {constant-swap} => miss
mutation-analysis: #s(mutant #f utils.rkt 800) {constant-swap} => miss
[info] mutation-analysis: #s(mutant #f utils.rkt 800) {constant-swap} => miss
mutation-analysis: #s(mutant #f utils.rkt 801) {constant-swap} => miss
[info] mutation-analysis: #s(mutant #f utils.rkt 801) {constant-swap} => miss
mutation-analysis: #s(mutant #f utils.rkt 803) {constant-swap} => miss
mutation-analysis: #s(mutant #f utils.rkt 802) {constant-swap} => miss
[info] mutation-analysis: #s(mutant #f utils.rkt 803) {constant-swap} => miss
[info] mutation-analysis: #s(mutant #f utils.rkt 802) {constant-swap} => miss
mutation-analysis: #s(mutant #f utils.rkt 806) {constant-swap} => miss
mutation-analysis: #s(mutant #f utils.rkt 805) {constant-swap} => miss
mutation-analysis: #s(mutant #f utils.rkt 804) {constant-swap} => miss
[info] mutation-analysis: #s(mutant #f utils.rkt 806) {constant-swap} => miss
[info] mutation-analysis: #s(mutant #f utils.rkt 805) {constant-swap} => miss
[info] mutation-analysis: #s(mutant #f utils.rkt 804) {constant-swap} => miss
mutation-analysis: #s(mutant #f utils.rkt 807) {constant-swap} => miss
[info] mutation-analysis: #s(mutant #f utils.rkt 807) {constant-swap} => miss
mutation-analysis: #s(mutant #f utils.rkt 808) {constant-swap} => miss
[info] mutation-analysis: #s(mutant #f utils.rkt 808) {constant-swap} => miss
mutation-analysis: #s(mutant #f utils.rkt 809) {constant-swap} => miss
[info] mutation-analysis: #s(mutant #f utils.rkt 809) {constant-swap} => miss
mutation-analysis: #s(mutant #f utils.rkt 811) {constant-swap} => miss
mutation-analysis: #s(mutant #f utils.rkt 810) {constant-swap} => miss
[info] mutation-analysis: #s(mutant #f utils.rkt 811) {constant-swap} => miss
[info] mutation-analysis: #s(mutant #f utils.rkt 810) {constant-swap} => miss
mutation-analysis: #s(mutant #f utils.rkt 814) {constant-swap} => miss
mutation-analysis: #s(mutant #f utils.rkt 813) {constant-swap} => miss
mutation-analysis: #s(mutant #f utils.rkt 812) {constant-swap} => miss
[info] mutation-analysis: #s(mutant #f utils.rkt 814) {constant-swap} => miss
[info] mutation-analysis: #s(mutant #f utils.rkt 813) {constant-swap} => miss
[info] mutation-analysis: #s(mutant #f utils.rkt 812) {constant-swap} => miss
mutation-analysis: #s(mutant #f utils.rkt 815) {constant-swap} => miss
[info] mutation-analysis: #s(mutant #f utils.rkt 815) {constant-swap} => miss
mutation-analysis: #s(mutant #f utils.rkt 816) {constant-swap} => miss
[info] mutation-analysis: #s(mutant #f utils.rkt 816) {constant-swap} => miss
mutation-analysis: #s(mutant #f utils.rkt 817) {constant-swap} => miss
[info] mutation-analysis: #s(mutant #f utils.rkt 817) {constant-swap} => miss
mutation-analysis: #s(mutant #f utils.rkt 819) {constant-swap} => miss
mutation-analysis: #s(mutant #f utils.rkt 818) {constant-swap} => miss
[info] mutation-analysis: #s(mutant #f utils.rkt 819) {constant-swap} => miss
[info] mutation-analysis: #s(mutant #f utils.rkt 818) {constant-swap} => miss
mutation-analysis: #s(mutant #f utils.rkt 822) {constant-swap} => miss
mutation-analysis: #s(mutant #f utils.rkt 821) {constant-swap} => miss
mutation-analysis: #s(mutant #f utils.rkt 820) {constant-swap} => miss
[info] mutation-analysis: #s(mutant #f utils.rkt 822) {constant-swap} => miss
[info] mutation-analysis: #s(mutant #f utils.rkt 821) {constant-swap} => miss
[info] mutation-analysis: #s(mutant #f utils.rkt 820) {constant-swap} => miss
mutation-analysis: #s(mutant #f utils.rkt 823) {constant-swap} => miss
[info] mutation-analysis: #s(mutant #f utils.rkt 823) {constant-swap} => miss
mutation-analysis: #s(mutant #f utils.rkt 824) {constant-swap} => miss
[info] mutation-analysis: #s(mutant #f utils.rkt 824) {constant-swap} => miss
mutation-analysis: #s(mutant #f utils.rkt 825) {constant-swap} => miss
[info] mutation-analysis: #s(mutant #f utils.rkt 825) {constant-swap} => miss
mutation-analysis: #s(mutant #f utils.rkt 827) {constant-swap} => miss
mutation-analysis: #s(mutant #f utils.rkt 826) {constant-swap} => miss
[info] mutation-analysis: #s(mutant #f utils.rkt 827) {constant-swap} => miss
[info] mutation-analysis: #s(mutant #f utils.rkt 826) {constant-swap} => miss
mutation-analysis: #s(mutant #f utils.rkt 830) {constant-swap} => miss
mutation-analysis: #s(mutant #f utils.rkt 829) {constant-swap} => miss
mutation-analysis: #s(mutant #f utils.rkt 828) {constant-swap} => miss
[info] mutation-analysis: #s(mutant #f utils.rkt 830) {constant-swap} => miss
[info] mutation-analysis: #s(mutant #f utils.rkt 829) {constant-swap} => miss
[info] mutation-analysis: #s(mutant #f utils.rkt 828) {constant-swap} => miss
mutation-analysis: #s(mutant #f utils.rkt 831) {constant-swap} => miss
[info] mutation-analysis: #s(mutant #f utils.rkt 831) {constant-swap} => miss
mutation-analysis: #s(mutant #f utils.rkt 832) {constant-swap} => miss
[info] mutation-analysis: #s(mutant #f utils.rkt 832) {constant-swap} => miss
mutation-analysis: #s(mutant #f utils.rkt 833) {constant-swap} => miss
[info] mutation-analysis: #s(mutant #f utils.rkt 833) {constant-swap} => miss
mutation-analysis: #s(mutant #f utils.rkt 835) {constant-swap} => miss
mutation-analysis: #s(mutant #f utils.rkt 834) {constant-swap} => miss
[info] mutation-analysis: #s(mutant #f utils.rkt 835) {constant-swap} => miss
[info] mutation-analysis: #s(mutant #f utils.rkt 834) {constant-swap} => miss
mutation-analysis: #s(mutant #f utils.rkt 838) {constant-swap} => miss
mutation-analysis: #s(mutant #f utils.rkt 837) {constant-swap} => miss
mutation-analysis: #s(mutant #f utils.rkt 836) {constant-swap} => miss
[info] mutation-analysis: #s(mutant #f utils.rkt 838) {constant-swap} => miss
[info] mutation-analysis: #s(mutant #f utils.rkt 837) {constant-swap} => miss
[info] mutation-analysis: #s(mutant #f utils.rkt 836) {constant-swap} => miss
mutation-analysis: #s(mutant #f utils.rkt 839) {constant-swap} => miss
[info] mutation-analysis: #s(mutant #f utils.rkt 839) {constant-swap} => miss
mutation-analysis: #s(mutant #f utils.rkt 840) {constant-swap} => miss
[info] mutation-analysis: #s(mutant #f utils.rkt 840) {constant-swap} => miss
mutation-analysis: #s(mutant #f utils.rkt 841) {constant-swap} => miss
[info] mutation-analysis: #s(mutant #f utils.rkt 841) {constant-swap} => miss
mutation-analysis: #s(mutant #f utils.rkt 843) {constant-swap} => miss
mutation-analysis: #s(mutant #f utils.rkt 842) {constant-swap} => miss
[info] mutation-analysis: #s(mutant #f utils.rkt 843) {constant-swap} => miss
[info] mutation-analysis: #s(mutant #f utils.rkt 842) {constant-swap} => miss
mutation-analysis: #s(mutant #f utils.rkt 846) {constant-swap} => miss
mutation-analysis: #s(mutant #f utils.rkt 845) {constant-swap} => miss
mutation-analysis: #s(mutant #f utils.rkt 844) {constant-swap} => miss
[info] mutation-analysis: #s(mutant #f utils.rkt 846) {constant-swap} => miss
[info] mutation-analysis: #s(mutant #f utils.rkt 845) {constant-swap} => miss
[info] mutation-analysis: #s(mutant #f utils.rkt 844) {constant-swap} => miss
mutation-analysis: #s(mutant #f utils.rkt 847) {constant-swap} => miss
[info] mutation-analysis: #s(mutant #f utils.rkt 847) {constant-swap} => miss
mutation-analysis: #s(mutant #f utils.rkt 848) {constant-swap} => miss
[info] mutation-analysis: #s(mutant #f utils.rkt 848) {constant-swap} => miss
mutation-analysis: #s(mutant #f utils.rkt 849) {constant-swap} => miss
[info] mutation-analysis: #s(mutant #f utils.rkt 849) {constant-swap} => miss
mutation-analysis: #s(mutant #f utils.rkt 851) {constant-swap} => miss
mutation-analysis: #s(mutant #f utils.rkt 850) {constant-swap} => miss
[info] mutation-analysis: #s(mutant #f utils.rkt 851) {constant-swap} => miss
[info] mutation-analysis: #s(mutant #f utils.rkt 850) {constant-swap} => miss
mutation-analysis: #s(mutant #f utils.rkt 854) {constant-swap} => miss
mutation-analysis: #s(mutant #f utils.rkt 853) {constant-swap} => miss
mutation-analysis: #s(mutant #f utils.rkt 852) {constant-swap} => miss
[info] mutation-analysis: #s(mutant #f utils.rkt 854) {constant-swap} => miss
[info] mutation-analysis: #s(mutant #f utils.rkt 853) {constant-swap} => miss
[info] mutation-analysis: #s(mutant #f utils.rkt 852) {constant-swap} => miss
mutation-analysis: #s(mutant #f utils.rkt 855) {constant-swap} => miss
[info] mutation-analysis: #s(mutant #f utils.rkt 855) {constant-swap} => miss
mutation-analysis: #s(mutant #f utils.rkt 856) {constant-swap} => miss
[info] mutation-analysis: #s(mutant #f utils.rkt 856) {constant-swap} => miss
mutation-analysis: #s(mutant #f utils.rkt 857) {constant-swap} => miss
[info] mutation-analysis: #s(mutant #f utils.rkt 857) {constant-swap} => miss
mutation-analysis: #s(mutant #f utils.rkt 859) {constant-swap} => miss
mutation-analysis: #s(mutant #f utils.rkt 858) {constant-swap} => miss
[info] mutation-analysis: #s(mutant #f utils.rkt 859) {constant-swap} => miss
[info] mutation-analysis: #s(mutant #f utils.rkt 858) {constant-swap} => miss
mutation-analysis: #s(mutant #f utils.rkt 862) {constant-swap} => miss
mutation-analysis: #s(mutant #f utils.rkt 861) {constant-swap} => miss
mutation-analysis: #s(mutant #f utils.rkt 860) {constant-swap} => miss
[info] mutation-analysis: #s(mutant #f utils.rkt 862) {constant-swap} => miss
[info] mutation-analysis: #s(mutant #f utils.rkt 861) {constant-swap} => miss
[info] mutation-analysis: #s(mutant #f utils.rkt 860) {constant-swap} => miss
mutation-analysis: #s(mutant #f utils.rkt 863) {constant-swap} => miss
[info] mutation-analysis: #s(mutant #f utils.rkt 863) {constant-swap} => miss
mutation-analysis: #s(mutant #f utils.rkt 864) {constant-swap} => miss
[info] mutation-analysis: #s(mutant #f utils.rkt 864) {constant-swap} => miss
mutation-analysis: #s(mutant #f utils.rkt 865) {constant-swap} => miss
[info] mutation-analysis: #s(mutant #f utils.rkt 865) {constant-swap} => miss
mutation-analysis: #s(mutant #f utils.rkt 867) {constant-swap} => miss
mutation-analysis: #s(mutant #f utils.rkt 866) {constant-swap} => miss
[info] mutation-analysis: #s(mutant #f utils.rkt 867) {constant-swap} => miss
[info] mutation-analysis: #s(mutant #f utils.rkt 866) {constant-swap} => miss
mutation-analysis: #s(mutant #f utils.rkt 870) {constant-swap} => miss
mutation-analysis: #s(mutant #f utils.rkt 869) {constant-swap} => miss
mutation-analysis: #s(mutant #f utils.rkt 868) {constant-swap} => miss
[info] mutation-analysis: #s(mutant #f utils.rkt 870) {constant-swap} => miss
[info] mutation-analysis: #s(mutant #f utils.rkt 869) {constant-swap} => miss
[info] mutation-analysis: #s(mutant #f utils.rkt 868) {constant-swap} => miss
mutation-analysis: #s(mutant #f utils.rkt 871) {constant-swap} => miss
[info] mutation-analysis: #s(mutant #f utils.rkt 871) {constant-swap} => miss
mutation-analysis: #s(mutant #f utils.rkt 872) {constant-swap} => miss
[info] mutation-analysis: #s(mutant #f utils.rkt 872) {constant-swap} => miss
mutation-analysis: #s(mutant #f utils.rkt 873) {constant-swap} => miss
[info] mutation-analysis: #s(mutant #f utils.rkt 873) {constant-swap} => miss
mutation-analysis: #s(mutant #f utils.rkt 875) {constant-swap} => miss
mutation-analysis: #s(mutant #f utils.rkt 874) {constant-swap} => miss
[info] mutation-analysis: #s(mutant #f utils.rkt 875) {constant-swap} => miss
[info] mutation-analysis: #s(mutant #f utils.rkt 874) {constant-swap} => miss
mutation-analysis: #s(mutant #f utils.rkt 878) {constant-swap} => miss
mutation-analysis: #s(mutant #f utils.rkt 877) {constant-swap} => miss
mutation-analysis: #s(mutant #f utils.rkt 876) {constant-swap} => miss
[info] mutation-analysis: #s(mutant #f utils.rkt 878) {constant-swap} => miss
[info] mutation-analysis: #s(mutant #f utils.rkt 877) {constant-swap} => miss
[info] mutation-analysis: #s(mutant #f utils.rkt 876) {constant-swap} => miss
mutation-analysis: #s(mutant #f utils.rkt 879) {constant-swap} => miss
[info] mutation-analysis: #s(mutant #f utils.rkt 879) {constant-swap} => miss
mutation-analysis: #s(mutant #f utils.rkt 880) {constant-swap} => miss
[info] mutation-analysis: #s(mutant #f utils.rkt 880) {constant-swap} => miss
mutation-analysis: #s(mutant #f utils.rkt 881) {constant-swap} => miss
[info] mutation-analysis: #s(mutant #f utils.rkt 881) {constant-swap} => miss
mutation-analysis: #s(mutant #f utils.rkt 883) {constant-swap} => miss
mutation-analysis: #s(mutant #f utils.rkt 882) {constant-swap} => miss
[info] mutation-analysis: #s(mutant #f utils.rkt 883) {constant-swap} => miss
[info] mutation-analysis: #s(mutant #f utils.rkt 882) {constant-swap} => miss
mutation-analysis: #s(mutant #f utils.rkt 886) {constant-swap} => miss
mutation-analysis: #s(mutant #f utils.rkt 885) {constant-swap} => miss
mutation-analysis: #s(mutant #f utils.rkt 884) {constant-swap} => miss
[info] mutation-analysis: #s(mutant #f utils.rkt 886) {constant-swap} => miss
[info] mutation-analysis: #s(mutant #f utils.rkt 885) {constant-swap} => miss
[info] mutation-analysis: #s(mutant #f utils.rkt 884) {constant-swap} => miss
mutation-analysis: #s(mutant #f utils.rkt 887) {constant-swap} => miss
[info] mutation-analysis: #s(mutant #f utils.rkt 887) {constant-swap} => miss
mutation-analysis: #s(mutant #f utils.rkt 888) {constant-swap} => miss
[info] mutation-analysis: #s(mutant #f utils.rkt 888) {constant-swap} => miss
mutation-analysis: #s(mutant #f utils.rkt 889) {constant-swap} => miss
[info] mutation-analysis: #s(mutant #f utils.rkt 889) {constant-swap} => miss
mutation-analysis: #s(mutant #f utils.rkt 891) {constant-swap} => miss
mutation-analysis: #s(mutant #f utils.rkt 890) {constant-swap} => miss
[info] mutation-analysis: #s(mutant #f utils.rkt 891) {constant-swap} => miss
[info] mutation-analysis: #s(mutant #f utils.rkt 890) {constant-swap} => miss
mutation-analysis: #s(mutant #f utils.rkt 894) {constant-swap} => miss
mutation-analysis: #s(mutant #f utils.rkt 893) {constant-swap} => miss
mutation-analysis: #s(mutant #f utils.rkt 892) {constant-swap} => miss
[info] mutation-analysis: #s(mutant #f utils.rkt 894) {constant-swap} => miss
[info] mutation-analysis: #s(mutant #f utils.rkt 893) {constant-swap} => miss
[info] mutation-analysis: #s(mutant #f utils.rkt 892) {constant-swap} => miss
mutation-analysis: #s(mutant #f utils.rkt 895) {constant-swap} => miss
[info] mutation-analysis: #s(mutant #f utils.rkt 895) {constant-swap} => miss
mutation-analysis: #s(mutant #f utils.rkt 896) {constant-swap} => miss
[info] mutation-analysis: #s(mutant #f utils.rkt 896) {constant-swap} => miss
mutation-analysis: #s(mutant #f utils.rkt 897) {constant-swap} => miss
[info] mutation-analysis: #s(mutant #f utils.rkt 897) {constant-swap} => miss
mutation-analysis: #s(mutant #f utils.rkt 899) {constant-swap} => miss
mutation-analysis: #s(mutant #f utils.rkt 898) {constant-swap} => miss
[info] mutation-analysis: #s(mutant #f utils.rkt 899) {constant-swap} => miss
[info] mutation-analysis: #s(mutant #f utils.rkt 898) {constant-swap} => miss
mutation-analysis: #s(mutant #f utils.rkt 902) {constant-swap} => miss
mutation-analysis: #s(mutant #f utils.rkt 901) {constant-swap} => miss
mutation-analysis: #s(mutant #f utils.rkt 900) {constant-swap} => miss
[info] mutation-analysis: #s(mutant #f utils.rkt 902) {constant-swap} => miss
[info] mutation-analysis: #s(mutant #f utils.rkt 901) {constant-swap} => miss
[info] mutation-analysis: #s(mutant #f utils.rkt 900) {constant-swap} => miss
mutation-analysis: #s(mutant #f utils.rkt 903) {constant-swap} => miss
[info] mutation-analysis: #s(mutant #f utils.rkt 903) {constant-swap} => miss
mutation-analysis: #s(mutant #f utils.rkt 904) {constant-swap} => miss
[info] mutation-analysis: #s(mutant #f utils.rkt 904) {constant-swap} => miss
mutation-analysis: #s(mutant #f utils.rkt 905) {constant-swap} => miss
[info] mutation-analysis: #s(mutant #f utils.rkt 905) {constant-swap} => miss
mutation-analysis: #s(mutant #f utils.rkt 907) {constant-swap} => miss
mutation-analysis: #s(mutant #f utils.rkt 906) {constant-swap} => miss
[info] mutation-analysis: #s(mutant #f utils.rkt 907) {constant-swap} => miss
[info] mutation-analysis: #s(mutant #f utils.rkt 906) {constant-swap} => miss
mutation-analysis: #s(mutant #f utils.rkt 910) {constant-swap} => miss
mutation-analysis: #s(mutant #f utils.rkt 909) {constant-swap} => miss
mutation-analysis: #s(mutant #f utils.rkt 908) {constant-swap} => miss
[info] mutation-analysis: #s(mutant #f utils.rkt 910) {constant-swap} => miss
[info] mutation-analysis: #s(mutant #f utils.rkt 909) {constant-swap} => miss
[info] mutation-analysis: #s(mutant #f utils.rkt 908) {constant-swap} => miss
mutation-analysis: #s(mutant #f utils.rkt 911) {constant-swap} => miss
[info] mutation-analysis: #s(mutant #f utils.rkt 911) {constant-swap} => miss
mutation-analysis: #s(mutant #f utils.rkt 912) {constant-swap} => miss
[info] mutation-analysis: #s(mutant #f utils.rkt 912) {constant-swap} => miss
mutation-analysis: #s(mutant #f utils.rkt 913) {constant-swap} => miss
[info] mutation-analysis: #s(mutant #f utils.rkt 913) {constant-swap} => miss
mutation-analysis: #s(mutant #f utils.rkt 915) {constant-swap} => miss
mutation-analysis: #s(mutant #f utils.rkt 914) {constant-swap} => miss
[info] mutation-analysis: #s(mutant #f utils.rkt 915) {constant-swap} => miss
[info] mutation-analysis: #s(mutant #f utils.rkt 914) {constant-swap} => miss
mutation-analysis: #s(mutant #f utils.rkt 918) {constant-swap} => miss
mutation-analysis: #s(mutant #f utils.rkt 917) {constant-swap} => miss
mutation-analysis: #s(mutant #f utils.rkt 916) {constant-swap} => miss
[info] mutation-analysis: #s(mutant #f utils.rkt 918) {constant-swap} => miss
[info] mutation-analysis: #s(mutant #f utils.rkt 917) {constant-swap} => miss
[info] mutation-analysis: #s(mutant #f utils.rkt 916) {constant-swap} => miss
mutation-analysis: #s(mutant #f utils.rkt 919) {constant-swap} => miss
[info] mutation-analysis: #s(mutant #f utils.rkt 919) {constant-swap} => miss
mutation-analysis: #s(mutant #f utils.rkt 920) {constant-swap} => miss
[info] mutation-analysis: #s(mutant #f utils.rkt 920) {constant-swap} => miss
mutation-analysis: #s(mutant #f utils.rkt 921) {constant-swap} => miss
[info] mutation-analysis: #s(mutant #f utils.rkt 921) {constant-swap} => miss
mutation-analysis: #s(mutant #f utils.rkt 923) {constant-swap} => miss
mutation-analysis: #s(mutant #f utils.rkt 922) {constant-swap} => miss
[info] mutation-analysis: #s(mutant #f utils.rkt 923) {constant-swap} => miss
[info] mutation-analysis: #s(mutant #f utils.rkt 922) {constant-swap} => miss
mutation-analysis: #s(mutant #f utils.rkt 926) {constant-swap} => miss
mutation-analysis: #s(mutant #f utils.rkt 925) {constant-swap} => miss
mutation-analysis: #s(mutant #f utils.rkt 924) {constant-swap} => miss
[info] mutation-analysis: #s(mutant #f utils.rkt 926) {constant-swap} => miss
[info] mutation-analysis: #s(mutant #f utils.rkt 925) {constant-swap} => miss
[info] mutation-analysis: #s(mutant #f utils.rkt 924) {constant-swap} => miss
mutation-analysis: #s(mutant #f utils.rkt 927) {constant-swap} => miss
[info] mutation-analysis: #s(mutant #f utils.rkt 927) {constant-swap} => miss
mutation-analysis: #s(mutant #f utils.rkt 928) {constant-swap} => miss
[info] mutation-analysis: #s(mutant #f utils.rkt 928) {constant-swap} => miss
mutation-analysis: #s(mutant #f utils.rkt 929) {constant-swap} => miss
[info] mutation-analysis: #s(mutant #f utils.rkt 929) {constant-swap} => miss
mutation-analysis: #s(mutant #f utils.rkt 931) {constant-swap} => miss
mutation-analysis: #s(mutant #f utils.rkt 930) {constant-swap} => miss
[info] mutation-analysis: #s(mutant #f utils.rkt 931) {constant-swap} => miss
[info] mutation-analysis: #s(mutant #f utils.rkt 930) {constant-swap} => miss
mutation-analysis: #s(mutant #f utils.rkt 934) {constant-swap} => miss
mutation-analysis: #s(mutant #f utils.rkt 933) {constant-swap} => miss
mutation-analysis: #s(mutant #f utils.rkt 932) {constant-swap} => miss
[info] mutation-analysis: #s(mutant #f utils.rkt 934) {constant-swap} => miss
[info] mutation-analysis: #s(mutant #f utils.rkt 933) {constant-swap} => miss
[info] mutation-analysis: #s(mutant #f utils.rkt 932) {constant-swap} => miss
mutation-analysis: #s(mutant #f utils.rkt 935) {constant-swap} => miss
[info] mutation-analysis: #s(mutant #f utils.rkt 935) {constant-swap} => miss
mutation-analysis: #s(mutant #f utils.rkt 936) {constant-swap} => miss
[info] mutation-analysis: #s(mutant #f utils.rkt 936) {constant-swap} => miss
mutation-analysis: #s(mutant #f utils.rkt 937) {constant-swap} => miss
[info] mutation-analysis: #s(mutant #f utils.rkt 937) {constant-swap} => miss
mutation-analysis: #s(mutant #f utils.rkt 939) {constant-swap} => miss
mutation-analysis: #s(mutant #f utils.rkt 938) {constant-swap} => miss
[info] mutation-analysis: #s(mutant #f utils.rkt 939) {constant-swap} => miss
[info] mutation-analysis: #s(mutant #f utils.rkt 938) {constant-swap} => miss
mutation-analysis: #s(mutant #f utils.rkt 942) {constant-swap} => miss
mutation-analysis: #s(mutant #f utils.rkt 941) {constant-swap} => miss
mutation-analysis: #s(mutant #f utils.rkt 940) {constant-swap} => miss
[info] mutation-analysis: #s(mutant #f utils.rkt 942) {constant-swap} => miss
[info] mutation-analysis: #s(mutant #f utils.rkt 941) {constant-swap} => miss
[info] mutation-analysis: #s(mutant #f utils.rkt 940) {constant-swap} => miss
mutation-analysis: #s(mutant #f utils.rkt 943) {constant-swap} => miss
[info] mutation-analysis: #s(mutant #f utils.rkt 943) {constant-swap} => miss
mutation-analysis: #s(mutant #f utils.rkt 944) {constant-swap} => miss
[info] mutation-analysis: #s(mutant #f utils.rkt 944) {constant-swap} => miss
mutation-analysis: #s(mutant #f utils.rkt 945) {constant-swap} => miss
[info] mutation-analysis: #s(mutant #f utils.rkt 945) {constant-swap} => miss
mutation-analysis: #s(mutant #f utils.rkt 947) {constant-swap} => miss
mutation-analysis: #s(mutant #f utils.rkt 946) {constant-swap} => miss
[info] mutation-analysis: #s(mutant #f utils.rkt 947) {constant-swap} => miss
[info] mutation-analysis: #s(mutant #f utils.rkt 946) {constant-swap} => miss
mutation-analysis: #s(mutant #f utils.rkt 950) {constant-swap} => miss
mutation-analysis: #s(mutant #f utils.rkt 949) {constant-swap} => miss
mutation-analysis: #s(mutant #f utils.rkt 948) {constant-swap} => miss
[info] mutation-analysis: #s(mutant #f utils.rkt 950) {constant-swap} => miss
[info] mutation-analysis: #s(mutant #f utils.rkt 949) {constant-swap} => miss
[info] mutation-analysis: #s(mutant #f utils.rkt 948) {constant-swap} => miss
mutation-analysis: #s(mutant #f utils.rkt 951) {constant-swap} => miss
[info] mutation-analysis: #s(mutant #f utils.rkt 951) {constant-swap} => miss
mutation-analysis: #s(mutant #f utils.rkt 952) {constant-swap} => miss
[info] mutation-analysis: #s(mutant #f utils.rkt 952) {constant-swap} => miss
mutation-analysis: #s(mutant #f utils.rkt 953) {constant-swap} => miss
[info] mutation-analysis: #s(mutant #f utils.rkt 953) {constant-swap} => miss
mutation-analysis: #s(mutant #f utils.rkt 955) {constant-swap} => miss
mutation-analysis: #s(mutant #f utils.rkt 954) {constant-swap} => miss
[info] mutation-analysis: #s(mutant #f utils.rkt 955) {constant-swap} => miss
[info] mutation-analysis: #s(mutant #f utils.rkt 954) {constant-swap} => miss
mutation-analysis: #s(mutant #f utils.rkt 958) {constant-swap} => miss
mutation-analysis: #s(mutant #f utils.rkt 957) {constant-swap} => miss
mutation-analysis: #s(mutant #f utils.rkt 956) {constant-swap} => miss
[info] mutation-analysis: #s(mutant #f utils.rkt 958) {constant-swap} => miss
[info] mutation-analysis: #s(mutant #f utils.rkt 957) {constant-swap} => miss
[info] mutation-analysis: #s(mutant #f utils.rkt 956) {constant-swap} => miss
mutation-analysis: #s(mutant #f utils.rkt 959) {constant-swap} => miss
[info] mutation-analysis: #s(mutant #f utils.rkt 959) {constant-swap} => miss
mutation-analysis: #s(mutant #f utils.rkt 960) {constant-swap} => miss
[info] mutation-analysis: #s(mutant #f utils.rkt 960) {constant-swap} => miss
mutation-analysis: #s(mutant #f utils.rkt 961) {constant-swap} => miss
[info] mutation-analysis: #s(mutant #f utils.rkt 961) {constant-swap} => miss
mutation-analysis: #s(mutant #f utils.rkt 963) {constant-swap} => miss
mutation-analysis: #s(mutant #f utils.rkt 962) {constant-swap} => miss
[info] mutation-analysis: #s(mutant #f utils.rkt 963) {constant-swap} => miss
[info] mutation-analysis: #s(mutant #f utils.rkt 962) {constant-swap} => miss
mutation-analysis: #s(mutant #f utils.rkt 966) {constant-swap} => miss
mutation-analysis: #s(mutant #f utils.rkt 965) {constant-swap} => miss
mutation-analysis: #s(mutant #f utils.rkt 964) {constant-swap} => miss
[info] mutation-analysis: #s(mutant #f utils.rkt 966) {constant-swap} => miss
[info] mutation-analysis: #s(mutant #f utils.rkt 965) {constant-swap} => miss
[info] mutation-analysis: #s(mutant #f utils.rkt 964) {constant-swap} => miss
mutation-analysis: #s(mutant #f utils.rkt 967) {constant-swap} => miss
[info] mutation-analysis: #s(mutant #f utils.rkt 967) {constant-swap} => miss
mutation-analysis: #s(mutant #f utils.rkt 968) {constant-swap} => miss
[info] mutation-analysis: #s(mutant #f utils.rkt 968) {constant-swap} => miss
mutation-analysis: #s(mutant #f utils.rkt 969) {constant-swap} => miss
[info] mutation-analysis: #s(mutant #f utils.rkt 969) {constant-swap} => miss
mutation-analysis: #s(mutant #f utils.rkt 971) {constant-swap} => miss
mutation-analysis: #s(mutant #f utils.rkt 970) {constant-swap} => miss
[info] mutation-analysis: #s(mutant #f utils.rkt 971) {constant-swap} => miss
[info] mutation-analysis: #s(mutant #f utils.rkt 970) {constant-swap} => miss
mutation-analysis: #s(mutant #f utils.rkt 974) {constant-swap} => miss
mutation-analysis: #s(mutant #f utils.rkt 973) {constant-swap} => miss
mutation-analysis: #s(mutant #f utils.rkt 972) {constant-swap} => miss
[info] mutation-analysis: #s(mutant #f utils.rkt 974) {constant-swap} => miss
[info] mutation-analysis: #s(mutant #f utils.rkt 973) {constant-swap} => miss
[info] mutation-analysis: #s(mutant #f utils.rkt 972) {constant-swap} => miss
mutation-analysis: #s(mutant #f utils.rkt 975) {constant-swap} => miss
[info] mutation-analysis: #s(mutant #f utils.rkt 975) {constant-swap} => miss
mutation-analysis: #s(mutant #f utils.rkt 976) {constant-swap} => miss
[info] mutation-analysis: #s(mutant #f utils.rkt 976) {constant-swap} => miss
mutation-analysis: #s(mutant #f utils.rkt 977) {constant-swap} => miss
[info] mutation-analysis: #s(mutant #f utils.rkt 977) {constant-swap} => miss
mutation-analysis: #s(mutant #f utils.rkt 979) {constant-swap} => miss
mutation-analysis: #s(mutant #f utils.rkt 978) {constant-swap} => miss
[info] mutation-analysis: #s(mutant #f utils.rkt 979) {constant-swap} => miss
[info] mutation-analysis: #s(mutant #f utils.rkt 978) {constant-swap} => miss
mutation-analysis: #s(mutant #f utils.rkt 982) {constant-swap} => miss
mutation-analysis: #s(mutant #f utils.rkt 981) {constant-swap} => miss
mutation-analysis: #s(mutant #f utils.rkt 980) {constant-swap} => miss
[info] mutation-analysis: #s(mutant #f utils.rkt 982) {constant-swap} => miss
[info] mutation-analysis: #s(mutant #f utils.rkt 981) {constant-swap} => miss
[info] mutation-analysis: #s(mutant #f utils.rkt 980) {constant-swap} => miss
mutation-analysis: #s(mutant #f utils.rkt 983) {constant-swap} => miss
[info] mutation-analysis: #s(mutant #f utils.rkt 983) {constant-swap} => miss
mutation-analysis: #s(mutant #f utils.rkt 984) {constant-swap} => miss
[info] mutation-analysis: #s(mutant #f utils.rkt 984) {constant-swap} => miss
mutation-analysis: #s(mutant #f utils.rkt 985) {constant-swap} => miss
[info] mutation-analysis: #s(mutant #f utils.rkt 985) {constant-swap} => miss
mutation-analysis: #s(mutant #f utils.rkt 987) {constant-swap} => miss
mutation-analysis: #s(mutant #f utils.rkt 986) {constant-swap} => miss
[info] mutation-analysis: #s(mutant #f utils.rkt 987) {constant-swap} => miss
[info] mutation-analysis: #s(mutant #f utils.rkt 986) {constant-swap} => miss
mutation-analysis: #s(mutant #f utils.rkt 990) {constant-swap} => miss
mutation-analysis: #s(mutant #f utils.rkt 989) {constant-swap} => miss
mutation-analysis: #s(mutant #f utils.rkt 988) {constant-swap} => miss
[info] mutation-analysis: #s(mutant #f utils.rkt 990) {constant-swap} => miss
[info] mutation-analysis: #s(mutant #f utils.rkt 989) {constant-swap} => miss
[info] mutation-analysis: #s(mutant #f utils.rkt 988) {constant-swap} => miss
mutation-analysis: #s(mutant #f utils.rkt 991) {constant-swap} => miss
[info] mutation-analysis: #s(mutant #f utils.rkt 991) {constant-swap} => miss
mutation-analysis: #s(mutant #f utils.rkt 992) {constant-swap} => miss
[info] mutation-analysis: #s(mutant #f utils.rkt 992) {constant-swap} => miss
mutation-analysis: #s(mutant #f utils.rkt 993) {constant-swap} => miss
[info] mutation-analysis: #s(mutant #f utils.rkt 993) {constant-swap} => miss
mutation-analysis: #s(mutant #f utils.rkt 995) {constant-swap} => miss
mutation-analysis: #s(mutant #f utils.rkt 994) {constant-swap} => miss
[info] mutation-analysis: #s(mutant #f utils.rkt 995) {constant-swap} => miss
[info] mutation-analysis: #s(mutant #f utils.rkt 994) {constant-swap} => miss
mutation-analysis: #s(mutant #f utils.rkt 998) {constant-swap} => miss
mutation-analysis: #s(mutant #f utils.rkt 997) {constant-swap} => miss
mutation-analysis: #s(mutant #f utils.rkt 996) {constant-swap} => miss
[info] mutation-analysis: #s(mutant #f utils.rkt 998) {constant-swap} => miss
[info] mutation-analysis: #s(mutant #f utils.rkt 997) {constant-swap} => miss
[info] mutation-analysis: #s(mutant #f utils.rkt 996) {constant-swap} => miss
mutation-analysis: #s(mutant #f utils.rkt 999) {constant-swap} => miss
[info] mutation-analysis: #s(mutant #f utils.rkt 999) {constant-swap} => miss
mutation-analysis: #s(mutant #f utils.rkt 1000) {constant-swap} => miss
[info] mutation-analysis: #s(mutant #f utils.rkt 1000) {constant-swap} => miss
mutation-analysis: #s(mutant #f utils.rkt 1001) {constant-swap} => miss
[info] mutation-analysis: #s(mutant #f utils.rkt 1001) {constant-swap} => miss
mutation-analysis: #s(mutant #f utils.rkt 1003) {constant-swap} => miss
mutation-analysis: #s(mutant #f utils.rkt 1002) {constant-swap} => miss
[info] mutation-analysis: #s(mutant #f utils.rkt 1003) {constant-swap} => miss
[info] mutation-analysis: #s(mutant #f utils.rkt 1002) {constant-swap} => miss
mutation-analysis: #s(mutant #f utils.rkt 1006) {constant-swap} => miss
mutation-analysis: #s(mutant #f utils.rkt 1005) {constant-swap} => miss
mutation-analysis: #s(mutant #f utils.rkt 1004) {constant-swap} => miss
[info] mutation-analysis: #s(mutant #f utils.rkt 1006) {constant-swap} => miss
[info] mutation-analysis: #s(mutant #f utils.rkt 1005) {constant-swap} => miss
[info] mutation-analysis: #s(mutant #f utils.rkt 1004) {constant-swap} => miss
mutation-analysis: #s(mutant #f utils.rkt 1007) {constant-swap} => miss
[info] mutation-analysis: #s(mutant #f utils.rkt 1007) {constant-swap} => miss
mutation-analysis: #s(mutant #f utils.rkt 1008) {constant-swap} => miss
[info] mutation-analysis: #s(mutant #f utils.rkt 1008) {constant-swap} => miss
mutation-analysis: #s(mutant #f utils.rkt 1009) {constant-swap} => miss
[info] mutation-analysis: #s(mutant #f utils.rkt 1009) {constant-swap} => miss
mutation-analysis: #s(mutant #f utils.rkt 1011) {constant-swap} => miss
mutation-analysis: #s(mutant #f utils.rkt 1010) {constant-swap} => miss
[info] mutation-analysis: #s(mutant #f utils.rkt 1011) {constant-swap} => miss
[info] mutation-analysis: #s(mutant #f utils.rkt 1010) {constant-swap} => miss
mutation-analysis: #s(mutant #f utils.rkt 1014) {constant-swap} => miss
mutation-analysis: #s(mutant #f utils.rkt 1013) {constant-swap} => miss
mutation-analysis: #s(mutant #f utils.rkt 1012) {constant-swap} => miss
[info] mutation-analysis: #s(mutant #f utils.rkt 1014) {constant-swap} => miss
[info] mutation-analysis: #s(mutant #f utils.rkt 1013) {constant-swap} => miss
[info] mutation-analysis: #s(mutant #f utils.rkt 1012) {constant-swap} => miss
mutation-analysis: #s(mutant #f utils.rkt 1015) {constant-swap} => miss
[info] mutation-analysis: #s(mutant #f utils.rkt 1015) {constant-swap} => miss
mutation-analysis: #s(mutant #f utils.rkt 1016) {constant-swap} => miss
[info] mutation-analysis: #s(mutant #f utils.rkt 1016) {constant-swap} => miss
mutation-analysis: #s(mutant #f utils.rkt 1017) {constant-swap} => miss
[info] mutation-analysis: #s(mutant #f utils.rkt 1017) {constant-swap} => miss
mutation-analysis: #s(mutant #f utils.rkt 1019) {constant-swap} => miss
mutation-analysis: #s(mutant #f utils.rkt 1018) {constant-swap} => miss
[info] mutation-analysis: #s(mutant #f utils.rkt 1019) {constant-swap} => miss
[info] mutation-analysis: #s(mutant #f utils.rkt 1018) {constant-swap} => miss
mutation-analysis: #s(mutant #f utils.rkt 1022) {constant-swap} => miss
mutation-analysis: #s(mutant #f utils.rkt 1021) {constant-swap} => miss
mutation-analysis: #s(mutant #f utils.rkt 1020) {constant-swap} => miss
[info] mutation-analysis: #s(mutant #f utils.rkt 1022) {constant-swap} => miss
[info] mutation-analysis: #s(mutant #f utils.rkt 1021) {constant-swap} => miss
[info] mutation-analysis: #s(mutant #f utils.rkt 1020) {constant-swap} => miss
mutation-analysis: #s(mutant #f utils.rkt 1023) {constant-swap} => miss
[info] mutation-analysis: #s(mutant #f utils.rkt 1023) {constant-swap} => miss
mutation-analysis: #s(mutant #f utils.rkt 1024) {constant-swap} => miss
[info] mutation-analysis: #s(mutant #f utils.rkt 1024) {constant-swap} => miss
mutation-analysis: #s(mutant #f utils.rkt 1025) {constant-swap} => miss
[info] mutation-analysis: #s(mutant #f utils.rkt 1025) {constant-swap} => miss
mutation-analysis: #s(mutant #f utils.rkt 1027) {constant-swap} => miss
mutation-analysis: #s(mutant #f utils.rkt 1026) {constant-swap} => miss
[info] mutation-analysis: #s(mutant #f utils.rkt 1027) {constant-swap} => miss
[info] mutation-analysis: #s(mutant #f utils.rkt 1026) {constant-swap} => miss
mutation-analysis: #s(mutant #f utils.rkt 1030) {constant-swap} => miss
mutation-analysis: #s(mutant #f utils.rkt 1029) {constant-swap} => miss
mutation-analysis: #s(mutant #f utils.rkt 1028) {constant-swap} => miss
[info] mutation-analysis: #s(mutant #f utils.rkt 1030) {constant-swap} => miss
[info] mutation-analysis: #s(mutant #f utils.rkt 1029) {constant-swap} => miss
[info] mutation-analysis: #s(mutant #f utils.rkt 1028) {constant-swap} => miss
mutation-analysis: #s(mutant #f utils.rkt 1031) {constant-swap} => miss
[info] mutation-analysis: #s(mutant #f utils.rkt 1031) {constant-swap} => miss
mutation-analysis: #s(mutant #f utils.rkt 1032) {constant-swap} => miss
[info] mutation-analysis: #s(mutant #f utils.rkt 1032) {constant-swap} => miss
mutation-analysis: #s(mutant #f utils.rkt 1033) {constant-swap} => miss
[info] mutation-analysis: #s(mutant #f utils.rkt 1033) {constant-swap} => miss
mutation-analysis: #s(mutant #f utils.rkt 1035) {constant-swap} => miss
mutation-analysis: #s(mutant #f utils.rkt 1034) {constant-swap} => miss
[info] mutation-analysis: #s(mutant #f utils.rkt 1035) {constant-swap} => miss
[info] mutation-analysis: #s(mutant #f utils.rkt 1034) {constant-swap} => miss
mutation-analysis: #s(mutant #f utils.rkt 1038) {constant-swap} => miss
mutation-analysis: #s(mutant #f utils.rkt 1037) {constant-swap} => miss
mutation-analysis: #s(mutant #f utils.rkt 1036) {constant-swap} => miss
[info] mutation-analysis: #s(mutant #f utils.rkt 1038) {constant-swap} => miss
[info] mutation-analysis: #s(mutant #f utils.rkt 1037) {constant-swap} => miss
[info] mutation-analysis: #s(mutant #f utils.rkt 1036) {constant-swap} => miss
mutation-analysis: #s(mutant #f utils.rkt 1039) {constant-swap} => miss
[info] mutation-analysis: #s(mutant #f utils.rkt 1039) {constant-swap} => miss
mutation-analysis: #s(mutant #f utils.rkt 1040) {constant-swap} => miss
[info] mutation-analysis: #s(mutant #f utils.rkt 1040) {constant-swap} => miss
mutation-analysis: #s(mutant #f utils.rkt 1041) {constant-swap} => miss
[info] mutation-analysis: #s(mutant #f utils.rkt 1041) {constant-swap} => miss
mutation-analysis: #s(mutant #f utils.rkt 1043) {constant-swap} => miss
mutation-analysis: #s(mutant #f utils.rkt 1042) {constant-swap} => miss
[info] mutation-analysis: #s(mutant #f utils.rkt 1043) {constant-swap} => miss
[info] mutation-analysis: #s(mutant #f utils.rkt 1042) {constant-swap} => miss
mutation-analysis: #s(mutant #f utils.rkt 1046) {constant-swap} => miss
mutation-analysis: #s(mutant #f utils.rkt 1045) {constant-swap} => miss
mutation-analysis: #s(mutant #f utils.rkt 1044) {constant-swap} => miss
[info] mutation-analysis: #s(mutant #f utils.rkt 1046) {constant-swap} => miss
[info] mutation-analysis: #s(mutant #f utils.rkt 1045) {constant-swap} => miss
[info] mutation-analysis: #s(mutant #f utils.rkt 1044) {constant-swap} => miss
mutation-analysis: #s(mutant #f utils.rkt 1047) {constant-swap} => miss
[info] mutation-analysis: #s(mutant #f utils.rkt 1047) {constant-swap} => miss
mutation-analysis: #s(mutant #f utils.rkt 1048) {constant-swap} => miss
[info] mutation-analysis: #s(mutant #f utils.rkt 1048) {constant-swap} => miss
mutation-analysis: #s(mutant #f utils.rkt 1049) {constant-swap} => miss
[info] mutation-analysis: #s(mutant #f utils.rkt 1049) {constant-swap} => miss
mutation-analysis: #s(mutant #f utils.rkt 1051) {constant-swap} => miss
mutation-analysis: #s(mutant #f utils.rkt 1050) {constant-swap} => miss
[info] mutation-analysis: #s(mutant #f utils.rkt 1051) {constant-swap} => miss
[info] mutation-analysis: #s(mutant #f utils.rkt 1050) {constant-swap} => miss
mutation-analysis: #s(mutant #f utils.rkt 1054) {constant-swap} => miss
mutation-analysis: #s(mutant #f utils.rkt 1053) {constant-swap} => miss
mutation-analysis: #s(mutant #f utils.rkt 1052) {constant-swap} => miss
[info] mutation-analysis: #s(mutant #f utils.rkt 1054) {constant-swap} => miss
[info] mutation-analysis: #s(mutant #f utils.rkt 1053) {constant-swap} => miss
[info] mutation-analysis: #s(mutant #f utils.rkt 1052) {constant-swap} => miss
mutation-analysis: #s(mutant #f utils.rkt 1055) {constant-swap} => miss
[info] mutation-analysis: #s(mutant #f utils.rkt 1055) {constant-swap} => miss
mutation-analysis: #s(mutant #f utils.rkt 1056) {constant-swap} => miss
[info] mutation-analysis: #s(mutant #f utils.rkt 1056) {constant-swap} => miss
mutation-analysis: #s(mutant #f utils.rkt 1057) {constant-swap} => miss
[info] mutation-analysis: #s(mutant #f utils.rkt 1057) {constant-swap} => miss
mutation-analysis: #s(mutant #f utils.rkt 1059) {constant-swap} => miss
mutation-analysis: #s(mutant #f utils.rkt 1058) {constant-swap} => miss
[info] mutation-analysis: #s(mutant #f utils.rkt 1059) {constant-swap} => miss
[info] mutation-analysis: #s(mutant #f utils.rkt 1058) {constant-swap} => miss
mutation-analysis: #s(mutant #f utils.rkt 1062) {constant-swap} => miss
mutation-analysis: #s(mutant #f utils.rkt 1061) {constant-swap} => miss
mutation-analysis: #s(mutant #f utils.rkt 1060) {constant-swap} => miss
[info] mutation-analysis: #s(mutant #f utils.rkt 1062) {constant-swap} => miss
[info] mutation-analysis: #s(mutant #f utils.rkt 1061) {constant-swap} => miss
[info] mutation-analysis: #s(mutant #f utils.rkt 1060) {constant-swap} => miss
mutation-analysis: #s(mutant #f utils.rkt 1063) {constant-swap} => miss
[info] mutation-analysis: #s(mutant #f utils.rkt 1063) {constant-swap} => miss
mutation-analysis: #s(mutant #f utils.rkt 1064) {constant-swap} => miss
[info] mutation-analysis: #s(mutant #f utils.rkt 1064) {constant-swap} => miss
mutation-analysis: #s(mutant #f utils.rkt 1065) {constant-swap} => miss
[info] mutation-analysis: #s(mutant #f utils.rkt 1065) {constant-swap} => miss
mutation-analysis: #s(mutant #f utils.rkt 1067) {constant-swap} => miss
mutation-analysis: #s(mutant #f utils.rkt 1066) {constant-swap} => miss
[info] mutation-analysis: #s(mutant #f utils.rkt 1067) {constant-swap} => miss
[info] mutation-analysis: #s(mutant #f utils.rkt 1066) {constant-swap} => miss
mutation-analysis: #s(mutant #f utils.rkt 1070) {constant-swap} => miss
mutation-analysis: #s(mutant #f utils.rkt 1069) {constant-swap} => miss
mutation-analysis: #s(mutant #f utils.rkt 1068) {constant-swap} => miss
[info] mutation-analysis: #s(mutant #f utils.rkt 1070) {constant-swap} => miss
[info] mutation-analysis: #s(mutant #f utils.rkt 1069) {constant-swap} => miss
[info] mutation-analysis: #s(mutant #f utils.rkt 1068) {constant-swap} => miss
mutation-analysis: #s(mutant #f utils.rkt 1071) {constant-swap} => miss
[info] mutation-analysis: #s(mutant #f utils.rkt 1071) {constant-swap} => miss
mutation-analysis: #s(mutant #f utils.rkt 1072) {constant-swap} => miss
[info] mutation-analysis: #s(mutant #f utils.rkt 1072) {constant-swap} => miss
mutation-analysis: #s(mutant #f utils.rkt 1073) {constant-swap} => miss
[info] mutation-analysis: #s(mutant #f utils.rkt 1073) {constant-swap} => miss
mutation-analysis: #s(mutant #f utils.rkt 1075) {constant-swap} => miss
mutation-analysis: #s(mutant #f utils.rkt 1074) {constant-swap} => miss
[info] mutation-analysis: #s(mutant #f utils.rkt 1075) {constant-swap} => miss
[info] mutation-analysis: #s(mutant #f utils.rkt 1074) {constant-swap} => miss
mutation-analysis: #s(mutant #f utils.rkt 1078) {constant-swap} => miss
mutation-analysis: #s(mutant #f utils.rkt 1077) {constant-swap} => miss
mutation-analysis: #s(mutant #f utils.rkt 1076) {constant-swap} => miss
[info] mutation-analysis: #s(mutant #f utils.rkt 1078) {constant-swap} => miss
[info] mutation-analysis: #s(mutant #f utils.rkt 1077) {constant-swap} => miss
[info] mutation-analysis: #s(mutant #f utils.rkt 1076) {constant-swap} => miss
mutation-analysis: #s(mutant #f utils.rkt 1079) {constant-swap} => miss
[info] mutation-analysis: #s(mutant #f utils.rkt 1079) {constant-swap} => miss
mutation-analysis: #s(mutant #f utils.rkt 1080) {constant-swap} => miss
[info] mutation-analysis: #s(mutant #f utils.rkt 1080) {constant-swap} => miss
mutation-analysis: #s(mutant #f utils.rkt 1081) {constant-swap} => miss
[info] mutation-analysis: #s(mutant #f utils.rkt 1081) {constant-swap} => miss
mutation-analysis: #s(mutant #f utils.rkt 1083) {constant-swap} => miss
mutation-analysis: #s(mutant #f utils.rkt 1082) {constant-swap} => miss
[info] mutation-analysis: #s(mutant #f utils.rkt 1083) {constant-swap} => miss
[info] mutation-analysis: #s(mutant #f utils.rkt 1082) {constant-swap} => miss
mutation-analysis: #s(mutant #f utils.rkt 1086) {constant-swap} => miss
mutation-analysis: #s(mutant #f utils.rkt 1085) {constant-swap} => miss
mutation-analysis: #s(mutant #f utils.rkt 1084) {constant-swap} => miss
[info] mutation-analysis: #s(mutant #f utils.rkt 1086) {constant-swap} => miss
[info] mutation-analysis: #s(mutant #f utils.rkt 1085) {constant-swap} => miss
[info] mutation-analysis: #s(mutant #f utils.rkt 1084) {constant-swap} => miss
mutation-analysis: #s(mutant #f utils.rkt 1087) {constant-swap} => miss
[info] mutation-analysis: #s(mutant #f utils.rkt 1087) {constant-swap} => miss
mutation-analysis: #s(mutant #f utils.rkt 1088) {constant-swap} => miss
[info] mutation-analysis: #s(mutant #f utils.rkt 1088) {constant-swap} => miss
mutation-analysis: #s(mutant #f utils.rkt 1089) {constant-swap} => miss
[info] mutation-analysis: #s(mutant #f utils.rkt 1089) {constant-swap} => miss
mutation-analysis: #s(mutant #f utils.rkt 1091) {constant-swap} => miss
mutation-analysis: #s(mutant #f utils.rkt 1090) {constant-swap} => miss
[info] mutation-analysis: #s(mutant #f utils.rkt 1091) {constant-swap} => miss
[info] mutation-analysis: #s(mutant #f utils.rkt 1090) {constant-swap} => miss
mutation-analysis: #s(mutant #f utils.rkt 1094) {constant-swap} => miss
mutation-analysis: #s(mutant #f utils.rkt 1093) {constant-swap} => miss
mutation-analysis: #s(mutant #f utils.rkt 1092) {constant-swap} => miss
[info] mutation-analysis: #s(mutant #f utils.rkt 1094) {constant-swap} => miss
[info] mutation-analysis: #s(mutant #f utils.rkt 1093) {constant-swap} => miss
[info] mutation-analysis: #s(mutant #f utils.rkt 1092) {constant-swap} => miss
mutation-analysis: #s(mutant #f utils.rkt 1095) {constant-swap} => miss
[info] mutation-analysis: #s(mutant #f utils.rkt 1095) {constant-swap} => miss
mutation-analysis: #s(mutant #f utils.rkt 1096) {constant-swap} => miss
[info] mutation-analysis: #s(mutant #f utils.rkt 1096) {constant-swap} => miss
mutation-analysis: #s(mutant #f utils.rkt 1097) {constant-swap} => miss
[info] mutation-analysis: #s(mutant #f utils.rkt 1097) {constant-swap} => miss
mutation-analysis: #s(mutant #f utils.rkt 1099) {constant-swap} => miss
mutation-analysis: #s(mutant #f utils.rkt 1098) {constant-swap} => miss
[info] mutation-analysis: #s(mutant #f utils.rkt 1099) {constant-swap} => miss
[info] mutation-analysis: #s(mutant #f utils.rkt 1098) {constant-swap} => miss
mutation-analysis: #s(mutant #f utils.rkt 1102) {constant-swap} => miss
mutation-analysis: #s(mutant #f utils.rkt 1101) {constant-swap} => miss
mutation-analysis: #s(mutant #f utils.rkt 1100) {constant-swap} => miss
[info] mutation-analysis: #s(mutant #f utils.rkt 1102) {constant-swap} => miss
[info] mutation-analysis: #s(mutant #f utils.rkt 1101) {constant-swap} => miss
[info] mutation-analysis: #s(mutant #f utils.rkt 1100) {constant-swap} => miss
mutation-analysis: #s(mutant #f utils.rkt 1103) {constant-swap} => miss
[info] mutation-analysis: #s(mutant #f utils.rkt 1103) {constant-swap} => miss
mutation-analysis: #s(mutant #f utils.rkt 1104) {constant-swap} => miss
[info] mutation-analysis: #s(mutant #f utils.rkt 1104) {constant-swap} => miss
mutation-analysis: #s(mutant #f utils.rkt 1105) {constant-swap} => miss
[info] mutation-analysis: #s(mutant #f utils.rkt 1105) {constant-swap} => miss
mutation-analysis: #s(mutant #f utils.rkt 1107) {constant-swap} => miss
mutation-analysis: #s(mutant #f utils.rkt 1106) {constant-swap} => miss
[info] mutation-analysis: #s(mutant #f utils.rkt 1107) {constant-swap} => miss
[info] mutation-analysis: #s(mutant #f utils.rkt 1106) {constant-swap} => miss
mutation-analysis: #s(mutant #f utils.rkt 1110) {constant-swap} => miss
mutation-analysis: #s(mutant #f utils.rkt 1109) {constant-swap} => miss
mutation-analysis: #s(mutant #f utils.rkt 1108) {constant-swap} => miss
[info] mutation-analysis: #s(mutant #f utils.rkt 1110) {constant-swap} => miss
[info] mutation-analysis: #s(mutant #f utils.rkt 1109) {constant-swap} => miss
[info] mutation-analysis: #s(mutant #f utils.rkt 1108) {constant-swap} => miss
mutation-analysis: #s(mutant #f utils.rkt 1111) {constant-swap} => miss
[info] mutation-analysis: #s(mutant #f utils.rkt 1111) {constant-swap} => miss
mutation-analysis: #s(mutant #f utils.rkt 1112) {constant-swap} => miss
[info] mutation-analysis: #s(mutant #f utils.rkt 1112) {constant-swap} => miss
mutation-analysis: #s(mutant #f utils.rkt 1113) {constant-swap} => miss
[info] mutation-analysis: #s(mutant #f utils.rkt 1113) {constant-swap} => miss
mutation-analysis: #s(mutant #f utils.rkt 1115) {constant-swap} => miss
mutation-analysis: #s(mutant #f utils.rkt 1114) {constant-swap} => miss
[info] mutation-analysis: #s(mutant #f utils.rkt 1115) {constant-swap} => miss
[info] mutation-analysis: #s(mutant #f utils.rkt 1114) {constant-swap} => miss
mutation-analysis: #s(mutant #f utils.rkt 1118) {constant-swap} => miss
mutation-analysis: #s(mutant #f utils.rkt 1117) {constant-swap} => miss
mutation-analysis: #s(mutant #f utils.rkt 1116) {constant-swap} => miss
[info] mutation-analysis: #s(mutant #f utils.rkt 1118) {constant-swap} => miss
[info] mutation-analysis: #s(mutant #f utils.rkt 1117) {constant-swap} => miss
[info] mutation-analysis: #s(mutant #f utils.rkt 1116) {constant-swap} => miss
mutation-analysis: #s(mutant #f utils.rkt 1119) {constant-swap} => miss
[info] mutation-analysis: #s(mutant #f utils.rkt 1119) {constant-swap} => miss
mutation-analysis: #s(mutant #f utils.rkt 1120) {constant-swap} => miss
[info] mutation-analysis: #s(mutant #f utils.rkt 1120) {constant-swap} => miss
mutation-analysis: #s(mutant #f utils.rkt 1121) {constant-swap} => miss
[info] mutation-analysis: #s(mutant #f utils.rkt 1121) {constant-swap} => miss
mutation-analysis: #s(mutant #f utils.rkt 1123) {constant-swap} => miss
mutation-analysis: #s(mutant #f utils.rkt 1122) {constant-swap} => miss
[info] mutation-analysis: #s(mutant #f utils.rkt 1123) {constant-swap} => miss
[info] mutation-analysis: #s(mutant #f utils.rkt 1122) {constant-swap} => miss
mutation-analysis: #s(mutant #f utils.rkt 1126) {constant-swap} => miss
mutation-analysis: #s(mutant #f utils.rkt 1125) {constant-swap} => miss
mutation-analysis: #s(mutant #f utils.rkt 1124) {constant-swap} => miss
[info] mutation-analysis: #s(mutant #f utils.rkt 1126) {constant-swap} => miss
[info] mutation-analysis: #s(mutant #f utils.rkt 1125) {constant-swap} => miss
[info] mutation-analysis: #s(mutant #f utils.rkt 1124) {constant-swap} => miss
mutation-analysis: #s(mutant #f utils.rkt 1127) {constant-swap} => miss
[info] mutation-analysis: #s(mutant #f utils.rkt 1127) {constant-swap} => miss
mutation-analysis: #s(mutant #f utils.rkt 1128) {constant-swap} => miss
[info] mutation-analysis: #s(mutant #f utils.rkt 1128) {constant-swap} => miss
mutation-analysis: #s(mutant #f utils.rkt 1129) {constant-swap} => miss
[info] mutation-analysis: #s(mutant #f utils.rkt 1129) {constant-swap} => miss
mutation-analysis: #s(mutant #f utils.rkt 1131) {constant-swap} => miss
mutation-analysis: #s(mutant #f utils.rkt 1130) {constant-swap} => miss
[info] mutation-analysis: #s(mutant #f utils.rkt 1131) {constant-swap} => miss
[info] mutation-analysis: #s(mutant #f utils.rkt 1130) {constant-swap} => miss
mutation-analysis: #s(mutant #f utils.rkt 1134) {constant-swap} => miss
mutation-analysis: #s(mutant #f utils.rkt 1133) {constant-swap} => miss
mutation-analysis: #s(mutant #f utils.rkt 1132) {constant-swap} => miss
[info] mutation-analysis: #s(mutant #f utils.rkt 1134) {constant-swap} => miss
[info] mutation-analysis: #s(mutant #f utils.rkt 1133) {constant-swap} => miss
[info] mutation-analysis: #s(mutant #f utils.rkt 1132) {constant-swap} => miss
mutation-analysis: #s(mutant #f utils.rkt 1135) {constant-swap} => miss
[info] mutation-analysis: #s(mutant #f utils.rkt 1135) {constant-swap} => miss
mutation-analysis: #s(mutant #f utils.rkt 1136) {constant-swap} => miss
[info] mutation-analysis: #s(mutant #f utils.rkt 1136) {constant-swap} => miss
mutation-analysis: #s(mutant #f utils.rkt 1137) {constant-swap} => miss
[info] mutation-analysis: #s(mutant #f utils.rkt 1137) {constant-swap} => miss
mutation-analysis: #s(mutant #f utils.rkt 1139) {constant-swap} => miss
mutation-analysis: #s(mutant #f utils.rkt 1138) {constant-swap} => miss
[info] mutation-analysis: #s(mutant #f utils.rkt 1139) {constant-swap} => miss
[info] mutation-analysis: #s(mutant #f utils.rkt 1138) {constant-swap} => miss
mutation-analysis: #s(mutant #f utils.rkt 1142) {constant-swap} => miss
mutation-analysis: #s(mutant #f utils.rkt 1141) {constant-swap} => miss
mutation-analysis: #s(mutant #f utils.rkt 1140) {constant-swap} => miss
[info] mutation-analysis: #s(mutant #f utils.rkt 1142) {constant-swap} => miss
[info] mutation-analysis: #s(mutant #f utils.rkt 1141) {constant-swap} => miss
[info] mutation-analysis: #s(mutant #f utils.rkt 1140) {constant-swap} => miss
mutation-analysis: #s(mutant #f utils.rkt 1143) {constant-swap} => miss
[info] mutation-analysis: #s(mutant #f utils.rkt 1143) {constant-swap} => miss
mutation-analysis: #s(mutant #f utils.rkt 1144) {constant-swap} => miss
[info] mutation-analysis: #s(mutant #f utils.rkt 1144) {constant-swap} => miss
mutation-analysis: #s(mutant #f utils.rkt 1145) {constant-swap} => miss
[info] mutation-analysis: #s(mutant #f utils.rkt 1145) {constant-swap} => miss
mutation-analysis: #s(mutant #f utils.rkt 1147) {constant-swap} => miss
mutation-analysis: #s(mutant #f utils.rkt 1146) {constant-swap} => miss
[info] mutation-analysis: #s(mutant #f utils.rkt 1147) {constant-swap} => miss
[info] mutation-analysis: #s(mutant #f utils.rkt 1146) {constant-swap} => miss
mutation-analysis: #s(mutant #f utils.rkt 1150) {constant-swap} => miss
mutation-analysis: #s(mutant #f utils.rkt 1149) {constant-swap} => miss
mutation-analysis: #s(mutant #f utils.rkt 1148) {constant-swap} => miss
[info] mutation-analysis: #s(mutant #f utils.rkt 1150) {constant-swap} => miss
[info] mutation-analysis: #s(mutant #f utils.rkt 1149) {constant-swap} => miss
[info] mutation-analysis: #s(mutant #f utils.rkt 1148) {constant-swap} => miss
mutation-analysis: #s(mutant #f utils.rkt 1151) {constant-swap} => miss
[info] mutation-analysis: #s(mutant #f utils.rkt 1151) {constant-swap} => miss
mutation-analysis: #s(mutant #f utils.rkt 1152) {constant-swap} => miss
[info] mutation-analysis: #s(mutant #f utils.rkt 1152) {constant-swap} => miss
mutation-analysis: #s(mutant #f utils.rkt 1153) {constant-swap} => miss
[info] mutation-analysis: #s(mutant #f utils.rkt 1153) {constant-swap} => miss
mutation-analysis: #s(mutant #f utils.rkt 1155) {constant-swap} => miss
mutation-analysis: #s(mutant #f utils.rkt 1154) {constant-swap} => miss
[info] mutation-analysis: #s(mutant #f utils.rkt 1155) {constant-swap} => miss
[info] mutation-analysis: #s(mutant #f utils.rkt 1154) {constant-swap} => miss
mutation-analysis: #s(mutant #f utils.rkt 1158) {constant-swap} => miss
mutation-analysis: #s(mutant #f utils.rkt 1157) {constant-swap} => miss
mutation-analysis: #s(mutant #f utils.rkt 1156) {constant-swap} => miss
[info] mutation-analysis: #s(mutant #f utils.rkt 1158) {constant-swap} => miss
[info] mutation-analysis: #s(mutant #f utils.rkt 1157) {constant-swap} => miss
[info] mutation-analysis: #s(mutant #f utils.rkt 1156) {constant-swap} => miss
mutation-analysis: #s(mutant #f utils.rkt 1159) {constant-swap} => miss
[info] mutation-analysis: #s(mutant #f utils.rkt 1159) {constant-swap} => miss
mutation-analysis: #s(mutant #f utils.rkt 1160) {constant-swap} => miss
[info] mutation-analysis: #s(mutant #f utils.rkt 1160) {constant-swap} => miss
mutation-analysis: #s(mutant #f utils.rkt 1161) {constant-swap} => miss
[info] mutation-analysis: #s(mutant #f utils.rkt 1161) {constant-swap} => miss
mutation-analysis: #s(mutant #f utils.rkt 1163) {constant-swap} => miss
mutation-analysis: #s(mutant #f utils.rkt 1162) {constant-swap} => miss
[info] mutation-analysis: #s(mutant #f utils.rkt 1163) {constant-swap} => miss
[info] mutation-analysis: #s(mutant #f utils.rkt 1162) {constant-swap} => miss
mutation-analysis: #s(mutant #f utils.rkt 1166) {constant-swap} => miss
mutation-analysis: #s(mutant #f utils.rkt 1165) {constant-swap} => miss
mutation-analysis: #s(mutant #f utils.rkt 1164) {constant-swap} => miss
[info] mutation-analysis: #s(mutant #f utils.rkt 1166) {constant-swap} => miss
[info] mutation-analysis: #s(mutant #f utils.rkt 1165) {constant-swap} => miss
[info] mutation-analysis: #s(mutant #f utils.rkt 1164) {constant-swap} => miss
mutation-analysis: #s(mutant #f utils.rkt 1167) {constant-swap} => miss
[info] mutation-analysis: #s(mutant #f utils.rkt 1167) {constant-swap} => miss
mutation-analysis: #s(mutant #f utils.rkt 1168) {constant-swap} => miss
[info] mutation-analysis: #s(mutant #f utils.rkt 1168) {constant-swap} => miss
mutation-analysis: #s(mutant #f utils.rkt 1169) {constant-swap} => miss
[info] mutation-analysis: #s(mutant #f utils.rkt 1169) {constant-swap} => miss
mutation-analysis: #s(mutant #f utils.rkt 1171) {constant-swap} => miss
mutation-analysis: #s(mutant #f utils.rkt 1170) {constant-swap} => miss
[info] mutation-analysis: #s(mutant #f utils.rkt 1171) {constant-swap} => miss
[info] mutation-analysis: #s(mutant #f utils.rkt 1170) {constant-swap} => miss
mutation-analysis: #s(mutant #f utils.rkt 1174) {constant-swap} => miss
[info] mutation-analysis: #s(mutant #f utils.rkt 1174) {constant-swap} => miss
mutation-analysis: #s(mutant #f utils.rkt 1173) {constant-swap} => miss
mutation-analysis: #s(mutant #f utils.rkt 1172) {constant-swap} => miss
[info] mutation-analysis: #s(mutant #f utils.rkt 1173) {constant-swap} => miss
[info] mutation-analysis: #s(mutant #f utils.rkt 1172) {constant-swap} => miss
mutation-analysis: #s(mutant #f utils.rkt 1176) {constant-swap} => miss
mutation-analysis: #s(mutant #f utils.rkt 1175) {constant-swap} => miss
[info] mutation-analysis: #s(mutant #f utils.rkt 1176) {constant-swap} => miss
[info] mutation-analysis: #s(mutant #f utils.rkt 1175) {constant-swap} => miss
mutation-analysis: #s(mutant #f utils.rkt 1177) {constant-swap} => miss
[info] mutation-analysis: #s(mutant #f utils.rkt 1177) {constant-swap} => miss
mutation-analysis: #s(mutant #f utils.rkt 1179) {constant-swap} => miss
mutation-analysis: #s(mutant #f utils.rkt 1178) {constant-swap} => miss
[info] mutation-analysis: #s(mutant #f utils.rkt 1179) {constant-swap} => miss
[info] mutation-analysis: #s(mutant #f utils.rkt 1178) {constant-swap} => miss
mutation-analysis: #s(mutant #f utils.rkt 1180) {constant-swap} => miss
[info] mutation-analysis: #s(mutant #f utils.rkt 1180) {constant-swap} => miss
mutation-analysis: #s(mutant #f utils.rkt 1182) {constant-swap} => miss
mutation-analysis: #s(mutant #f utils.rkt 1181) {constant-swap} => miss
[info] mutation-analysis: #s(mutant #f utils.rkt 1182) {constant-swap} => miss
[info] mutation-analysis: #s(mutant #f utils.rkt 1181) {constant-swap} => miss
mutation-analysis: #s(mutant #f utils.rkt 1184) {constant-swap} => miss
mutation-analysis: #s(mutant #f utils.rkt 1183) {constant-swap} => miss
[info] mutation-analysis: #s(mutant #f utils.rkt 1184) {constant-swap} => miss
[info] mutation-analysis: #s(mutant #f utils.rkt 1183) {constant-swap} => miss
mutation-analysis: #s(mutant #f utils.rkt 1185) {constant-swap} => miss
[info] mutation-analysis: #s(mutant #f utils.rkt 1185) {constant-swap} => miss
mutation-analysis: #s(mutant #f utils.rkt 1187) {constant-swap} => miss
mutation-analysis: #s(mutant #f utils.rkt 1186) {constant-swap} => miss
[info] mutation-analysis: #s(mutant #f utils.rkt 1187) {constant-swap} => miss
[info] mutation-analysis: #s(mutant #f utils.rkt 1186) {constant-swap} => miss
mutation-analysis: #s(mutant #f utils.rkt 1188) {constant-swap} => miss
[info] mutation-analysis: #s(mutant #f utils.rkt 1188) {constant-swap} => miss
mutation-analysis: #s(mutant #f utils.rkt 1190) {constant-swap} => miss
mutation-analysis: #s(mutant #f utils.rkt 1189) {constant-swap} => miss
[info] mutation-analysis: #s(mutant #f utils.rkt 1190) {constant-swap} => miss
[info] mutation-analysis: #s(mutant #f utils.rkt 1189) {constant-swap} => miss
mutation-analysis: #s(mutant #f utils.rkt 1192) {constant-swap} => miss
mutation-analysis: #s(mutant #f utils.rkt 1191) {constant-swap} => miss
[info] mutation-analysis: #s(mutant #f utils.rkt 1192) {constant-swap} => miss
[info] mutation-analysis: #s(mutant #f utils.rkt 1191) {constant-swap} => miss
mutation-analysis: #s(mutant #f utils.rkt 1193) {constant-swap} => miss
[info] mutation-analysis: #s(mutant #f utils.rkt 1193) {constant-swap} => miss
mutation-analysis: #s(mutant #f utils.rkt 1195) {constant-swap} => miss
mutation-analysis: #s(mutant #f utils.rkt 1194) {constant-swap} => miss
[info] mutation-analysis: #s(mutant #f utils.rkt 1195) {constant-swap} => miss
[info] mutation-analysis: #s(mutant #f utils.rkt 1194) {constant-swap} => miss
mutation-analysis: #s(mutant #f utils.rkt 1196) {constant-swap} => miss
[info] mutation-analysis: #s(mutant #f utils.rkt 1196) {constant-swap} => miss
mutation-analysis: #s(mutant #f utils.rkt 1198) {constant-swap} => miss
mutation-analysis: #s(mutant #f utils.rkt 1197) {constant-swap} => miss
[info] mutation-analysis: #s(mutant #f utils.rkt 1198) {constant-swap} => miss
[info] mutation-analysis: #s(mutant #f utils.rkt 1197) {constant-swap} => miss
mutation-analysis: #s(mutant #f utils.rkt 1200) {constant-swap} => miss
mutation-analysis: #s(mutant #f utils.rkt 1199) {constant-swap} => miss
[info] mutation-analysis: #s(mutant #f utils.rkt 1200) {constant-swap} => miss
[info] mutation-analysis: #s(mutant #f utils.rkt 1199) {constant-swap} => miss
mutation-analysis: #s(mutant #f utils.rkt 1201) {constant-swap} => miss
[info] mutation-analysis: #s(mutant #f utils.rkt 1201) {constant-swap} => miss
mutation-analysis: #s(mutant #f utils.rkt 1204) {constant-swap} => miss
mutation-analysis: #s(mutant #f utils.rkt 1203) {constant-swap} => miss
mutation-analysis: #s(mutant #f utils.rkt 1202) {constant-swap} => miss
[info] mutation-analysis: #s(mutant #f utils.rkt 1204) {constant-swap} => miss
[info] mutation-analysis: #s(mutant #f utils.rkt 1203) {constant-swap} => miss
[info] mutation-analysis: #s(mutant #f utils.rkt 1202) {constant-swap} => miss
mutation-analysis: #s(mutant #f utils.rkt 1206) {constant-swap} => miss
mutation-analysis: #s(mutant #f utils.rkt 1205) {constant-swap} => miss
[info] mutation-analysis: #s(mutant #f utils.rkt 1206) {constant-swap} => miss
[info] mutation-analysis: #s(mutant #f utils.rkt 1205) {constant-swap} => miss
mutation-analysis: #s(mutant #f utils.rkt 1208) {constant-swap} => miss
mutation-analysis: #s(mutant #f utils.rkt 1207) {constant-swap} => miss
[info] mutation-analysis: #s(mutant #f utils.rkt 1208) {constant-swap} => miss
[info] mutation-analysis: #s(mutant #f utils.rkt 1207) {constant-swap} => miss
mutation-analysis: #s(mutant #f utils.rkt 1209) {constant-swap} => miss
[info] mutation-analysis: #s(mutant #f utils.rkt 1209) {constant-swap} => miss
mutation-analysis: #s(mutant #f utils.rkt 1210) {constant-swap} => miss
[info] mutation-analysis: #s(mutant #f utils.rkt 1210) {constant-swap} => miss
mutation-analysis: #s(mutant #f utils.rkt 1212) {constant-swap} => miss
mutation-analysis: #s(mutant #f utils.rkt 1211) {constant-swap} => miss
[info] mutation-analysis: #s(mutant #f utils.rkt 1212) {constant-swap} => miss
[info] mutation-analysis: #s(mutant #f utils.rkt 1211) {constant-swap} => miss
mutation-analysis: #s(mutant #f utils.rkt 1214) {constant-swap} => miss
mutation-analysis: #s(mutant #f utils.rkt 1213) {constant-swap} => miss
[info] mutation-analysis: #s(mutant #f utils.rkt 1214) {constant-swap} => miss
[info] mutation-analysis: #s(mutant #f utils.rkt 1213) {constant-swap} => miss
mutation-analysis: #s(mutant #f utils.rkt 1222) {begin-drop} => miss
[info] mutation-analysis: #s(mutant #f utils.rkt 1222) {begin-drop} => miss
mutation-analysis: #s(mutant #f utils.rkt 1215) {constant-swap} => miss
[info] mutation-analysis: #s(mutant #f utils.rkt 1215) {constant-swap} => miss
mutation-analysis: #s(mutant #f utils.rkt 1224) {begin-drop} => miss
mutation-analysis: #s(mutant #f utils.rkt 1216) {constant-swap} => miss
[info] mutation-analysis: #s(mutant #f utils.rkt 1224) {begin-drop} => miss
[info] mutation-analysis: #s(mutant #f utils.rkt 1216) {constant-swap} => miss
mutation-analysis: #s(mutant #f utils.rkt 1217) {constant-swap} => miss
[info] mutation-analysis: #s(mutant #f utils.rkt 1217) {constant-swap} => miss
mutation-analysis: #s(mutant #f utils.rkt 1218) {constant-swap} => miss
[info] mutation-analysis: #s(mutant #f utils.rkt 1218) {constant-swap} => miss
mutation-analysis: #s(mutant #f utils.rkt 1219) {constant-swap} => miss
[info] mutation-analysis: #s(mutant #f utils.rkt 1219) {constant-swap} => miss
mutation-analysis: #s(mutant #f utils.rkt 1220) {constant-swap} => miss
[info] mutation-analysis: #s(mutant #f utils.rkt 1220) {constant-swap} => miss
mutation-analysis: #s(mutant #f utils.rkt 1229) {begin-drop} => miss
[info] mutation-analysis: #s(mutant #f utils.rkt 1229) {begin-drop} => miss
mutation-analysis: #s(mutant #f utils.rkt 1221) {constant-swap} => miss
[info] mutation-analysis: #s(mutant #f utils.rkt 1221) {constant-swap} => miss
mutation-analysis: #s(mutant #f utils.rkt 1223) {position-swap} => miss
[info] mutation-analysis: #s(mutant #f utils.rkt 1223) {position-swap} => miss
mutation-analysis: #s(mutant #f utils.rkt 1227) {position-swap} => miss
mutation-analysis: #s(mutant #f utils.rkt 1226) {begin-drop} => miss
mutation-analysis: #s(mutant #f utils.rkt 1225) {begin-drop} => miss
[info] mutation-analysis: #s(mutant #f utils.rkt 1227) {position-swap} => miss
[info] mutation-analysis: #s(mutant #f utils.rkt 1226) {begin-drop} => miss
[info] mutation-analysis: #s(mutant #f utils.rkt 1225) {begin-drop} => miss
mutation-analysis: #s(mutant #f utils.rkt 1228) {position-swap} => miss
[info] mutation-analysis: #s(mutant #f utils.rkt 1228) {position-swap} => miss
mutation-analysis: #s(mutant #f utils.rkt 1230) {negate-conditional} => miss
[info] mutation-analysis: #s(mutant #f utils.rkt 1230) {negate-conditional} => miss
mutation-analysis: #s(mutant #f utils.rkt 1232) {constant-swap} => miss
mutation-analysis: #s(mutant #f utils.rkt 1231) {negate-conditional} => miss
[info] mutation-analysis: #s(mutant #f utils.rkt 1232) {constant-swap} => miss
[info] mutation-analysis: #s(mutant #f utils.rkt 1231) {negate-conditional} => miss
mutation-analysis: #s(mutant #f utils.rkt 1233) {constant-swap} => miss
[info] mutation-analysis: #s(mutant #f utils.rkt 1233) {constant-swap} => miss
mutation-analysis: #s(mutant #f utils.rkt 1241) {begin-drop} => miss
[info] mutation-analysis: #s(mutant #f utils.rkt 1241) {begin-drop} => miss
mutation-analysis: #s(mutant #f utils.rkt 1236) {constant-swap} => miss
mutation-analysis: #s(mutant #f utils.rkt 1235) {negate-conditional} => miss
mutation-analysis: #s(mutant #f utils.rkt 1234) {negate-conditional} => miss
[info] mutation-analysis: #s(mutant #f utils.rkt 1236) {constant-swap} => miss
[info] mutation-analysis: #s(mutant #f utils.rkt 1235) {negate-conditional} => miss
[info] mutation-analysis: #s(mutant #f utils.rkt 1234) {negate-conditional} => miss
mutation-analysis: #s(mutant #f utils.rkt 1237) {constant-swap} => miss
[info] mutation-analysis: #s(mutant #f utils.rkt 1237) {constant-swap} => miss
mutation-analysis: #s(mutant #f utils.rkt 1238) {negate-conditional} => miss
[info] mutation-analysis: #s(mutant #f utils.rkt 1238) {negate-conditional} => miss
mutation-analysis: #s(mutant #f utils.rkt 1246) {begin-drop} => miss
mutation-analysis: #s(mutant #f utils.rkt 1240) {constant-swap} => miss
mutation-analysis: #s(mutant #f utils.rkt 1239) {constant-swap} => miss
[info] mutation-analysis: #s(mutant #f utils.rkt 1246) {begin-drop} => miss
[info] mutation-analysis: #s(mutant #f utils.rkt 1240) {constant-swap} => miss
[info] mutation-analysis: #s(mutant #f utils.rkt 1239) {constant-swap} => miss
mutation-analysis: #s(mutant #f utils.rkt 1242) {position-swap} => miss
[info] mutation-analysis: #s(mutant #f utils.rkt 1242) {position-swap} => miss
mutation-analysis: #s(mutant #f utils.rkt 1245) {arithmetic-op-swap} => miss
mutation-analysis: #s(mutant #f utils.rkt 1244) {position-swap} => miss
mutation-analysis: #s(mutant #f utils.rkt 1243) {arithmetic-op-swap} => miss
[info] mutation-analysis: #s(mutant #f utils.rkt 1245) {arithmetic-op-swap} => miss
[info] mutation-analysis: #s(mutant #f utils.rkt 1244) {position-swap} => miss
[info] mutation-analysis: #s(mutant #f utils.rkt 1243) {arithmetic-op-swap} => miss
mutation-analysis: #s(mutant #f utils.rkt 1247) {position-swap} => miss
[info] mutation-analysis: #s(mutant #f utils.rkt 1247) {position-swap} => miss
mutation-analysis: #s(mutant #f utils.rkt 1250) {constant-swap} => miss
mutation-analysis: #s(mutant #f utils.rkt 1249) {constant-swap} => miss
mutation-analysis: #s(mutant #f utils.rkt 1248) {constant-swap} => miss
[info] mutation-analysis: #s(mutant #f utils.rkt 1250) {constant-swap} => miss
[info] mutation-analysis: #s(mutant #f utils.rkt 1249) {constant-swap} => miss
[info] mutation-analysis: #s(mutant #f utils.rkt 1248) {constant-swap} => miss
mutation-analysis: #s(mutant #f utils.rkt 1258) {begin-drop} => miss
[info] mutation-analysis: #s(mutant #f utils.rkt 1258) {begin-drop} => miss
mutation-analysis: #s(mutant #f utils.rkt 1251) {constant-swap} => miss
[info] mutation-analysis: #s(mutant #f utils.rkt 1251) {constant-swap} => miss
mutation-analysis: #s(mutant #f utils.rkt 1254) {constant-swap} => miss
mutation-analysis: #s(mutant #f utils.rkt 1253) {constant-swap} => miss
mutation-analysis: #s(mutant #f utils.rkt 1252) {constant-swap} => miss
[info] mutation-analysis: #s(mutant #f utils.rkt 1254) {constant-swap} => miss
[info] mutation-analysis: #s(mutant #f utils.rkt 1253) {constant-swap} => miss
[info] mutation-analysis: #s(mutant #f utils.rkt 1252) {constant-swap} => miss
mutation-analysis: #s(mutant #f utils.rkt 1255) {constant-swap} => miss
[info] mutation-analysis: #s(mutant #f utils.rkt 1255) {constant-swap} => miss
mutation-analysis: #s(mutant #f utils.rkt 1257) {constant-swap} => miss
mutation-analysis: #s(mutant #f utils.rkt 1256) {constant-swap} => miss
[info] mutation-analysis: #s(mutant #f utils.rkt 1257) {constant-swap} => miss
[info] mutation-analysis: #s(mutant #f utils.rkt 1256) {constant-swap} => miss
mutation-analysis: #s(mutant #f utils.rkt 1259) {position-swap} => miss
[info] mutation-analysis: #s(mutant #f utils.rkt 1259) {position-swap} => miss
mutation-analysis: #s(mutant #f utils.rkt 1260) {constant-swap} => miss
[info] mutation-analysis: #s(mutant #f utils.rkt 1260) {constant-swap} => miss
mutation-analysis: #s(mutant #f utils.rkt 1263) {constant-swap} => miss
mutation-analysis: #s(mutant #f utils.rkt 1262) {constant-swap} => miss
mutation-analysis: #s(mutant #f utils.rkt 1261) {constant-swap} => miss
[info] mutation-analysis: #s(mutant #f utils.rkt 1263) {constant-swap} => miss
[info] mutation-analysis: #s(mutant #f utils.rkt 1262) {constant-swap} => miss
[info] mutation-analysis: #s(mutant #f utils.rkt 1261) {constant-swap} => miss
mutation-analysis: #s(mutant #f utils.rkt 1271) {begin-drop} => miss
mutation-analysis: #s(mutant #f utils.rkt 1270) {begin-drop} => miss
[info] mutation-analysis: #s(mutant #f utils.rkt 1271) {begin-drop} => miss
[info] mutation-analysis: #s(mutant #f utils.rkt 1270) {begin-drop} => miss
mutation-analysis: #s(mutant #f utils.rkt 1264) {constant-swap} => miss
[info] mutation-analysis: #s(mutant #f utils.rkt 1264) {constant-swap} => miss
mutation-analysis: #s(mutant #f utils.rkt 1266) {constant-swap} => miss
mutation-analysis: #s(mutant #f utils.rkt 1265) {constant-swap} => miss
[info] mutation-analysis: #s(mutant #f utils.rkt 1266) {constant-swap} => miss
[info] mutation-analysis: #s(mutant #f utils.rkt 1265) {constant-swap} => miss
mutation-analysis: #s(mutant #f utils.rkt 1267) {constant-swap} => miss
[info] mutation-analysis: #s(mutant #f utils.rkt 1267) {constant-swap} => miss
mutation-analysis: #s(mutant #f utils.rkt 1268) {constant-swap} => miss
[info] mutation-analysis: #s(mutant #f utils.rkt 1268) {constant-swap} => miss
mutation-analysis: #s(mutant #f utils.rkt 1269) {constant-swap} => miss
[info] mutation-analysis: #s(mutant #f utils.rkt 1269) {constant-swap} => miss
mutation-analysis: Mutation analysis complete.
#hash((fail
       .
       #hash((arithmetic-op-swap . 27)
             (begin-drop . 62)
             (boolean-op-swap . 34)
             (comparison-op-swap . 16)
             (constant-swap . 1504)
             (negate-conditional . 57)
             (position-swap . 394)))
      (success
       .
       #hash((class:publicity . 4) (constant-swap . 19) (position-swap . 1)))
      (total . 2118))
mutation-analysis: Beginning one mutation analysis.
[info] mutation-analysis: Beginning one mutation analysis.
mutation-analysis: Configured mutatable modules: ("cell.rkt" "grid.rkt" "main.rkt" "message-queue.rkt" "utils.rkt")
[info] mutation-analysis: Configured mutatable modules: ("cell.rkt" "grid.rkt" "main.rkt" "message-queue.rkt" "utils.rkt")
mutation-analysis: Mutation analysis complete.
#hash((fail
       .
       #hash((arithmetic-op-swap . 27)
             (begin-drop . 62)
             (boolean-op-swap . 34)
             (comparison-op-swap . 16)
             (constant-swap . 1504)
             (negate-conditional . 57)
             (position-swap . 394)))
      (success
       .
       #hash((class:publicity . 4) (constant-swap . 19) (position-swap . 1)))
      (total . 2118))
