(("dungeon" "cell.rkt" 1) (runtime-error blamed) "constant-swap")
(("dungeon" "cell.rkt" 0) (runtime-error blamed) "constant-swap")
(("dungeon" "cell.rkt" 7) #f "constant-swap")
(("dungeon" "cell.rkt" 6) #f "constant-swap")
(("dungeon" "cell.rkt" 5) (runtime-error blamed) "class:publicity")
(("dungeon" "cell.rkt" 4) #f "constant-swap")
(("dungeon" "cell.rkt" 3) #f "constant-swap")
(("dungeon" "cell.rkt" 2) #f "position-swap")
(("dungeon" "cell.rkt" 15) #f "begin-drop")
(("dungeon" "cell.rkt" 13) #f "begin-drop")
(("dungeon" "cell.rkt" 9) (runtime-error blamed) "class:publicity")
(("dungeon" "cell.rkt" 8) (runtime-error blamed) "class:publicity")
(("dungeon" "cell.rkt" 14) (runtime-error blamed) "position-swap")
(("dungeon" "cell.rkt" 12) #f "constant-swap")
(("dungeon" "cell.rkt" 11) (runtime-error blamed) "class:publicity")
(("dungeon" "cell.rkt" 10) #f "constant-swap")
(("dungeon" "cell.rkt" 20) #f "position-swap")
(("dungeon" "cell.rkt" 17) (runtime-error blamed) "constant-swap")
(("dungeon" "cell.rkt" 16) #f "position-swap")
(("dungeon" "cell.rkt" 19) #f "negate-conditional")
(("dungeon" "cell.rkt" 18) (runtime-error blamed) "constant-swap")
(("dungeon" "cell.rkt" 23) (runtime-error blamed) "constant-swap")
(("dungeon" "cell.rkt" 22) #f "boolean-op-swap")
(("dungeon" "cell.rkt" 21) #f "position-swap")
(("dungeon" "cell.rkt" 26) (runtime-error blamed) "constant-swap")
(("dungeon" "cell.rkt" 25) (runtime-error blamed) "constant-swap")
(("dungeon" "cell.rkt" 24) (runtime-error blamed) "constant-swap")
(("dungeon" "cell.rkt" 28) (blamed) "constant-swap")
(("dungeon" "cell.rkt" 27) #f "constant-swap")
(("dungeon" "cell.rkt" 31) #f "boolean-op-swap")
(("dungeon" "cell.rkt" 30) (runtime-error blamed) "constant-swap")
(("dungeon" "cell.rkt" 29) (runtime-error blamed) "constant-swap")
(("dungeon" "cell.rkt" 34) #f "negate-conditional")
(("dungeon" "cell.rkt" 33) #f "constant-swap")
(("dungeon" "cell.rkt" 32) #f "negate-conditional")
(("dungeon" "cell.rkt" 40) #f "position-swap")
(("dungeon" "cell.rkt" 36) (runtime-error blamed) "constant-swap")
(("dungeon" "cell.rkt" 35) #f "constant-swap")
(("dungeon" "cell.rkt" 39) #f "negate-conditional")
(("dungeon" "cell.rkt" 38) #f "negate-conditional")
(("dungeon" "cell.rkt" 37) (runtime-error blamed) "constant-swap")
(("dungeon" "cell.rkt" 42) #f "boolean-op-swap")
(("dungeon" "cell.rkt" 41) #f "position-swap")
(("dungeon" "cell.rkt" 49) #f "position-swap")
(("dungeon" "cell.rkt" 43) (runtime-error blamed) "constant-swap")
(("dungeon" "cell.rkt" 45) (runtime-error blamed) "constant-swap")
(("dungeon" "cell.rkt" 44) (runtime-error blamed) "constant-swap")
(("dungeon" "cell.rkt" 48) #f "negate-conditional")
(("dungeon" "cell.rkt" 47) #f "negate-conditional")
(("dungeon" "cell.rkt" 46) (runtime-error blamed) "constant-swap")
(("dungeon" "cell.rkt" 50) #f "position-swap")
(("dungeon" "cell.rkt" 52) (runtime-error blamed) "constant-swap")
(("dungeon" "cell.rkt" 51) #f "boolean-op-swap")
(("dungeon" "grid.rkt" 0) #f "begin-drop")
(("dungeon" "cell.rkt" 53) (runtime-error blamed) "constant-swap")
(("dungeon" "grid.rkt" 3) #f "position-swap")
(("dungeon" "grid.rkt" 2) #f "position-swap")
(("dungeon" "grid.rkt" 1) #f "position-swap")
(("dungeon" "grid.rkt" 4) #f "constant-swap")
(("dungeon" "grid.rkt" 6) #f "constant-swap")
(("dungeon" "grid.rkt" 5) #f "constant-swap")
(("dungeon" "grid.rkt" 7) #f "position-swap")
(("dungeon" "grid.rkt" 8) #f "constant-swap")
(("dungeon" "grid.rkt" 11) #f "constant-swap")
(("dungeon" "grid.rkt" 10) #f "constant-swap")
(("dungeon" "grid.rkt" 9) #f "constant-swap")
(("dungeon" "grid.rkt" 12) #f "constant-swap")
(("dungeon" "grid.rkt" 13) #f "begin-drop")
(("dungeon" "grid.rkt" 14) #f "position-swap")
(("dungeon" "grid.rkt" 15) #f "constant-swap")
(("dungeon" "grid.rkt" 16) #f "constant-swap")
(("dungeon" "grid.rkt" 19) #f "constant-swap")
(("dungeon" "grid.rkt" 18) #f "position-swap")
(("dungeon" "grid.rkt" 17) #f "constant-swap")
(("dungeon" "grid.rkt" 20) #f "constant-swap")
(("dungeon" "grid.rkt" 21) #f "constant-swap")
(("dungeon" "grid.rkt" 22) #f "constant-swap")
(("dungeon" "grid.rkt" 23) #f "constant-swap")
(("dungeon" "grid.rkt" 24) #f "position-swap")
(("dungeon" "grid.rkt" 27) #f "begin-drop")
(("dungeon" "grid.rkt" 28) #f "begin-drop")
(("dungeon" "grid.rkt" 29) #f "position-swap")
(("dungeon" "grid.rkt" 26) #f "position-swap")
(("dungeon" "grid.rkt" 25) #f "position-swap")
(("dungeon" "grid.rkt" 30) #f "begin-drop")
(("dungeon" "grid.rkt" 31) #f "begin-drop")
(("dungeon" "grid.rkt" 32) #f "position-swap")
(("dungeon" "grid.rkt" 36) #f "begin-drop")
(("dungeon" "grid.rkt" 33) #f "constant-swap")
(("dungeon" "grid.rkt" 34) #f "constant-swap")
(("dungeon" "grid.rkt" 37) #f "position-swap")
(("dungeon" "grid.rkt" 35) #f "constant-swap")
(("dungeon" "grid.rkt" 38) #f "boolean-op-swap")
(("dungeon" "grid.rkt" 39) #f "position-swap")
(("dungeon" "grid.rkt" 40) #f "comparison-op-swap")
(("dungeon" "grid.rkt" 42) #f "constant-swap")
(("dungeon" "grid.rkt" 41) #f "comparison-op-swap")
(("dungeon" "grid.rkt" 43) #f "constant-swap")
(("dungeon" "grid.rkt" 45) #f "position-swap")
(("dungeon" "grid.rkt" 44) #f "constant-swap")
(("dungeon" "grid.rkt" 46) #f "constant-swap")
(("dungeon" "grid.rkt" 47) #f "constant-swap")
(("dungeon" "grid.rkt" 48) #f "constant-swap")
(("dungeon" "grid.rkt" 51) #f "comparison-op-swap")
(("dungeon" "grid.rkt" 50) #f "position-swap")
(("dungeon" "grid.rkt" 49) #f "arithmetic-op-swap")
(("dungeon" "grid.rkt" 53) #f "constant-swap")
(("dungeon" "grid.rkt" 52) #f "comparison-op-swap")
(("dungeon" "grid.rkt" 54) #f "constant-swap")
(("dungeon" "grid.rkt" 55) #f "constant-swap")
(("dungeon" "grid.rkt" 56) #f "position-swap")
(("dungeon" "grid.rkt" 59) #f "constant-swap")
(("dungeon" "grid.rkt" 58) #f "constant-swap")
(("dungeon" "grid.rkt" 57) #f "constant-swap")
(("dungeon" "grid.rkt" 61) #f "constant-swap")
(("dungeon" "grid.rkt" 60) #f "constant-swap")
(("dungeon" "grid.rkt" 62) #f "arithmetic-op-swap")
(("dungeon" "grid.rkt" 63) #f "begin-drop")
(("dungeon" "grid.rkt" 64) #f "position-swap")
(("dungeon" "grid.rkt" 67) #f "position-swap")
(("dungeon" "grid.rkt" 66) #f "position-swap")
(("dungeon" "grid.rkt" 65) #f "boolean-op-swap")
(("dungeon" "grid.rkt" 69) #f "position-swap")
(("dungeon" "grid.rkt" 68) #f "position-swap")
(("dungeon" "grid.rkt" 70) #f "constant-swap")
(("dungeon" "grid.rkt" 71) #f "constant-swap")
(("dungeon" "grid.rkt" 72) #f "constant-swap")
(("dungeon" "grid.rkt" 75) #f "constant-swap")
(("dungeon" "grid.rkt" 74) #f "constant-swap")
(("dungeon" "grid.rkt" 73) #f "position-swap")
(("dungeon" "grid.rkt" 77) #f "constant-swap")
(("dungeon" "grid.rkt" 76) #f "constant-swap")
(("dungeon" "grid.rkt" 79) #f "begin-drop")
(("dungeon" "grid.rkt" 78) #f "constant-swap")
(("dungeon" "grid.rkt" 80) #f "position-swap")
(("dungeon" "grid.rkt" 83) #f "constant-swap")
(("dungeon" "grid.rkt" 82) #f "constant-swap")
(("dungeon" "grid.rkt" 81) #f "position-swap")
(("dungeon" "grid.rkt" 86) #f "position-swap")
(("dungeon" "grid.rkt" 85) #f "position-swap")
(("dungeon" "grid.rkt" 84) #f "constant-swap")
(("dungeon" "grid.rkt" 87) #f "arithmetic-op-swap")
(("dungeon" "grid.rkt" 88) #f "position-swap")
(("dungeon" "grid.rkt" 91) #f "constant-swap")
(("dungeon" "grid.rkt" 90) #f "constant-swap")
(("dungeon" "grid.rkt" 89) #f "constant-swap")
(("dungeon" "grid.rkt" 94) #f "constant-swap")
(("dungeon" "grid.rkt" 93) #f "constant-swap")
(("dungeon" "grid.rkt" 92) #f "constant-swap")
(("dungeon" "grid.rkt" 95) #f "constant-swap")
(("dungeon" "grid.rkt" 97) #f "begin-drop")
(("dungeon" "grid.rkt" 96) #f "constant-swap")
(("dungeon" "grid.rkt" 99) #f "position-swap")
(("dungeon" "grid.rkt" 98) #f "position-swap")
(("dungeon" "grid.rkt" 102) #f "constant-swap")
(("dungeon" "grid.rkt" 101) #f "constant-swap")
(("dungeon" "grid.rkt" 100) #f "constant-swap")
(("dungeon" "grid.rkt" 103) #f "position-swap")
(("dungeon" "grid.rkt" 105) #f "arithmetic-op-swap")
(("dungeon" "grid.rkt" 104) #f "position-swap")
(("dungeon" "grid.rkt" 107) #f "constant-swap")
(("dungeon" "grid.rkt" 106) #f "position-swap")
(("dungeon" "grid.rkt" 110) #f "constant-swap")
(("dungeon" "grid.rkt" 109) #f "constant-swap")
(("dungeon" "grid.rkt" 108) #f "constant-swap")
(("dungeon" "grid.rkt" 111) #f "constant-swap")
(("dungeon" "grid.rkt" 115) #f "begin-drop")
(("dungeon" "grid.rkt" 113) #f "constant-swap")
(("dungeon" "grid.rkt" 112) #f "constant-swap")
(("dungeon" "grid.rkt" 114) #f "constant-swap")
(("dungeon" "grid.rkt" 118) #f "position-swap")
(("dungeon" "grid.rkt" 117) #f "position-swap")
(("dungeon" "grid.rkt" 116) #f "position-swap")
(("dungeon" "grid.rkt" 119) #f "arithmetic-op-swap")
(("dungeon" "grid.rkt" 122) #f "constant-swap")
(("dungeon" "grid.rkt" 121) #f "constant-swap")
(("dungeon" "grid.rkt" 120) #f "position-swap")
(("dungeon" "grid.rkt" 123) #f "constant-swap")
(("dungeon" "grid.rkt" 126) #f "constant-swap")
(("dungeon" "grid.rkt" 125) #f "constant-swap")
(("dungeon" "grid.rkt" 124) #f "constant-swap")
(("dungeon" "grid.rkt" 127) #f "position-swap")
(("dungeon" "grid.rkt" 130) #f "constant-swap")
(("dungeon" "grid.rkt" 129) #f "constant-swap")
(("dungeon" "grid.rkt" 128) #f "constant-swap")
(("dungeon" "grid.rkt" 133) #f "begin-drop")
(("dungeon" "grid.rkt" 131) #f "constant-swap")
(("dungeon" "grid.rkt" 134) #f "position-swap")
(("dungeon" "grid.rkt" 132) #f "constant-swap")
(("dungeon" "grid.rkt" 135) #f "position-swap")
(("dungeon" "grid.rkt" 138) #f "position-swap")
(("dungeon" "grid.rkt" 137) #f "arithmetic-op-swap")
(("dungeon" "grid.rkt" 136) #f "position-swap")
(("dungeon" "grid.rkt" 140) #f "constant-swap")
(("dungeon" "grid.rkt" 139) #f "constant-swap")
(("dungeon" "grid.rkt" 142) #f "constant-swap")
(("dungeon" "grid.rkt" 141) #f "constant-swap")
(("dungeon" "grid.rkt" 143) #f "constant-swap")
(("dungeon" "grid.rkt" 146) #f "constant-swap")
(("dungeon" "grid.rkt" 145) #f "position-swap")
(("dungeon" "grid.rkt" 144) #f "constant-swap")
(("dungeon" "grid.rkt" 148) #f "constant-swap")
(("dungeon" "grid.rkt" 147) #f "constant-swap")
(("dungeon" "main.rkt" 0) #f "constant-swap")
(("dungeon" "grid.rkt" 150) #f "constant-swap")
(("dungeon" "grid.rkt" 149) #f "constant-swap")
(("dungeon" "main.rkt" 3) #f "constant-swap")
(("dungeon" "main.rkt" 2) #f "constant-swap")
(("dungeon" "main.rkt" 1) #f "constant-swap")
(("dungeon" "main.rkt" 5) #f "constant-swap")
(("dungeon" "main.rkt" 4) #f "constant-swap")
(("dungeon" "main.rkt" 8) #f "constant-swap")
(("dungeon" "main.rkt" 7) #f "constant-swap")
(("dungeon" "main.rkt" 6) #f "constant-swap")
(("dungeon" "main.rkt" 11) #f "constant-swap")
(("dungeon" "main.rkt" 10) #f "constant-swap")
(("dungeon" "main.rkt" 9) #f "constant-swap")
(("dungeon" "main.rkt" 13) #f "constant-swap")
(("dungeon" "main.rkt" 12) #f "constant-swap")
(("dungeon" "main.rkt" 16) #f "constant-swap")
(("dungeon" "main.rkt" 15) #f "constant-swap")
(("dungeon" "main.rkt" 14) #f "constant-swap")
(("dungeon" "main.rkt" 19) #f "constant-swap")
(("dungeon" "main.rkt" 18) #f "constant-swap")
(("dungeon" "main.rkt" 17) #f "constant-swap")
(("dungeon" "main.rkt" 21) #f "constant-swap")
(("dungeon" "main.rkt" 20) #f "constant-swap")
(("dungeon" "main.rkt" 24) #f "begin-drop")
(("dungeon" "main.rkt" 23) #f "begin-drop")
(("dungeon" "main.rkt" 22) #f "begin-drop")
(("dungeon" "main.rkt" 28) #f "begin-drop")
(("dungeon" "main.rkt" 27) #f "begin-drop")
(("dungeon" "main.rkt" 26) #f "begin-drop")
(("dungeon" "main.rkt" 25) #f "begin-drop")
(("dungeon" "main.rkt" 29) #f "position-swap")
(("dungeon" "main.rkt" 32) #f "position-swap")
(("dungeon" "main.rkt" 31) #f "position-swap")
(("dungeon" "main.rkt" 30) #f "position-swap")
(("dungeon" "main.rkt" 36) #f "arithmetic-op-swap")
(("dungeon" "main.rkt" 35) #f "position-swap")
(("dungeon" "main.rkt" 34) #f "position-swap")
(("dungeon" "main.rkt" 33) #f "position-swap")
(("dungeon" "main.rkt" 37) #f "position-swap")
(("dungeon" "main.rkt" 40) #f "constant-swap")
(("dungeon" "main.rkt" 39) #f "constant-swap")
(("dungeon" "main.rkt" 38) #f "arithmetic-op-swap")
(("dungeon" "main.rkt" 43) #f "constant-swap")
(("dungeon" "main.rkt" 41) #f "constant-swap")
(("dungeon" "main.rkt" 45) #f "position-swap")
(("dungeon" "main.rkt" 44) #f "arithmetic-op-swap")
(("dungeon" "main.rkt" 42) #f "constant-swap")
(("dungeon" "main.rkt" 48) #f "arithmetic-op-swap")
(("dungeon" "main.rkt" 47) #f "position-swap")
(("dungeon" "main.rkt" 46) #f "arithmetic-op-swap")
(("dungeon" "main.rkt" 50) #f "constant-swap")
(("dungeon" "main.rkt" 49) #f "constant-swap")
(("dungeon" "main.rkt" 53) #f "constant-swap")
(("dungeon" "main.rkt" 52) #f "constant-swap")
(("dungeon" "main.rkt" 51) #f "constant-swap")
(("dungeon" "main.rkt" 54) #f "position-swap")
(("dungeon" "main.rkt" 56) #f "position-swap")
(("dungeon" "main.rkt" 55) #f "position-swap")
(("dungeon" "main.rkt" 58) #f "position-swap")
(("dungeon" "main.rkt" 57) #f "arithmetic-op-swap")
(("dungeon" "main.rkt" 61) #f "constant-swap")
(("dungeon" "main.rkt" 60) #f "constant-swap")
(("dungeon" "main.rkt" 59) #f "arithmetic-op-swap")
(("dungeon" "main.rkt" 62) #f "constant-swap")
(("dungeon" "main.rkt" 64) #f "constant-swap")
(("dungeon" "main.rkt" 63) #f "constant-swap")
(("dungeon" "main.rkt" 66) #f "position-swap")
(("dungeon" "main.rkt" 65) #f "arithmetic-op-swap")
(("dungeon" "main.rkt" 69) #f "arithmetic-op-swap")
(("dungeon" "main.rkt" 68) #f "position-swap")
(("dungeon" "main.rkt" 67) #f "arithmetic-op-swap")
(("dungeon" "main.rkt" 70) #f "constant-swap")
(("dungeon" "main.rkt" 72) #f "constant-swap")
(("dungeon" "main.rkt" 71) #f "constant-swap")
(("dungeon" "main.rkt" 74) #f "constant-swap")
(("dungeon" "main.rkt" 73) #f "constant-swap")
(("dungeon" "main.rkt" 77) #f "position-swap")
(("dungeon" "main.rkt" 76) #f "arithmetic-op-swap")
(("dungeon" "main.rkt" 75) #f "position-swap")
(("dungeon" "main.rkt" 78) #f "arithmetic-op-swap")
(("dungeon" "main.rkt" 80) #f "position-swap")
(("dungeon" "main.rkt" 79) #f "position-swap")
(("dungeon" "main.rkt" 82) #f "constant-swap")
(("dungeon" "main.rkt" 81) #f "constant-swap")
(("dungeon" "main.rkt" 86) #f "negate-conditional")
(("dungeon" "main.rkt" 85) #f "negate-conditional")
(("dungeon" "main.rkt" 84) #f "position-swap")
(("dungeon" "main.rkt" 83) #f "position-swap")
(("dungeon" "main.rkt" 88) #f "position-swap")
(("dungeon" "main.rkt" 87) #f "position-swap")
(("dungeon" "main.rkt" 89) #f "position-swap")
(("dungeon" "main.rkt" 90) #f "position-swap")
(("dungeon" "main.rkt" 94) #f "negate-conditional")
(("dungeon" "main.rkt" 93) #f "position-swap")
(("dungeon" "main.rkt" 92) #f "position-swap")
(("dungeon" "main.rkt" 91) #f "boolean-op-swap")
(("dungeon" "main.rkt" 96) #f "position-swap")
(("dungeon" "main.rkt" 95) #f "position-swap")
(("dungeon" "main.rkt" 97) #f "position-swap")
(("dungeon" "main.rkt" 98) #f "boolean-op-swap")
(("dungeon" "main.rkt" 102) #f "position-swap")
(("dungeon" "main.rkt" 101) #f "position-swap")
(("dungeon" "main.rkt" 100) #f "boolean-op-swap")
(("dungeon" "main.rkt" 99) #f "position-swap")
(("dungeon" "main.rkt" 103) #f "position-swap")
(("dungeon" "main.rkt" 104) #f "position-swap")
(("dungeon" "main.rkt" 105) #f "position-swap")
(("dungeon" "main.rkt" 106) #f "position-swap")
(("dungeon" "main.rkt" 110) #f "comparison-op-swap")
(("dungeon" "main.rkt" 109) #f "comparison-op-swap")
(("dungeon" "main.rkt" 108) #f "position-swap")
(("dungeon" "main.rkt" 107) #f "boolean-op-swap")
(("dungeon" "main.rkt" 111) #f "position-swap")
(("dungeon" "main.rkt" 112) #f "comparison-op-swap")
(("dungeon" "main.rkt" 113) #f "comparison-op-swap")
(("dungeon" "main.rkt" 114) #f "arithmetic-op-swap")
(("dungeon" "main.rkt" 118) #f "comparison-op-swap")
(("dungeon" "main.rkt" 117) #f "position-swap")
(("dungeon" "main.rkt" 116) #f "boolean-op-swap")
(("dungeon" "main.rkt" 115) #f "position-swap")
(("dungeon" "main.rkt" 120) #f "position-swap")
(("dungeon" "main.rkt" 119) #f "comparison-op-swap")
(("dungeon" "main.rkt" 121) #f "comparison-op-swap")
(("dungeon" "main.rkt" 122) #f "comparison-op-swap")
(("dungeon" "main.rkt" 126) #f "boolean-op-swap")
(("dungeon" "main.rkt" 125) #f "position-swap")
(("dungeon" "main.rkt" 124) #f "negate-conditional")
(("dungeon" "main.rkt" 123) #f "arithmetic-op-swap")
(("dungeon" "main.rkt" 128) #f "position-swap")
(("dungeon" "main.rkt" 127) #f "position-swap")
(("dungeon" "main.rkt" 129) #f "constant-swap")
(("dungeon" "main.rkt" 130) #f "constant-swap")
(("dungeon" "main.rkt" 134) #f "boolean-op-swap")
(("dungeon" "main.rkt" 133) #f "position-swap")
(("dungeon" "main.rkt" 132) #f "negate-conditional")
(("dungeon" "main.rkt" 131) #f "position-swap")
(("dungeon" "main.rkt" 136) #f "position-swap")
(("dungeon" "main.rkt" 135) #f "position-swap")
(("dungeon" "main.rkt" 137) #f "position-swap")
(("dungeon" "main.rkt" 138) #f "constant-swap")
(("dungeon" "main.rkt" 142) #f "position-swap")
(("dungeon" "main.rkt" 141) #f "position-swap")
(("dungeon" "main.rkt" 140) #f "position-swap")
(("dungeon" "main.rkt" 139) #f "constant-swap")
(("dungeon" "main.rkt" 144) #f "constant-swap")
(("dungeon" "main.rkt" 143) #f "constant-swap")
(("dungeon" "main.rkt" 145) #f "position-swap")
(("dungeon" "main.rkt" 146) #f "boolean-op-swap")
(("dungeon" "main.rkt" 152) #f "begin-drop")
(("dungeon" "main.rkt" 150) #f "position-swap")
(("dungeon" "main.rkt" 149) #f "begin-drop")
(("dungeon" "main.rkt" 148) #f "position-swap")
(("dungeon" "main.rkt" 147) #f "position-swap")
(("dungeon" "main.rkt" 151) #f "position-swap")
(("dungeon" "main.rkt" 153) #f "position-swap")
(("dungeon" "main.rkt" 154) #f "position-swap")
(("dungeon" "main.rkt" 156) #f "position-swap")
(("dungeon" "main.rkt" 155) #f "begin-drop")
(("dungeon" "main.rkt" 160) #f "begin-drop")
(("dungeon" "main.rkt" 159) #f "position-swap")
(("dungeon" "main.rkt" 158) #f "position-swap")
(("dungeon" "main.rkt" 157) #f "boolean-op-swap")
(("dungeon" "main.rkt" 161) #f "position-swap")
(("dungeon" "main.rkt" 162) #f "boolean-op-swap")
(("dungeon" "main.rkt" 164) #f "position-swap")
(("dungeon" "main.rkt" 163) #f "position-swap")
(("dungeon" "main.rkt" 168) #f "position-swap")
(("dungeon" "main.rkt" 167) #f "begin-drop")
(("dungeon" "main.rkt" 166) #f "begin-drop")
(("dungeon" "main.rkt" 165) #f "begin-drop")
(("dungeon" "main.rkt" 169) #f "position-swap")
(("dungeon" "main.rkt" 170) #f "position-swap")
(("dungeon" "main.rkt" 172) #f "constant-swap")
(("dungeon" "main.rkt" 171) #f "constant-swap")
(("dungeon" "main.rkt" 176) #f "constant-swap")
(("dungeon" "main.rkt" 175) #f "constant-swap")
(("dungeon" "main.rkt" 174) #f "constant-swap")
(("dungeon" "main.rkt" 173) #f "constant-swap")
(("dungeon" "main.rkt" 177) #f "constant-swap")
(("dungeon" "main.rkt" 178) #f "constant-swap")
(("dungeon" "main.rkt" 180) #f "constant-swap")
(("dungeon" "main.rkt" 179) #f "constant-swap")
(("dungeon" "main.rkt" 184) #f "constant-swap")
(("dungeon" "main.rkt" 183) #f "constant-swap")
(("dungeon" "main.rkt" 182) #f "position-swap")
(("dungeon" "main.rkt" 181) #f "position-swap")
(("dungeon" "main.rkt" 185) #f "constant-swap")
(("dungeon" "main.rkt" 186) #f "constant-swap")
(("dungeon" "main.rkt" 188) #f "constant-swap")
(("dungeon" "main.rkt" 187) #f "constant-swap")
(("dungeon" "main.rkt" 192) #f "constant-swap")
(("dungeon" "main.rkt" 191) #f "constant-swap")
(("dungeon" "main.rkt" 190) #f "constant-swap")
(("dungeon" "main.rkt" 189) #f "constant-swap")
(("dungeon" "main.rkt" 193) #f "position-swap")
(("dungeon" "main.rkt" 194) #f "position-swap")
(("dungeon" "main.rkt" 196) #f "begin-drop")
(("dungeon" "main.rkt" 195) #f "begin-drop")
(("dungeon" "main.rkt" 200) #f "position-swap")
(("dungeon" "main.rkt" 199) #f "begin-drop")
(("dungeon" "main.rkt" 198) #f "begin-drop")
(("dungeon" "main.rkt" 197) #f "begin-drop")
(("dungeon" "main.rkt" 201) #f "position-swap")
(("dungeon" "main.rkt" 202) #f "position-swap")
(("dungeon" "main.rkt" 204) #f "position-swap")
(("dungeon" "main.rkt" 203) #f "negate-conditional")
(("dungeon" "main.rkt" 208) #f "constant-swap")
(("dungeon" "main.rkt" 207) #f "constant-swap")
(("dungeon" "main.rkt" 206) #f "constant-swap")
(("dungeon" "main.rkt" 205) #f "constant-swap")
(("dungeon" "main.rkt" 209) #f "constant-swap")
(("dungeon" "main.rkt" 210) #f "constant-swap")
(("dungeon" "main.rkt" 212) #f "constant-swap")
(("dungeon" "main.rkt" 211) #f "constant-swap")
(("dungeon" "main.rkt" 216) #f "constant-swap")
(("dungeon" "main.rkt" 215) #f "position-swap")
(("dungeon" "main.rkt" 214) #f "constant-swap")
(("dungeon" "main.rkt" 213) #f "constant-swap")
(("dungeon" "main.rkt" 217) #f "constant-swap")
(("dungeon" "main.rkt" 218) #f "constant-swap")
(("dungeon" "main.rkt" 220) #f "constant-swap")
(("dungeon" "main.rkt" 219) #f "constant-swap")
(("dungeon" "main.rkt" 222) #f "constant-swap")
(("dungeon" "main.rkt" 221) #f "constant-swap")
(("dungeon" "main.rkt" 224) #f "constant-swap")
(("dungeon" "main.rkt" 223) #f "constant-swap")
(("dungeon" "main.rkt" 225) #f "constant-swap")
(("dungeon" "main.rkt" 226) #f "negate-conditional")
(("dungeon" "main.rkt" 228) #f "constant-swap")
(("dungeon" "main.rkt" 227) #f "constant-swap")
(("dungeon" "main.rkt" 230) #f "constant-swap")
(("dungeon" "main.rkt" 229) #f "constant-swap")
(("dungeon" "main.rkt" 232) #f "negate-conditional")
(("dungeon" "main.rkt" 231) #f "constant-swap")
(("dungeon" "main.rkt" 233) #f "constant-swap")
(("dungeon" "main.rkt" 234) #f "constant-swap")
(("dungeon" "main.rkt" 236) #f "constant-swap")
(("dungeon" "main.rkt" 235) #f "constant-swap")
(("dungeon" "main.rkt" 240) #f "begin-drop")
(("dungeon" "main.rkt" 238) #f "position-swap")
(("dungeon" "main.rkt" 237) #f "constant-swap")
(("dungeon" "main.rkt" 239) #f "position-swap")
(("dungeon" "main.rkt" 241) #f "begin-drop")
(("dungeon" "main.rkt" 242) #f "begin-drop")
(("dungeon" "main.rkt" 244) #f "begin-drop")
(("dungeon" "main.rkt" 243) #f "begin-drop")
(("dungeon" "main.rkt" 247) #f "begin-drop")
(("dungeon" "main.rkt" 246) #f "begin-drop")
(("dungeon" "main.rkt" 245) #f "begin-drop")
(("dungeon" "main.rkt" 248) #f "position-swap")
(("dungeon" "main.rkt" 249) #f "position-swap")
(("dungeon" "main.rkt" 250) #f "position-swap")
(("dungeon" "main.rkt" 251) #f "position-swap")
(("dungeon" "main.rkt" 252) #f "position-swap")
(("dungeon" "main.rkt" 255) #f "constant-swap")
(("dungeon" "main.rkt" 254) #f "constant-swap")
(("dungeon" "main.rkt" 253) #f "position-swap")
(("dungeon" "main.rkt" 256) #f "constant-swap")
(("dungeon" "main.rkt" 257) #f "constant-swap")
(("dungeon" "main.rkt" 258) #f "constant-swap")
(("dungeon" "main.rkt" 259) #f "constant-swap")
(("dungeon" "main.rkt" 260) #f "constant-swap")
(("dungeon" "main.rkt" 263) #f "constant-swap")
(("dungeon" "main.rkt" 262) #f "constant-swap")
(("dungeon" "main.rkt" 261) #f "constant-swap")
(("dungeon" "main.rkt" 264) #f "position-swap")
(("dungeon" "main.rkt" 265) #f "position-swap")
(("dungeon" "main.rkt" 266) #f "position-swap")
(("dungeon" "main.rkt" 267) #f "position-swap")
(("dungeon" "main.rkt" 268) #f "position-swap")
(("dungeon" "main.rkt" 271) #f "boolean-op-swap")
(("dungeon" "main.rkt" 270) #f "position-swap")
(("dungeon" "main.rkt" 269) #f "position-swap")
(("dungeon" "main.rkt" 272) #f "position-swap")
(("dungeon" "main.rkt" 273) #f "position-swap")
(("dungeon" "main.rkt" 274) #f "position-swap")
(("dungeon" "main.rkt" 275) #f "position-swap")
(("dungeon" "main.rkt" 276) #f "arithmetic-op-swap")
(("dungeon" "main.rkt" 279) #f "comparison-op-swap")
(("dungeon" "main.rkt" 278) #f "position-swap")
(("dungeon" "main.rkt" 277) #f "negate-conditional")
(("dungeon" "main.rkt" 280) #f "comparison-op-swap")
(("dungeon" "main.rkt" 281) #f "constant-swap")
(("dungeon" "main.rkt" 282) #f "constant-swap")
(("dungeon" "main.rkt" 283) #f "constant-swap")
(("dungeon" "main.rkt" 284) #f "position-swap")
(("dungeon" "main.rkt" 288) #f "position-swap")
(("dungeon" "main.rkt" 287) #f "position-swap")
(("dungeon" "main.rkt" 286) #f "position-swap")
(("dungeon" "main.rkt" 285) #f "position-swap")
(("dungeon" "main.rkt" 289) #f "constant-swap")
(("dungeon" "main.rkt" 290) #f "constant-swap")
(("dungeon" "main.rkt" 291) #f "constant-swap")
(("dungeon" "main.rkt" 292) #f "constant-swap")
(("dungeon" "main.rkt" 296) #f "position-swap")
(("dungeon" "main.rkt" 295) #f "negate-conditional")
(("dungeon" "main.rkt" 294) #f "position-swap")
(("dungeon" "main.rkt" 293) #f "position-swap")
(("dungeon" "main.rkt" 297) #f "position-swap")
(("dungeon" "main.rkt" 298) #f "position-swap")
(("dungeon" "main.rkt" 299) #f "position-swap")
(("dungeon" "main.rkt" 300) #f "position-swap")
(("dungeon" "main.rkt" 304) #f "negate-conditional")
(("dungeon" "main.rkt" 303) #f "position-swap")
(("dungeon" "main.rkt" 302) #f "position-swap")
(("dungeon" "main.rkt" 301) #f "arithmetic-op-swap")
(("dungeon" "main.rkt" 305) #f "position-swap")
(("dungeon" "main.rkt" 306) #f "negate-conditional")
(("dungeon" "main.rkt" 308) #f "position-swap")
(("dungeon" "main.rkt" 307) #f "negate-conditional")
(("dungeon" "main.rkt" 312) #f "constant-swap")
(("dungeon" "main.rkt" 311) #f "constant-swap")
(("dungeon" "main.rkt" 310) #f "boolean-op-swap")
(("dungeon" "main.rkt" 309) #f "position-swap")
(("dungeon" "main.rkt" 313) #f "constant-swap")
(("dungeon" "main.rkt" 314) #f "constant-swap")
(("dungeon" "main.rkt" 316) #f "position-swap")
(("dungeon" "main.rkt" 315) #f "constant-swap")
(("dungeon" "main.rkt" 320) #f "position-swap")
(("dungeon" "main.rkt" 319) #f "position-swap")
(("dungeon" "main.rkt" 318) #f "position-swap")
(("dungeon" "main.rkt" 317) #f "position-swap")
(("dungeon" "main.rkt" 321) #f "negate-conditional")
(("dungeon" "main.rkt" 322) #f "position-swap")
(("dungeon" "main.rkt" 324) #f "position-swap")
(("dungeon" "main.rkt" 323) #f "arithmetic-op-swap")
(("dungeon" "main.rkt" 328) #f "position-swap")
(("dungeon" "main.rkt" 327) #f "position-swap")
(("dungeon" "main.rkt" 326) #f "negate-conditional")
(("dungeon" "main.rkt" 325) #f "arithmetic-op-swap")
(("dungeon" "main.rkt" 329) #f "position-swap")
(("dungeon" "main.rkt" 330) #f "position-swap")
(("dungeon" "main.rkt" 332) #f "position-swap")
(("dungeon" "main.rkt" 331) #f "position-swap")
(("dungeon" "main.rkt" 336) #f "comparison-op-swap")
(("dungeon" "main.rkt" 335) #f "position-swap")
(("dungeon" "main.rkt" 334) #f "position-swap")
(("dungeon" "main.rkt" 333) #f "negate-conditional")
(("dungeon" "main.rkt" 337) #f "comparison-op-swap")
(("dungeon" "main.rkt" 338) #f "constant-swap")
(("dungeon" "main.rkt" 340) #f "constant-swap")
(("dungeon" "main.rkt" 339) #f "constant-swap")
(("dungeon" "main.rkt" 344) #f "position-swap")
(("dungeon" "main.rkt" 342) #f "arithmetic-op-swap")
(("dungeon" "main.rkt" 341) #f "position-swap")
(("dungeon" "main.rkt" 343) #f "position-swap")
(("dungeon" "main.rkt" 345) #f "position-swap")
(("dungeon" "main.rkt" 346) #f "position-swap")
(("dungeon" "main.rkt" 348) #f "position-swap")
(("dungeon" "main.rkt" 347) #f "boolean-op-swap")
(("dungeon" "main.rkt" 351) #f "position-swap")
(("dungeon" "main.rkt" 350) #f "position-swap")
(("dungeon" "main.rkt" 349) #f "position-swap")
(("dungeon" "main.rkt" 352) #f "position-swap")
(("dungeon" "main.rkt" 353) #f "position-swap")
(("dungeon" "main.rkt" 354) #f "position-swap")
(("dungeon" "main.rkt" 356) #f "position-swap")
(("dungeon" "main.rkt" 355) #f "position-swap")
(("dungeon" "main.rkt" 359) #f "position-swap")
(("dungeon" "main.rkt" 358) #f "position-swap")
(("dungeon" "main.rkt" 357) #f "position-swap")
(("dungeon" "main.rkt" 360) #f "negate-conditional")
(("dungeon" "main.rkt" 361) #f "negate-conditional")
(("dungeon" "main.rkt" 362) #f "position-swap")
(("dungeon" "main.rkt" 364) #f "position-swap")
(("dungeon" "main.rkt" 363) #f "boolean-op-swap")
(("dungeon" "main.rkt" 367) #f "position-swap")
(("dungeon" "main.rkt" 366) #f "position-swap")
(("dungeon" "main.rkt" 365) #f "position-swap")
(("dungeon" "main.rkt" 368) #f "boolean-op-swap")
(("dungeon" "main.rkt" 369) #f "position-swap")
(("dungeon" "main.rkt" 370) #f "position-swap")
(("dungeon" "main.rkt" 372) #f "constant-swap")
(("dungeon" "main.rkt" 371) #f "position-swap")
(("dungeon" "main.rkt" 375) #f "position-swap")
(("dungeon" "main.rkt" 374) #f "position-swap")
(("dungeon" "main.rkt" 373) #f "constant-swap")
(("dungeon" "main.rkt" 376) #f "begin-drop")
(("dungeon" "main.rkt" 377) #f "negate-conditional")
(("dungeon" "main.rkt" 378) #f "position-swap")
(("dungeon" "main.rkt" 380) #f "constant-swap")
(("dungeon" "main.rkt" 379) #f "position-swap")
(("dungeon" "main.rkt" 383) #f "position-swap")
(("dungeon" "main.rkt" 382) #f "position-swap")
(("dungeon" "main.rkt" 381) #f "constant-swap")
(("dungeon" "main.rkt" 384) #f "position-swap")
(("dungeon" "main.rkt" 385) #f "position-swap")
(("dungeon" "main.rkt" 386) #f "boolean-op-swap")
(("dungeon" "main.rkt" 388) #f "position-swap")
(("dungeon" "main.rkt" 387) #f "position-swap")
(("dungeon" "main.rkt" 390) #f "begin-drop")
(("dungeon" "main.rkt" 391) #f "begin-drop")
(("dungeon" "main.rkt" 389) #f "position-swap")
(("dungeon" "main.rkt" 392) #f "begin-drop")
(("dungeon" "main.rkt" 393) #f "begin-drop")
(("dungeon" "main.rkt" 394) #f "begin-drop")
(("dungeon" "main.rkt" 396) #f "position-swap")
(("dungeon" "main.rkt" 395) #f "position-swap")
(("dungeon" "main.rkt" 397) #f "position-swap")
(("dungeon" "main.rkt" 399) #f "position-swap")
(("dungeon" "main.rkt" 398) #f "position-swap")
(("dungeon" "main.rkt" 400) #f "position-swap")
(("dungeon" "main.rkt" 401) #f "begin-drop")
(("dungeon" "main.rkt" 402) #f "begin-drop")
(("dungeon" "main.rkt" 404) #f "negate-conditional")
(("dungeon" "main.rkt" 403) #f "position-swap")
(("dungeon" "main.rkt" 405) #f "position-swap")
(("dungeon" "main.rkt" 407) #f "constant-swap")
(("dungeon" "main.rkt" 406) #f "position-swap")
(("dungeon" "main.rkt" 408) #f "constant-swap")
(("dungeon" "main.rkt" 409) #f "position-swap")
(("dungeon" "main.rkt" 410) #f "position-swap")
(("dungeon" "main.rkt" 412) #f "position-swap")
(("dungeon" "main.rkt" 411) #f "position-swap")
(("dungeon" "main.rkt" 413) #f "boolean-op-swap")
(("dungeon" "main.rkt" 415) #f "position-swap")
(("dungeon" "main.rkt" 414) #f "position-swap")
(("dungeon" "main.rkt" 416) #f "position-swap")
(("dungeon" "main.rkt" 417) #f "position-swap")
(("dungeon" "main.rkt" 418) #f "position-swap")
(("dungeon" "main.rkt" 420) #f "position-swap")
(("dungeon" "main.rkt" 419) #f "position-swap")
(("dungeon" "main.rkt" 421) #f "position-swap")
(("dungeon" "main.rkt" 423) #f "position-swap")
(("dungeon" "main.rkt" 422) #f "position-swap")
(("dungeon" "main.rkt" 424) #f "position-swap")
(("dungeon" "main.rkt" 425) #f "position-swap")
(("dungeon" "main.rkt" 426) #f "position-swap")
(("dungeon" "main.rkt" 429) #f "boolean-op-swap")
(("dungeon" "main.rkt" 428) #f "position-swap")
(("dungeon" "main.rkt" 427) #f "position-swap")
(("dungeon" "main.rkt" 431) #f "boolean-op-swap")
(("dungeon" "main.rkt" 430) #f "position-swap")
(("dungeon" "main.rkt" 432) #f "constant-swap")
(("dungeon" "main.rkt" 433) #f "constant-swap")
(("dungeon" "main.rkt" 434) #f "position-swap")
(("dungeon" "main.rkt" 437) #f "constant-swap")
(("dungeon" "main.rkt" 436) #f "constant-swap")
(("dungeon" "main.rkt" 435) #f "boolean-op-swap")
(("dungeon" "main.rkt" 439) #f "boolean-op-swap")
(("dungeon" "main.rkt" 438) #f "position-swap")
(("dungeon" "main.rkt" 440) #f "constant-swap")
(("dungeon" "main.rkt" 441) #f "constant-swap")
(("dungeon" "main.rkt" 442) #f "position-swap")
(("dungeon" "main.rkt" 443) #f "position-swap")
(("dungeon" "main.rkt" 447) #f "position-swap")
(("dungeon" "main.rkt" 446) #f "position-swap")
(("dungeon" "main.rkt" 445) #f "position-swap")
(("dungeon" "main.rkt" 444) #f "position-swap")
(("dungeon" "main.rkt" 448) #f "position-swap")
(("dungeon" "main.rkt" 449) #f "position-swap")
(("dungeon" "main.rkt" 450) #f "position-swap")
(("dungeon" "main.rkt" 451) #f "position-swap")
(("dungeon" "main.rkt" 456) #f "constant-swap")
(("dungeon" "main.rkt" 455) #f "constant-swap")
(("dungeon" "main.rkt" 454) #f "constant-swap")
(("dungeon" "main.rkt" 453) #f "constant-swap")
(("dungeon" "main.rkt" 452) #f "position-swap")
(("dungeon" "main.rkt" 457) #f "constant-swap")
(("dungeon" "main.rkt" 458) #f "constant-swap")
(("dungeon" "main.rkt" 459) #f "constant-swap")
(("dungeon" "main.rkt" 464) #f "constant-swap")
(("dungeon" "main.rkt" 463) #f "constant-swap")
(("dungeon" "main.rkt" 462) #f "constant-swap")
(("dungeon" "main.rkt" 461) #f "constant-swap")
(("dungeon" "main.rkt" 460) #f "constant-swap")
(("dungeon" "main.rkt" 465) #f "constant-swap")
(("dungeon" "main.rkt" 466) #f "constant-swap")
(("dungeon" "main.rkt" 467) #f "constant-swap")
(("dungeon" "main.rkt" 472) #f "constant-swap")
(("dungeon" "main.rkt" 471) #f "constant-swap")
(("dungeon" "main.rkt" 470) #f "constant-swap")
(("dungeon" "main.rkt" 469) #f "position-swap")
(("dungeon" "main.rkt" 468) #f "constant-swap")
(("dungeon" "main.rkt" 473) #f "constant-swap")
(("dungeon" "main.rkt" 474) #f "constant-swap")
(("dungeon" "main.rkt" 475) #f "constant-swap")
(("dungeon" "main.rkt" 480) #f "constant-swap")
(("dungeon" "main.rkt" 479) #f "constant-swap")
(("dungeon" "main.rkt" 478) #f "position-swap")
(("dungeon" "main.rkt" 477) #f "constant-swap")
(("dungeon" "main.rkt" 476) #f "constant-swap")
(("dungeon" "main.rkt" 481) #f "constant-swap")
(("dungeon" "main.rkt" 482) #f "constant-swap")
(("dungeon" "main.rkt" 483) #f "constant-swap")
(("dungeon" "main.rkt" 486) #f "constant-swap")
(("dungeon" "main.rkt" 485) #f "constant-swap")
(("dungeon" "main.rkt" 484) #f "constant-swap")
(("dungeon" "main.rkt" 488) #f "constant-swap")
(("dungeon" "main.rkt" 487) #f "position-swap")
(("dungeon" "main.rkt" 489) #f "constant-swap")
(("dungeon" "main.rkt" 490) #f "constant-swap")
(("dungeon" "main.rkt" 491) #f "constant-swap")
(("dungeon" "main.rkt" 494) #f "constant-swap")
(("dungeon" "main.rkt" 493) #f "constant-swap")
(("dungeon" "main.rkt" 492) #f "constant-swap")
(("dungeon" "main.rkt" 496) #f "position-swap")
(("dungeon" "main.rkt" 495) #f "constant-swap")
(("dungeon" "main.rkt" 497) #f "constant-swap")
(("dungeon" "main.rkt" 498) #f "constant-swap")
(("dungeon" "main.rkt" 499) #f "constant-swap")
(("dungeon" "main.rkt" 502) #f "constant-swap")
(("dungeon" "main.rkt" 501) #f "constant-swap")
(("dungeon" "main.rkt" 500) #f "constant-swap")
(("dungeon" "main.rkt" 504) #f "constant-swap")
(("dungeon" "main.rkt" 503) #f "constant-swap")
(("dungeon" "main.rkt" 505) #f "constant-swap")
(("dungeon" "main.rkt" 506) #f "constant-swap")
(("dungeon" "main.rkt" 507) #f "constant-swap")
(("dungeon" "main.rkt" 510) #f "constant-swap")
(("dungeon" "main.rkt" 509) #f "constant-swap")
(("dungeon" "main.rkt" 508) #f "constant-swap")
(("dungeon" "main.rkt" 512) #f "constant-swap")
(("dungeon" "main.rkt" 511) #f "constant-swap")
(("dungeon" "main.rkt" 513) #f "constant-swap")
(("dungeon" "main.rkt" 514) #f "constant-swap")
(("dungeon" "main.rkt" 515) #f "constant-swap")
(("dungeon" "main.rkt" 518) #f "constant-swap")
(("dungeon" "main.rkt" 517) #f "constant-swap")
(("dungeon" "main.rkt" 516) #f "constant-swap")
(("dungeon" "main.rkt" 520) #f "constant-swap")
(("dungeon" "main.rkt" 519) #f "constant-swap")
(("dungeon" "main.rkt" 521) #f "negate-conditional")
(("dungeon" "main.rkt" 522) #f "negate-conditional")
(("dungeon" "main.rkt" 523) #f "negate-conditional")
(("dungeon" "main.rkt" 525) #f "position-swap")
(("dungeon" "main.rkt" 524) #f "negate-conditional")
(("dungeon" "main.rkt" 528) #f "constant-swap")
(("dungeon" "main.rkt" 527) #f "constant-swap")
(("dungeon" "main.rkt" 526) #f "constant-swap")
(("dungeon" "main.rkt" 529) #f "constant-swap")
(("dungeon" "main.rkt" 530) #f "constant-swap")
(("dungeon" "main.rkt" 531) #f "constant-swap")
(("dungeon" "main.rkt" 533) #f "constant-swap")
(("dungeon" "main.rkt" 532) #f "constant-swap")
(("dungeon" "main.rkt" 536) #f "constant-swap")
(("dungeon" "main.rkt" 535) #f "constant-swap")
(("dungeon" "main.rkt" 534) #f "constant-swap")
(("dungeon" "main.rkt" 537) #f "constant-swap")
(("dungeon" "main.rkt" 538) #f "constant-swap")
(("dungeon" "main.rkt" 539) #f "constant-swap")
(("dungeon" "main.rkt" 541) #f "constant-swap")
(("dungeon" "main.rkt" 540) #f "constant-swap")
(("dungeon" "main.rkt" 544) #f "constant-swap")
(("dungeon" "main.rkt" 543) #f "constant-swap")
(("dungeon" "main.rkt" 542) #f "position-swap")
(("dungeon" "main.rkt" 545) #f "constant-swap")
(("dungeon" "main.rkt" 546) #f "constant-swap")
(("dungeon" "main.rkt" 547) #f "constant-swap")
(("dungeon" "main.rkt" 549) #f "constant-swap")
(("dungeon" "main.rkt" 548) #f "constant-swap")
(("dungeon" "main.rkt" 552) #f "constant-swap")
(("dungeon" "main.rkt" 551) #f "position-swap")
(("dungeon" "main.rkt" 550) #f "constant-swap")
(("dungeon" "main.rkt" 553) #f "constant-swap")
(("dungeon" "main.rkt" 554) #f "constant-swap")
(("dungeon" "main.rkt" 555) #f "constant-swap")
(("dungeon" "main.rkt" 557) #f "constant-swap")
(("dungeon" "main.rkt" 556) #f "constant-swap")
(("dungeon" "main.rkt" 560) #f "negate-conditional")
(("dungeon" "main.rkt" 559) #f "constant-swap")
(("dungeon" "main.rkt" 558) #f "constant-swap")
(("dungeon" "main.rkt" 561) #f "negate-conditional")
(("dungeon" "main.rkt" 562) #f "negate-conditional")
(("dungeon" "main.rkt" 563) #f "negate-conditional")
(("dungeon" "main.rkt" 565) #f "position-swap")
(("dungeon" "main.rkt" 564) #f "position-swap")
(("dungeon" "main.rkt" 568) #f "constant-swap")
(("dungeon" "main.rkt" 567) #f "constant-swap")
(("dungeon" "main.rkt" 566) #f "constant-swap")
(("dungeon" "main.rkt" 569) #f "constant-swap")
(("dungeon" "main.rkt" 570) #f "constant-swap")
(("dungeon" "main.rkt" 571) #f "constant-swap")
(("dungeon" "main.rkt" 573) #f "constant-swap")
(("dungeon" "main.rkt" 572) #f "constant-swap")
(("dungeon" "main.rkt" 576) #f "constant-swap")
(("dungeon" "main.rkt" 575) #f "constant-swap")
(("dungeon" "main.rkt" 574) #f "position-swap")
(("dungeon" "main.rkt" 577) #f "constant-swap")
(("dungeon" "main.rkt" 578) #f "constant-swap")
(("dungeon" "main.rkt" 579) #f "constant-swap")
(("dungeon" "main.rkt" 581) #f "constant-swap")
(("dungeon" "main.rkt" 580) #f "constant-swap")
(("dungeon" "main.rkt" 584) #f "negate-conditional")
(("dungeon" "main.rkt" 583) #f "negate-conditional")
(("dungeon" "main.rkt" 582) #f "constant-swap")
(("dungeon" "main.rkt" 585) #f "negate-conditional")
(("dungeon" "main.rkt" 586) #f "negate-conditional")
(("dungeon" "main.rkt" 587) #f "position-swap")
(("dungeon" "main.rkt" 589) #f "constant-swap")
(("dungeon" "main.rkt" 588) #f "constant-swap")
(("dungeon" "main.rkt" 592) #f "constant-swap")
(("dungeon" "main.rkt" 591) #f "constant-swap")
(("dungeon" "main.rkt" 590) #f "constant-swap")
(("dungeon" "main.rkt" 593) #f "constant-swap")
(("dungeon" "main.rkt" 594) #f "constant-swap")
(("dungeon" "main.rkt" 595) #f "constant-swap")
(("dungeon" "main.rkt" 597) #f "negate-conditional")
(("dungeon" "main.rkt" 596) #f "negate-conditional")
(("dungeon" "main.rkt" 600) #f "position-swap")
(("dungeon" "main.rkt" 599) #f "negate-conditional")
(("dungeon" "main.rkt" 598) #f "negate-conditional")
(("dungeon" "main.rkt" 601) #f "constant-swap")
(("dungeon" "main.rkt" 602) #f "constant-swap")
(("dungeon" "main.rkt" 603) #f "constant-swap")
(("dungeon" "main.rkt" 605) #f "constant-swap")
(("dungeon" "main.rkt" 604) #f "constant-swap")
(("dungeon" "main.rkt" 608) #f "constant-swap")
(("dungeon" "main.rkt" 607) #f "constant-swap")
(("dungeon" "main.rkt" 606) #f "constant-swap")
(("dungeon" "main.rkt" 609) #f "negate-conditional")
(("dungeon" "main.rkt" 610) #f "negate-conditional")
(("dungeon" "main.rkt" 611) #f "negate-conditional")
(("dungeon" "main.rkt" 613) #f "negate-conditional")
(("dungeon" "main.rkt" 612) #f "negate-conditional")
(("dungeon" "main.rkt" 616) #f "negate-conditional")
(("dungeon" "main.rkt" 614) #f "negate-conditional")
(("dungeon" "main.rkt" 617) #f "negate-conditional")
(("dungeon" "main.rkt" 615) #f "negate-conditional")
(("dungeon" "main.rkt" 618) #f "position-swap")
(("dungeon" "main.rkt" 619) #f "boolean-op-swap")
(("dungeon" "main.rkt" 621) #f "boolean-op-swap")
(("dungeon" "main.rkt" 620) #f "position-swap")
(("dungeon" "main.rkt" 623) #f "boolean-op-swap")
(("dungeon" "main.rkt" 622) #f "position-swap")
(("dungeon" "main.rkt" 625) #f "boolean-op-swap")
(("dungeon" "main.rkt" 624) #f "position-swap")
(("dungeon" "main.rkt" 626) #f "position-swap")
(("dungeon" "main.rkt" 627) #f "boolean-op-swap")
(("dungeon" "main.rkt" 629) #f "boolean-op-swap")
(("dungeon" "main.rkt" 628) #f "position-swap")
(("dungeon" "main.rkt" 631) #f "boolean-op-swap")
(("dungeon" "main.rkt" 630) #f "position-swap")
(("dungeon" "message-queue.rkt" 0) #f "begin-drop")
(("dungeon" "main.rkt" 633) #f "constant-swap")
(("dungeon" "main.rkt" 632) #f "constant-swap")
(("dungeon" "message-queue.rkt" 2) #f "begin-drop")
(("dungeon" "main.rkt" 634) #f "constant-swap")
(("dungeon" "main.rkt" 635) #f "constant-swap")
(("dungeon" "main.rkt" 637) #f "begin-drop")
(("dungeon" "message-queue.rkt" 1) #f "position-swap")
(("dungeon" "main.rkt" 636) #f "constant-swap")
(("dungeon" "utils.rkt" 2) #f "position-swap")
(("dungeon" "utils.rkt" 1) #f "position-swap")
(("dungeon" "utils.rkt" 0) #f "position-swap")
(("dungeon" "utils.rkt" 3) #f "position-swap")
(("dungeon" "utils.rkt" 4) #f "position-swap")
(("dungeon" "utils.rkt" 5) #f "position-swap")
(("dungeon" "utils.rkt" 7) #f "position-swap")
(("dungeon" "utils.rkt" 6) #f "position-swap")
(("dungeon" "utils.rkt" 10) #f "position-swap")
(("dungeon" "utils.rkt" 9) #f "position-swap")
(("dungeon" "utils.rkt" 8) #f "position-swap")
(("dungeon" "utils.rkt" 11) #f "position-swap")
(("dungeon" "utils.rkt" 12) #f "position-swap")
(("dungeon" "utils.rkt" 13) #f "position-swap")
(("dungeon" "utils.rkt" 15) #f "position-swap")
(("dungeon" "utils.rkt" 14) #f "position-swap")
(("dungeon" "utils.rkt" 18) #f "position-swap")
(("dungeon" "utils.rkt" 17) #f "position-swap")
(("dungeon" "utils.rkt" 16) #f "position-swap")
(("dungeon" "utils.rkt" 19) #f "position-swap")
(("dungeon" "utils.rkt" 20) #f "position-swap")
(("dungeon" "utils.rkt" 21) #f "position-swap")
(("dungeon" "utils.rkt" 26) #f "position-swap")
(("dungeon" "utils.rkt" 25) #f "position-swap")
(("dungeon" "utils.rkt" 23) #f "position-swap")
(("dungeon" "utils.rkt" 22) #f "position-swap")
(("dungeon" "utils.rkt" 29) #f "position-swap")
(("dungeon" "utils.rkt" 28) #f "position-swap")
(("dungeon" "utils.rkt" 27) #f "position-swap")
(("dungeon" "utils.rkt" 24) #f "position-swap")
(("dungeon" "utils.rkt" 33) #f "position-swap")
(("dungeon" "utils.rkt" 32) #f "position-swap")
(("dungeon" "utils.rkt" 31) #f "position-swap")
(("dungeon" "utils.rkt" 30) #f "position-swap")
(("dungeon" "utils.rkt" 37) #f "position-swap")
(("dungeon" "utils.rkt" 36) #f "position-swap")
(("dungeon" "utils.rkt" 35) #f "position-swap")
(("dungeon" "utils.rkt" 34) #f "position-swap")
(("dungeon" "utils.rkt" 41) #f "position-swap")
(("dungeon" "utils.rkt" 40) #f "position-swap")
(("dungeon" "utils.rkt" 39) #f "position-swap")
(("dungeon" "utils.rkt" 38) #f "position-swap")
(("dungeon" "utils.rkt" 45) #f "position-swap")
(("dungeon" "utils.rkt" 44) #f "position-swap")
(("dungeon" "utils.rkt" 43) #f "position-swap")
(("dungeon" "utils.rkt" 42) #f "position-swap")
(("dungeon" "utils.rkt" 49) #f "position-swap")
(("dungeon" "utils.rkt" 48) #f "position-swap")
(("dungeon" "utils.rkt" 47) #f "position-swap")
(("dungeon" "utils.rkt" 46) #f "position-swap")
(("dungeon" "utils.rkt" 53) #f "position-swap")
(("dungeon" "utils.rkt" 52) #f "position-swap")
(("dungeon" "utils.rkt" 51) #f "position-swap")
(("dungeon" "utils.rkt" 50) #f "position-swap")
(("dungeon" "utils.rkt" 54) #f "position-swap")
(("dungeon" "utils.rkt" 61) #f "position-swap")
(("dungeon" "utils.rkt" 60) #f "position-swap")
(("dungeon" "utils.rkt" 59) #f "position-swap")
(("dungeon" "utils.rkt" 58) #f "position-swap")
(("dungeon" "utils.rkt" 57) #f "position-swap")
(("dungeon" "utils.rkt" 56) #f "position-swap")
(("dungeon" "utils.rkt" 55) #f "position-swap")
(("dungeon" "utils.rkt" 62) #f "position-swap")
(("dungeon" "utils.rkt" 69) #f "position-swap")
(("dungeon" "utils.rkt" 68) #f "position-swap")
(("dungeon" "utils.rkt" 67) #f "position-swap")
(("dungeon" "utils.rkt" 66) #f "position-swap")
(("dungeon" "utils.rkt" 65) #f "position-swap")
(("dungeon" "utils.rkt" 64) #f "position-swap")
(("dungeon" "utils.rkt" 63) #f "position-swap")
(("dungeon" "utils.rkt" 70) #f "position-swap")
(("dungeon" "utils.rkt" 77) #f "position-swap")
(("dungeon" "utils.rkt" 76) #f "position-swap")
(("dungeon" "utils.rkt" 75) #f "position-swap")
(("dungeon" "utils.rkt" 74) #f "position-swap")
(("dungeon" "utils.rkt" 73) #f "position-swap")
(("dungeon" "utils.rkt" 72) #f "position-swap")
(("dungeon" "utils.rkt" 71) #f "position-swap")
(("dungeon" "utils.rkt" 78) #f "position-swap")
(("dungeon" "utils.rkt" 80) #f "position-swap")
(("dungeon" "utils.rkt" 79) #f "position-swap")
(("dungeon" "utils.rkt" 85) #f "position-swap")
(("dungeon" "utils.rkt" 84) #f "position-swap")
(("dungeon" "utils.rkt" 83) #f "position-swap")
(("dungeon" "utils.rkt" 82) #f "position-swap")
(("dungeon" "utils.rkt" 81) #f "position-swap")
(("dungeon" "utils.rkt" 86) #f "position-swap")
(("dungeon" "utils.rkt" 88) #f "position-swap")
(("dungeon" "utils.rkt" 87) #f "position-swap")
(("dungeon" "utils.rkt" 93) #f "position-swap")
(("dungeon" "utils.rkt" 92) #f "position-swap")
(("dungeon" "utils.rkt" 91) #f "position-swap")
(("dungeon" "utils.rkt" 90) #f "position-swap")
(("dungeon" "utils.rkt" 89) #f "position-swap")
(("dungeon" "utils.rkt" 94) #f "position-swap")
(("dungeon" "utils.rkt" 96) #f "position-swap")
(("dungeon" "utils.rkt" 95) #f "position-swap")
(("dungeon" "utils.rkt" 101) #f "position-swap")
(("dungeon" "utils.rkt" 100) #f "position-swap")
(("dungeon" "utils.rkt" 99) #f "position-swap")
(("dungeon" "utils.rkt" 98) #f "position-swap")
(("dungeon" "utils.rkt" 97) #f "position-swap")
(("dungeon" "utils.rkt" 102) #f "position-swap")
(("dungeon" "utils.rkt" 104) #f "position-swap")
(("dungeon" "utils.rkt" 103) #f "position-swap")
(("dungeon" "utils.rkt" 109) #f "constant-swap")
(("dungeon" "utils.rkt" 108) #f "constant-swap")
(("dungeon" "utils.rkt" 107) #f "position-swap")
(("dungeon" "utils.rkt" 106) #f "position-swap")
(("dungeon" "utils.rkt" 105) #f "position-swap")
(("dungeon" "utils.rkt" 110) #f "constant-swap")
(("dungeon" "utils.rkt" 112) #f "constant-swap")
(("dungeon" "utils.rkt" 111) #f "constant-swap")
(("dungeon" "utils.rkt" 117) #f "constant-swap")
(("dungeon" "utils.rkt" 116) #f "constant-swap")
(("dungeon" "utils.rkt" 115) #f "constant-swap")
(("dungeon" "utils.rkt" 114) #f "constant-swap")
(("dungeon" "utils.rkt" 113) #f "constant-swap")
(("dungeon" "utils.rkt" 118) #f "constant-swap")
(("dungeon" "utils.rkt" 120) #f "constant-swap")
(("dungeon" "utils.rkt" 119) #f "constant-swap")
(("dungeon" "utils.rkt" 125) #f "constant-swap")
(("dungeon" "utils.rkt" 124) #f "constant-swap")
(("dungeon" "utils.rkt" 123) #f "constant-swap")
(("dungeon" "utils.rkt" 122) #f "constant-swap")
(("dungeon" "utils.rkt" 121) #f "constant-swap")
(("dungeon" "utils.rkt" 126) #f "constant-swap")
(("dungeon" "utils.rkt" 128) #f "constant-swap")
(("dungeon" "utils.rkt" 127) #f "constant-swap")
(("dungeon" "utils.rkt" 133) #f "constant-swap")
(("dungeon" "utils.rkt" 132) #f "constant-swap")
(("dungeon" "utils.rkt" 131) #f "constant-swap")
(("dungeon" "utils.rkt" 130) #f "constant-swap")
(("dungeon" "utils.rkt" 129) #f "constant-swap")
(("dungeon" "utils.rkt" 134) #f "constant-swap")
(("dungeon" "utils.rkt" 136) #f "constant-swap")
(("dungeon" "utils.rkt" 135) #f "constant-swap")
(("dungeon" "utils.rkt" 141) #f "constant-swap")
(("dungeon" "utils.rkt" 140) #f "constant-swap")
(("dungeon" "utils.rkt" 139) #f "constant-swap")
(("dungeon" "utils.rkt" 138) #f "constant-swap")
(("dungeon" "utils.rkt" 137) #f "constant-swap")
(("dungeon" "utils.rkt" 142) #f "constant-swap")
(("dungeon" "utils.rkt" 144) #f "constant-swap")
(("dungeon" "utils.rkt" 143) #f "constant-swap")
(("dungeon" "utils.rkt" 145) #f "constant-swap")
(("dungeon" "utils.rkt" 149) #f "constant-swap")
(("dungeon" "utils.rkt" 148) #f "constant-swap")
(("dungeon" "utils.rkt" 147) #f "constant-swap")
(("dungeon" "utils.rkt" 146) #f "constant-swap")
(("dungeon" "utils.rkt" 150) #f "constant-swap")
(("dungeon" "utils.rkt" 152) #f "constant-swap")
(("dungeon" "utils.rkt" 151) #f "constant-swap")
(("dungeon" "utils.rkt" 153) #f "constant-swap")
(("dungeon" "utils.rkt" 157) #f "constant-swap")
(("dungeon" "utils.rkt" 156) #f "constant-swap")
(("dungeon" "utils.rkt" 155) #f "constant-swap")
(("dungeon" "utils.rkt" 154) #f "constant-swap")
(("dungeon" "utils.rkt" 158) #f "constant-swap")
(("dungeon" "utils.rkt" 161) #f "constant-swap")
(("dungeon" "utils.rkt" 160) #f "constant-swap")
(("dungeon" "utils.rkt" 159) #f "constant-swap")
(("dungeon" "utils.rkt" 165) #f "constant-swap")
(("dungeon" "utils.rkt" 164) #f "constant-swap")
(("dungeon" "utils.rkt" 163) #f "constant-swap")
(("dungeon" "utils.rkt" 162) #f "constant-swap")
(("dungeon" "utils.rkt" 166) #f "constant-swap")
(("dungeon" "utils.rkt" 169) #f "constant-swap")
(("dungeon" "utils.rkt" 168) #f "constant-swap")
(("dungeon" "utils.rkt" 167) #f "constant-swap")
(("dungeon" "utils.rkt" 173) #f "constant-swap")
(("dungeon" "utils.rkt" 172) #f "constant-swap")
(("dungeon" "utils.rkt" 171) #f "constant-swap")
(("dungeon" "utils.rkt" 170) #f "constant-swap")
(("dungeon" "utils.rkt" 174) #f "constant-swap")
(("dungeon" "utils.rkt" 177) #f "constant-swap")
(("dungeon" "utils.rkt" 176) #f "constant-swap")
(("dungeon" "utils.rkt" 175) #f "constant-swap")
(("dungeon" "utils.rkt" 181) #f "constant-swap")
(("dungeon" "utils.rkt" 180) #f "constant-swap")
(("dungeon" "utils.rkt" 179) #f "constant-swap")
(("dungeon" "utils.rkt" 178) #f "constant-swap")
(("dungeon" "utils.rkt" 182) #f "constant-swap")
(("dungeon" "utils.rkt" 185) #f "constant-swap")
(("dungeon" "utils.rkt" 184) #f "constant-swap")
(("dungeon" "utils.rkt" 183) #f "constant-swap")
(("dungeon" "utils.rkt" 189) #f "constant-swap")
(("dungeon" "utils.rkt" 188) #f "constant-swap")
(("dungeon" "utils.rkt" 187) #f "constant-swap")
(("dungeon" "utils.rkt" 186) #f "constant-swap")
(("dungeon" "utils.rkt" 190) #f "constant-swap")
(("dungeon" "utils.rkt" 193) #f "constant-swap")
(("dungeon" "utils.rkt" 192) #f "constant-swap")
(("dungeon" "utils.rkt" 191) #f "constant-swap")
(("dungeon" "utils.rkt" 197) #f "constant-swap")
(("dungeon" "utils.rkt" 196) #f "constant-swap")
(("dungeon" "utils.rkt" 195) #f "constant-swap")
(("dungeon" "utils.rkt" 194) #f "constant-swap")
(("dungeon" "utils.rkt" 198) #f "constant-swap")
(("dungeon" "utils.rkt" 201) #f "constant-swap")
(("dungeon" "utils.rkt" 200) #f "constant-swap")
(("dungeon" "utils.rkt" 199) #f "constant-swap")
(("dungeon" "utils.rkt" 205) #f "constant-swap")
(("dungeon" "utils.rkt" 204) #f "constant-swap")
(("dungeon" "utils.rkt" 203) #f "constant-swap")
(("dungeon" "utils.rkt" 202) #f "constant-swap")
(("dungeon" "utils.rkt" 206) #f "constant-swap")
(("dungeon" "utils.rkt" 209) #f "constant-swap")
(("dungeon" "utils.rkt" 208) #f "constant-swap")
(("dungeon" "utils.rkt" 207) #f "constant-swap")
(("dungeon" "utils.rkt" 212) #f "constant-swap")
(("dungeon" "utils.rkt" 211) #f "constant-swap")
(("dungeon" "utils.rkt" 210) #f "constant-swap")
(("dungeon" "utils.rkt" 213) #f "constant-swap")
(("dungeon" "utils.rkt" 214) #f "constant-swap")
(("dungeon" "utils.rkt" 217) #f "constant-swap")
(("dungeon" "utils.rkt" 216) #f "constant-swap")
(("dungeon" "utils.rkt" 215) #f "constant-swap")
(("dungeon" "utils.rkt" 221) #f "constant-swap")
(("dungeon" "utils.rkt" 220) #f "constant-swap")
(("dungeon" "utils.rkt" 219) #f "constant-swap")
(("dungeon" "utils.rkt" 218) #f "constant-swap")
(("dungeon" "utils.rkt" 222) #f "constant-swap")
(("dungeon" "utils.rkt" 225) #f "constant-swap")
(("dungeon" "utils.rkt" 224) #f "constant-swap")
(("dungeon" "utils.rkt" 223) #f "constant-swap")
(("dungeon" "utils.rkt" 229) #f "constant-swap")
(("dungeon" "utils.rkt" 228) #f "constant-swap")
(("dungeon" "utils.rkt" 227) #f "constant-swap")
(("dungeon" "utils.rkt" 226) #f "constant-swap")
(("dungeon" "utils.rkt" 230) #f "constant-swap")
(("dungeon" "utils.rkt" 233) #f "constant-swap")
(("dungeon" "utils.rkt" 232) #f "constant-swap")
(("dungeon" "utils.rkt" 231) #f "constant-swap")
(("dungeon" "utils.rkt" 234) #f "constant-swap")
(("dungeon" "utils.rkt" 237) #f "constant-swap")
(("dungeon" "utils.rkt" 236) #f "constant-swap")
(("dungeon" "utils.rkt" 235) #f "constant-swap")
(("dungeon" "utils.rkt" 238) #f "constant-swap")
(("dungeon" "utils.rkt" 241) #f "constant-swap")
(("dungeon" "utils.rkt" 240) #f "constant-swap")
(("dungeon" "utils.rkt" 239) #f "constant-swap")
(("dungeon" "utils.rkt" 242) #f "constant-swap")
(("dungeon" "utils.rkt" 245) #f "constant-swap")
(("dungeon" "utils.rkt" 244) #f "constant-swap")
(("dungeon" "utils.rkt" 243) #f "constant-swap")
(("dungeon" "utils.rkt" 246) #f "constant-swap")
(("dungeon" "utils.rkt" 249) #f "constant-swap")
(("dungeon" "utils.rkt" 248) #f "constant-swap")
(("dungeon" "utils.rkt" 247) #f "constant-swap")
(("dungeon" "utils.rkt" 250) #f "constant-swap")
(("dungeon" "utils.rkt" 253) #f "constant-swap")
(("dungeon" "utils.rkt" 252) #f "constant-swap")
(("dungeon" "utils.rkt" 251) #f "constant-swap")
(("dungeon" "utils.rkt" 254) #f "constant-swap")
(("dungeon" "utils.rkt" 257) #f "constant-swap")
(("dungeon" "utils.rkt" 256) #f "constant-swap")
(("dungeon" "utils.rkt" 255) #f "constant-swap")
(("dungeon" "utils.rkt" 258) #f "constant-swap")
(("dungeon" "utils.rkt" 259) #f "constant-swap")
(("dungeon" "utils.rkt" 261) #f "constant-swap")
(("dungeon" "utils.rkt" 260) #f "constant-swap")
(("dungeon" "utils.rkt" 262) #f "constant-swap")
(("dungeon" "utils.rkt" 265) #f "constant-swap")
(("dungeon" "utils.rkt" 264) #f "constant-swap")
(("dungeon" "utils.rkt" 263) #f "constant-swap")
(("dungeon" "utils.rkt" 266) #f "constant-swap")
(("dungeon" "utils.rkt" 267) #f "constant-swap")
(("dungeon" "utils.rkt" 269) #f "constant-swap")
(("dungeon" "utils.rkt" 268) #f "constant-swap")
(("dungeon" "utils.rkt" 270) #f "constant-swap")
(("dungeon" "utils.rkt" 273) #f "constant-swap")
(("dungeon" "utils.rkt" 272) #f "constant-swap")
(("dungeon" "utils.rkt" 271) #f "constant-swap")
(("dungeon" "utils.rkt" 274) #f "constant-swap")
(("dungeon" "utils.rkt" 275) #f "constant-swap")
(("dungeon" "utils.rkt" 277) #f "constant-swap")
(("dungeon" "utils.rkt" 276) #f "constant-swap")
(("dungeon" "utils.rkt" 278) #f "constant-swap")
(("dungeon" "utils.rkt" 281) #f "constant-swap")
(("dungeon" "utils.rkt" 280) #f "constant-swap")
(("dungeon" "utils.rkt" 279) #f "constant-swap")
(("dungeon" "utils.rkt" 282) #f "constant-swap")
(("dungeon" "utils.rkt" 283) #f "constant-swap")
(("dungeon" "utils.rkt" 285) #f "constant-swap")
(("dungeon" "utils.rkt" 284) #f "constant-swap")
(("dungeon" "utils.rkt" 286) #f "constant-swap")
(("dungeon" "utils.rkt" 289) #f "constant-swap")
(("dungeon" "utils.rkt" 288) #f "constant-swap")
(("dungeon" "utils.rkt" 287) #f "constant-swap")
(("dungeon" "utils.rkt" 290) #f "constant-swap")
(("dungeon" "utils.rkt" 291) #f "constant-swap")
(("dungeon" "utils.rkt" 293) #f "constant-swap")
(("dungeon" "utils.rkt" 292) #f "constant-swap")
(("dungeon" "utils.rkt" 294) #f "constant-swap")
(("dungeon" "utils.rkt" 297) #f "constant-swap")
(("dungeon" "utils.rkt" 296) #f "constant-swap")
(("dungeon" "utils.rkt" 295) #f "constant-swap")
(("dungeon" "utils.rkt" 298) #f "constant-swap")
(("dungeon" "utils.rkt" 299) #f "constant-swap")
(("dungeon" "utils.rkt" 301) #f "constant-swap")
(("dungeon" "utils.rkt" 300) #f "constant-swap")
(("dungeon" "utils.rkt" 302) #f "constant-swap")
(("dungeon" "utils.rkt" 305) #f "constant-swap")
(("dungeon" "utils.rkt" 304) #f "constant-swap")
(("dungeon" "utils.rkt" 303) #f "constant-swap")
(("dungeon" "utils.rkt" 306) #f "constant-swap")
(("dungeon" "utils.rkt" 307) #f "constant-swap")
(("dungeon" "utils.rkt" 309) #f "constant-swap")
(("dungeon" "utils.rkt" 308) #f "constant-swap")
(("dungeon" "utils.rkt" 310) #f "constant-swap")
(("dungeon" "utils.rkt" 313) #f "constant-swap")
(("dungeon" "utils.rkt" 312) #f "constant-swap")
(("dungeon" "utils.rkt" 311) #f "constant-swap")
(("dungeon" "utils.rkt" 314) #f "constant-swap")
(("dungeon" "utils.rkt" 315) #f "constant-swap")
(("dungeon" "utils.rkt" 317) #f "constant-swap")
(("dungeon" "utils.rkt" 316) #f "constant-swap")
(("dungeon" "utils.rkt" 318) #f "constant-swap")
(("dungeon" "utils.rkt" 321) #f "constant-swap")
(("dungeon" "utils.rkt" 320) #f "constant-swap")
(("dungeon" "utils.rkt" 319) #f "constant-swap")
(("dungeon" "utils.rkt" 322) #f "constant-swap")
(("dungeon" "utils.rkt" 323) #f "constant-swap")
(("dungeon" "utils.rkt" 325) #f "constant-swap")
(("dungeon" "utils.rkt" 324) #f "constant-swap")
(("dungeon" "utils.rkt" 326) #f "constant-swap")
(("dungeon" "utils.rkt" 329) #f "constant-swap")
(("dungeon" "utils.rkt" 328) #f "constant-swap")
(("dungeon" "utils.rkt" 327) #f "constant-swap")
(("dungeon" "utils.rkt" 330) #f "constant-swap")
(("dungeon" "utils.rkt" 331) #f "constant-swap")
(("dungeon" "utils.rkt" 333) #f "constant-swap")
(("dungeon" "utils.rkt" 332) #f "constant-swap")
(("dungeon" "utils.rkt" 334) #f "constant-swap")
(("dungeon" "utils.rkt" 338) #f "constant-swap")
(("dungeon" "utils.rkt" 337) #f "constant-swap")
(("dungeon" "utils.rkt" 336) #f "constant-swap")
(("dungeon" "utils.rkt" 335) #f "constant-swap")
(("dungeon" "utils.rkt" 339) #f "constant-swap")
(("dungeon" "utils.rkt" 341) #f "constant-swap")
(("dungeon" "utils.rkt" 340) #f "constant-swap")
(("dungeon" "utils.rkt" 342) #f "constant-swap")
(("dungeon" "utils.rkt" 346) #f "constant-swap")
(("dungeon" "utils.rkt" 345) #f "constant-swap")
(("dungeon" "utils.rkt" 344) #f "constant-swap")
(("dungeon" "utils.rkt" 343) #f "constant-swap")
(("dungeon" "utils.rkt" 347) #f "constant-swap")
(("dungeon" "utils.rkt" 349) #f "constant-swap")
(("dungeon" "utils.rkt" 348) #f "constant-swap")
(("dungeon" "utils.rkt" 350) #f "constant-swap")
(("dungeon" "utils.rkt" 354) #f "constant-swap")
(("dungeon" "utils.rkt" 353) #f "constant-swap")
(("dungeon" "utils.rkt" 352) #f "constant-swap")
(("dungeon" "utils.rkt" 351) #f "constant-swap")
(("dungeon" "utils.rkt" 355) #f "constant-swap")
(("dungeon" "utils.rkt" 357) #f "constant-swap")
(("dungeon" "utils.rkt" 356) #f "constant-swap")
(("dungeon" "utils.rkt" 358) #f "constant-swap")
(("dungeon" "utils.rkt" 362) #f "constant-swap")
(("dungeon" "utils.rkt" 360) #f "constant-swap")
(("dungeon" "utils.rkt" 363) #f "constant-swap")
(("dungeon" "utils.rkt" 361) #f "constant-swap")
(("dungeon" "utils.rkt" 359) #f "constant-swap")
(("dungeon" "utils.rkt" 365) #f "constant-swap")
(("dungeon" "utils.rkt" 364) #f "constant-swap")
(("dungeon" "utils.rkt" 366) #f "constant-swap")
(("dungeon" "utils.rkt" 368) #f "constant-swap")
(("dungeon" "utils.rkt" 367) #f "constant-swap")
(("dungeon" "utils.rkt" 371) #f "constant-swap")
(("dungeon" "utils.rkt" 370) #f "constant-swap")
(("dungeon" "utils.rkt" 369) #f "constant-swap")
(("dungeon" "utils.rkt" 373) #f "constant-swap")
(("dungeon" "utils.rkt" 372) #f "constant-swap")
(("dungeon" "utils.rkt" 374) #f "constant-swap")
(("dungeon" "utils.rkt" 376) #f "constant-swap")
(("dungeon" "utils.rkt" 375) #f "constant-swap")
(("dungeon" "utils.rkt" 381) #f "constant-swap")
(("dungeon" "utils.rkt" 380) #f "constant-swap")
(("dungeon" "utils.rkt" 379) #f "constant-swap")
(("dungeon" "utils.rkt" 378) #f "constant-swap")
(("dungeon" "utils.rkt" 377) #f "constant-swap")
(("dungeon" "utils.rkt" 382) #f "constant-swap")
(("dungeon" "utils.rkt" 384) #f "constant-swap")
(("dungeon" "utils.rkt" 383) #f "constant-swap")
(("dungeon" "utils.rkt" 389) #f "constant-swap")
(("dungeon" "utils.rkt" 388) #f "constant-swap")
(("dungeon" "utils.rkt" 387) #f "constant-swap")
(("dungeon" "utils.rkt" 386) #f "constant-swap")
(("dungeon" "utils.rkt" 385) #f "constant-swap")
(("dungeon" "utils.rkt" 390) #f "constant-swap")
(("dungeon" "utils.rkt" 392) #f "constant-swap")
(("dungeon" "utils.rkt" 391) #f "constant-swap")
(("dungeon" "utils.rkt" 397) #f "constant-swap")
(("dungeon" "utils.rkt" 396) #f "constant-swap")
(("dungeon" "utils.rkt" 395) #f "constant-swap")
(("dungeon" "utils.rkt" 394) #f "constant-swap")
(("dungeon" "utils.rkt" 393) #f "constant-swap")
(("dungeon" "utils.rkt" 398) #f "constant-swap")
(("dungeon" "utils.rkt" 400) #f "constant-swap")
(("dungeon" "utils.rkt" 399) #f "constant-swap")
(("dungeon" "utils.rkt" 405) #f "constant-swap")
(("dungeon" "utils.rkt" 404) #f "constant-swap")
(("dungeon" "utils.rkt" 403) #f "constant-swap")
(("dungeon" "utils.rkt" 402) #f "constant-swap")
(("dungeon" "utils.rkt" 401) #f "constant-swap")
(("dungeon" "utils.rkt" 406) #f "constant-swap")
(("dungeon" "utils.rkt" 408) #f "constant-swap")
(("dungeon" "utils.rkt" 407) #f "constant-swap")
(("dungeon" "utils.rkt" 410) #f "constant-swap")
(("dungeon" "utils.rkt" 414) #f "constant-swap")
(("dungeon" "utils.rkt" 413) #f "constant-swap")
(("dungeon" "utils.rkt" 412) #f "constant-swap")
(("dungeon" "utils.rkt" 411) #f "constant-swap")
(("dungeon" "utils.rkt" 409) #f "constant-swap")
(("dungeon" "utils.rkt" 416) #f "constant-swap")
(("dungeon" "utils.rkt" 415) #f "constant-swap")
(("dungeon" "utils.rkt" 417) #f "constant-swap")
(("dungeon" "utils.rkt" 419) #f "constant-swap")
(("dungeon" "utils.rkt" 418) #f "constant-swap")
(("dungeon" "utils.rkt" 422) #f "constant-swap")
(("dungeon" "utils.rkt" 421) #f "constant-swap")
(("dungeon" "utils.rkt" 420) #f "constant-swap")
(("dungeon" "utils.rkt" 424) #f "constant-swap")
(("dungeon" "utils.rkt" 423) #f "constant-swap")
(("dungeon" "utils.rkt" 425) #f "constant-swap")
(("dungeon" "utils.rkt" 427) #f "constant-swap")
(("dungeon" "utils.rkt" 426) #f "constant-swap")
(("dungeon" "utils.rkt" 430) #f "constant-swap")
(("dungeon" "utils.rkt" 429) #f "constant-swap")
(("dungeon" "utils.rkt" 428) #f "constant-swap")
(("dungeon" "utils.rkt" 432) #f "constant-swap")
(("dungeon" "utils.rkt" 431) #f "constant-swap")
(("dungeon" "utils.rkt" 433) #f "constant-swap")
(("dungeon" "utils.rkt" 435) #f "constant-swap")
(("dungeon" "utils.rkt" 434) #f "constant-swap")
(("dungeon" "utils.rkt" 438) #f "constant-swap")
(("dungeon" "utils.rkt" 437) #f "constant-swap")
(("dungeon" "utils.rkt" 436) #f "constant-swap")
(("dungeon" "utils.rkt" 439) #f "constant-swap")
(("dungeon" "utils.rkt" 440) #f "constant-swap")
(("dungeon" "utils.rkt" 441) #f "constant-swap")
(("dungeon" "utils.rkt" 443) #f "constant-swap")
(("dungeon" "utils.rkt" 442) #f "constant-swap")
(("dungeon" "utils.rkt" 446) #f "constant-swap")
(("dungeon" "utils.rkt" 445) #f "constant-swap")
(("dungeon" "utils.rkt" 444) #f "constant-swap")
(("dungeon" "utils.rkt" 447) #f "constant-swap")
(("dungeon" "utils.rkt" 448) #f "constant-swap")
(("dungeon" "utils.rkt" 449) #f "constant-swap")
(("dungeon" "utils.rkt" 451) #f "constant-swap")
(("dungeon" "utils.rkt" 450) #f "constant-swap")
(("dungeon" "utils.rkt" 454) #f "constant-swap")
(("dungeon" "utils.rkt" 453) #f "constant-swap")
(("dungeon" "utils.rkt" 452) #f "constant-swap")
(("dungeon" "utils.rkt" 455) #f "constant-swap")
(("dungeon" "utils.rkt" 456) #f "constant-swap")
(("dungeon" "utils.rkt" 457) #f "constant-swap")
(("dungeon" "utils.rkt" 459) #f "constant-swap")
(("dungeon" "utils.rkt" 458) #f "constant-swap")
(("dungeon" "utils.rkt" 462) #f "constant-swap")
(("dungeon" "utils.rkt" 461) #f "constant-swap")
(("dungeon" "utils.rkt" 460) #f "constant-swap")
(("dungeon" "utils.rkt" 463) #f "constant-swap")
(("dungeon" "utils.rkt" 464) #f "constant-swap")
(("dungeon" "utils.rkt" 465) #f "constant-swap")
(("dungeon" "utils.rkt" 467) #f "constant-swap")
(("dungeon" "utils.rkt" 466) #f "constant-swap")
(("dungeon" "utils.rkt" 470) #f "constant-swap")
(("dungeon" "utils.rkt" 469) #f "constant-swap")
(("dungeon" "utils.rkt" 468) #f "constant-swap")
(("dungeon" "utils.rkt" 471) #f "constant-swap")
(("dungeon" "utils.rkt" 472) #f "constant-swap")
(("dungeon" "utils.rkt" 473) #f "constant-swap")
(("dungeon" "utils.rkt" 475) #f "constant-swap")
(("dungeon" "utils.rkt" 474) #f "constant-swap")
(("dungeon" "utils.rkt" 478) #f "constant-swap")
(("dungeon" "utils.rkt" 477) #f "constant-swap")
(("dungeon" "utils.rkt" 476) #f "constant-swap")
(("dungeon" "utils.rkt" 479) #f "constant-swap")
(("dungeon" "utils.rkt" 480) #f "constant-swap")
(("dungeon" "utils.rkt" 481) #f "constant-swap")
(("dungeon" "utils.rkt" 483) #f "constant-swap")
(("dungeon" "utils.rkt" 482) #f "constant-swap")
(("dungeon" "utils.rkt" 486) #f "constant-swap")
(("dungeon" "utils.rkt" 485) #f "constant-swap")
(("dungeon" "utils.rkt" 484) #f "constant-swap")
(("dungeon" "utils.rkt" 487) #f "constant-swap")
(("dungeon" "utils.rkt" 488) #f "constant-swap")
(("dungeon" "utils.rkt" 489) #f "constant-swap")
(("dungeon" "utils.rkt" 491) #f "constant-swap")
(("dungeon" "utils.rkt" 490) #f "constant-swap")
(("dungeon" "utils.rkt" 494) #f "constant-swap")
(("dungeon" "utils.rkt" 493) #f "constant-swap")
(("dungeon" "utils.rkt" 492) #f "constant-swap")
(("dungeon" "utils.rkt" 495) #f "constant-swap")
(("dungeon" "utils.rkt" 496) #f "constant-swap")
(("dungeon" "utils.rkt" 497) #f "constant-swap")
(("dungeon" "utils.rkt" 499) #f "constant-swap")
(("dungeon" "utils.rkt" 498) #f "constant-swap")
(("dungeon" "utils.rkt" 502) #f "constant-swap")
(("dungeon" "utils.rkt" 501) #f "constant-swap")
(("dungeon" "utils.rkt" 500) #f "constant-swap")
(("dungeon" "utils.rkt" 503) #f "constant-swap")
(("dungeon" "utils.rkt" 504) #f "constant-swap")
(("dungeon" "utils.rkt" 505) #f "constant-swap")
(("dungeon" "utils.rkt" 507) #f "constant-swap")
(("dungeon" "utils.rkt" 506) #f "constant-swap")
(("dungeon" "utils.rkt" 510) #f "constant-swap")
(("dungeon" "utils.rkt" 509) #f "constant-swap")
(("dungeon" "utils.rkt" 508) #f "constant-swap")
(("dungeon" "utils.rkt" 511) #f "constant-swap")
(("dungeon" "utils.rkt" 512) #f "constant-swap")
(("dungeon" "utils.rkt" 513) #f "constant-swap")
(("dungeon" "utils.rkt" 515) #f "constant-swap")
(("dungeon" "utils.rkt" 514) #f "constant-swap")
(("dungeon" "utils.rkt" 518) #f "constant-swap")
(("dungeon" "utils.rkt" 517) #f "constant-swap")
(("dungeon" "utils.rkt" 516) #f "constant-swap")
(("dungeon" "utils.rkt" 519) #f "constant-swap")
(("dungeon" "utils.rkt" 520) #f "constant-swap")
(("dungeon" "utils.rkt" 521) #f "constant-swap")
(("dungeon" "utils.rkt" 523) #f "constant-swap")
(("dungeon" "utils.rkt" 522) #f "constant-swap")
(("dungeon" "utils.rkt" 526) #f "constant-swap")
(("dungeon" "utils.rkt" 525) #f "constant-swap")
(("dungeon" "utils.rkt" 524) #f "constant-swap")
(("dungeon" "utils.rkt" 527) #f "constant-swap")
(("dungeon" "utils.rkt" 528) #f "constant-swap")
(("dungeon" "utils.rkt" 529) #f "constant-swap")
(("dungeon" "utils.rkt" 531) #f "constant-swap")
(("dungeon" "utils.rkt" 530) #f "constant-swap")
(("dungeon" "utils.rkt" 534) #f "constant-swap")
(("dungeon" "utils.rkt" 533) #f "constant-swap")
(("dungeon" "utils.rkt" 532) #f "constant-swap")
(("dungeon" "utils.rkt" 535) #f "constant-swap")
(("dungeon" "utils.rkt" 536) #f "constant-swap")
(("dungeon" "utils.rkt" 537) #f "constant-swap")
(("dungeon" "utils.rkt" 539) #f "constant-swap")
(("dungeon" "utils.rkt" 538) #f "constant-swap")
(("dungeon" "utils.rkt" 542) #f "constant-swap")
(("dungeon" "utils.rkt" 541) #f "constant-swap")
(("dungeon" "utils.rkt" 540) #f "constant-swap")
(("dungeon" "utils.rkt" 543) #f "constant-swap")
(("dungeon" "utils.rkt" 544) #f "constant-swap")
(("dungeon" "utils.rkt" 545) #f "constant-swap")
(("dungeon" "utils.rkt" 547) #f "constant-swap")
(("dungeon" "utils.rkt" 546) #f "constant-swap")
(("dungeon" "utils.rkt" 550) #f "constant-swap")
(("dungeon" "utils.rkt" 549) #f "constant-swap")
(("dungeon" "utils.rkt" 548) #f "constant-swap")
(("dungeon" "utils.rkt" 551) #f "constant-swap")
(("dungeon" "utils.rkt" 552) #f "constant-swap")
(("dungeon" "utils.rkt" 553) #f "constant-swap")
(("dungeon" "utils.rkt" 555) #f "constant-swap")
(("dungeon" "utils.rkt" 554) #f "constant-swap")
(("dungeon" "utils.rkt" 558) #f "constant-swap")
(("dungeon" "utils.rkt" 557) #f "constant-swap")
(("dungeon" "utils.rkt" 556) #f "constant-swap")
(("dungeon" "utils.rkt" 559) #f "constant-swap")
(("dungeon" "utils.rkt" 560) #f "constant-swap")
(("dungeon" "utils.rkt" 561) #f "constant-swap")
(("dungeon" "utils.rkt" 563) #f "constant-swap")
(("dungeon" "utils.rkt" 562) #f "constant-swap")
(("dungeon" "utils.rkt" 566) #f "constant-swap")
(("dungeon" "utils.rkt" 565) #f "constant-swap")
(("dungeon" "utils.rkt" 564) #f "constant-swap")
(("dungeon" "utils.rkt" 567) #f "constant-swap")
(("dungeon" "utils.rkt" 568) #f "constant-swap")
(("dungeon" "utils.rkt" 569) #f "constant-swap")
(("dungeon" "utils.rkt" 571) #f "constant-swap")
(("dungeon" "utils.rkt" 570) #f "constant-swap")
(("dungeon" "utils.rkt" 574) #f "constant-swap")
(("dungeon" "utils.rkt" 573) #f "constant-swap")
(("dungeon" "utils.rkt" 572) #f "constant-swap")
(("dungeon" "utils.rkt" 575) #f "constant-swap")
(("dungeon" "utils.rkt" 576) #f "constant-swap")
(("dungeon" "utils.rkt" 577) #f "constant-swap")
(("dungeon" "utils.rkt" 579) #f "constant-swap")
(("dungeon" "utils.rkt" 578) #f "constant-swap")
(("dungeon" "utils.rkt" 582) #f "constant-swap")
(("dungeon" "utils.rkt" 581) #f "constant-swap")
(("dungeon" "utils.rkt" 580) #f "constant-swap")
(("dungeon" "utils.rkt" 583) #f "constant-swap")
(("dungeon" "utils.rkt" 584) #f "constant-swap")
(("dungeon" "utils.rkt" 585) #f "constant-swap")
(("dungeon" "utils.rkt" 587) #f "constant-swap")
(("dungeon" "utils.rkt" 586) #f "constant-swap")
(("dungeon" "utils.rkt" 590) #f "constant-swap")
(("dungeon" "utils.rkt" 589) #f "constant-swap")
(("dungeon" "utils.rkt" 588) #f "constant-swap")
(("dungeon" "utils.rkt" 591) #f "constant-swap")
(("dungeon" "utils.rkt" 592) #f "constant-swap")
(("dungeon" "utils.rkt" 593) #f "constant-swap")
(("dungeon" "utils.rkt" 595) #f "constant-swap")
(("dungeon" "utils.rkt" 594) #f "constant-swap")
(("dungeon" "utils.rkt" 598) #f "constant-swap")
(("dungeon" "utils.rkt" 597) #f "constant-swap")
(("dungeon" "utils.rkt" 596) #f "constant-swap")
(("dungeon" "utils.rkt" 599) #f "constant-swap")
(("dungeon" "utils.rkt" 600) #f "constant-swap")
(("dungeon" "utils.rkt" 601) #f "constant-swap")
(("dungeon" "utils.rkt" 603) #f "constant-swap")
(("dungeon" "utils.rkt" 602) #f "constant-swap")
(("dungeon" "utils.rkt" 606) #f "constant-swap")
(("dungeon" "utils.rkt" 605) #f "constant-swap")
(("dungeon" "utils.rkt" 604) #f "constant-swap")
(("dungeon" "utils.rkt" 607) #f "constant-swap")
(("dungeon" "utils.rkt" 608) #f "constant-swap")
(("dungeon" "utils.rkt" 609) #f "constant-swap")
(("dungeon" "utils.rkt" 611) #f "constant-swap")
(("dungeon" "utils.rkt" 610) #f "constant-swap")
(("dungeon" "utils.rkt" 614) #f "constant-swap")
(("dungeon" "utils.rkt" 613) #f "constant-swap")
(("dungeon" "utils.rkt" 612) #f "constant-swap")
(("dungeon" "utils.rkt" 615) #f "constant-swap")
(("dungeon" "utils.rkt" 616) #f "constant-swap")
(("dungeon" "utils.rkt" 617) #f "constant-swap")
(("dungeon" "utils.rkt" 619) #f "constant-swap")
(("dungeon" "utils.rkt" 618) #f "constant-swap")
(("dungeon" "utils.rkt" 622) #f "constant-swap")
(("dungeon" "utils.rkt" 621) #f "constant-swap")
(("dungeon" "utils.rkt" 620) #f "constant-swap")
(("dungeon" "utils.rkt" 623) #f "constant-swap")
(("dungeon" "utils.rkt" 624) #f "constant-swap")
(("dungeon" "utils.rkt" 625) #f "constant-swap")
(("dungeon" "utils.rkt" 627) #f "constant-swap")
(("dungeon" "utils.rkt" 626) #f "constant-swap")
(("dungeon" "utils.rkt" 630) #f "constant-swap")
(("dungeon" "utils.rkt" 629) #f "constant-swap")
(("dungeon" "utils.rkt" 628) #f "constant-swap")
(("dungeon" "utils.rkt" 631) #f "constant-swap")
(("dungeon" "utils.rkt" 632) #f "constant-swap")
(("dungeon" "utils.rkt" 633) #f "constant-swap")
(("dungeon" "utils.rkt" 635) #f "constant-swap")
(("dungeon" "utils.rkt" 634) #f "constant-swap")
(("dungeon" "utils.rkt" 638) #f "constant-swap")
(("dungeon" "utils.rkt" 637) #f "constant-swap")
(("dungeon" "utils.rkt" 636) #f "constant-swap")
(("dungeon" "utils.rkt" 639) #f "constant-swap")
(("dungeon" "utils.rkt" 640) #f "constant-swap")
(("dungeon" "utils.rkt" 641) #f "constant-swap")
(("dungeon" "utils.rkt" 643) #f "constant-swap")
(("dungeon" "utils.rkt" 642) #f "constant-swap")
(("dungeon" "utils.rkt" 646) #f "constant-swap")
(("dungeon" "utils.rkt" 645) #f "constant-swap")
(("dungeon" "utils.rkt" 644) #f "constant-swap")
(("dungeon" "utils.rkt" 647) #f "constant-swap")
(("dungeon" "utils.rkt" 648) #f "constant-swap")
(("dungeon" "utils.rkt" 649) #f "constant-swap")
(("dungeon" "utils.rkt" 651) #f "constant-swap")
(("dungeon" "utils.rkt" 650) #f "constant-swap")
(("dungeon" "utils.rkt" 654) #f "constant-swap")
(("dungeon" "utils.rkt" 653) #f "constant-swap")
(("dungeon" "utils.rkt" 652) #f "constant-swap")
(("dungeon" "utils.rkt" 655) #f "constant-swap")
(("dungeon" "utils.rkt" 656) #f "constant-swap")
(("dungeon" "utils.rkt" 657) #f "constant-swap")
(("dungeon" "utils.rkt" 659) #f "constant-swap")
(("dungeon" "utils.rkt" 658) #f "constant-swap")
(("dungeon" "utils.rkt" 662) #f "constant-swap")
(("dungeon" "utils.rkt" 661) #f "constant-swap")
(("dungeon" "utils.rkt" 660) #f "constant-swap")
(("dungeon" "utils.rkt" 663) #f "constant-swap")
(("dungeon" "utils.rkt" 664) #f "constant-swap")
(("dungeon" "utils.rkt" 665) #f "constant-swap")
(("dungeon" "utils.rkt" 667) #f "constant-swap")
(("dungeon" "utils.rkt" 666) #f "constant-swap")
(("dungeon" "utils.rkt" 670) #f "constant-swap")
(("dungeon" "utils.rkt" 669) #f "constant-swap")
(("dungeon" "utils.rkt" 668) #f "constant-swap")
(("dungeon" "utils.rkt" 671) #f "constant-swap")
(("dungeon" "utils.rkt" 672) #f "constant-swap")
(("dungeon" "utils.rkt" 673) #f "constant-swap")
(("dungeon" "utils.rkt" 675) #f "constant-swap")
(("dungeon" "utils.rkt" 674) #f "constant-swap")
(("dungeon" "utils.rkt" 678) #f "constant-swap")
(("dungeon" "utils.rkt" 677) #f "constant-swap")
(("dungeon" "utils.rkt" 676) #f "constant-swap")
(("dungeon" "utils.rkt" 679) #f "constant-swap")
(("dungeon" "utils.rkt" 680) #f "constant-swap")
(("dungeon" "utils.rkt" 681) #f "constant-swap")
(("dungeon" "utils.rkt" 683) #f "constant-swap")
(("dungeon" "utils.rkt" 682) #f "constant-swap")
(("dungeon" "utils.rkt" 686) #f "constant-swap")
(("dungeon" "utils.rkt" 685) #f "constant-swap")
(("dungeon" "utils.rkt" 684) #f "constant-swap")
(("dungeon" "utils.rkt" 687) #f "constant-swap")
(("dungeon" "utils.rkt" 688) #f "constant-swap")
(("dungeon" "utils.rkt" 689) #f "constant-swap")
(("dungeon" "utils.rkt" 691) #f "constant-swap")
(("dungeon" "utils.rkt" 690) #f "constant-swap")
(("dungeon" "utils.rkt" 694) #f "constant-swap")
(("dungeon" "utils.rkt" 693) #f "constant-swap")
(("dungeon" "utils.rkt" 692) #f "constant-swap")
(("dungeon" "utils.rkt" 695) #f "constant-swap")
(("dungeon" "utils.rkt" 696) #f "constant-swap")
(("dungeon" "utils.rkt" 697) #f "constant-swap")
(("dungeon" "utils.rkt" 699) #f "constant-swap")
(("dungeon" "utils.rkt" 698) #f "constant-swap")
(("dungeon" "utils.rkt" 702) #f "constant-swap")
(("dungeon" "utils.rkt" 701) #f "constant-swap")
(("dungeon" "utils.rkt" 700) #f "constant-swap")
(("dungeon" "utils.rkt" 703) #f "constant-swap")
(("dungeon" "utils.rkt" 704) #f "constant-swap")
(("dungeon" "utils.rkt" 705) #f "constant-swap")
(("dungeon" "utils.rkt" 707) #f "constant-swap")
(("dungeon" "utils.rkt" 706) #f "constant-swap")
(("dungeon" "utils.rkt" 710) #f "constant-swap")
(("dungeon" "utils.rkt" 709) #f "constant-swap")
(("dungeon" "utils.rkt" 708) #f "constant-swap")
(("dungeon" "utils.rkt" 711) #f "constant-swap")
(("dungeon" "utils.rkt" 712) #f "constant-swap")
(("dungeon" "utils.rkt" 713) #f "constant-swap")
(("dungeon" "utils.rkt" 715) #f "constant-swap")
(("dungeon" "utils.rkt" 714) #f "constant-swap")
(("dungeon" "utils.rkt" 718) #f "constant-swap")
(("dungeon" "utils.rkt" 717) #f "constant-swap")
(("dungeon" "utils.rkt" 716) #f "constant-swap")
(("dungeon" "utils.rkt" 719) #f "constant-swap")
(("dungeon" "utils.rkt" 720) #f "constant-swap")
(("dungeon" "utils.rkt" 721) #f "constant-swap")
(("dungeon" "utils.rkt" 723) #f "constant-swap")
(("dungeon" "utils.rkt" 722) #f "constant-swap")
(("dungeon" "utils.rkt" 726) #f "constant-swap")
(("dungeon" "utils.rkt" 725) #f "constant-swap")
(("dungeon" "utils.rkt" 724) #f "constant-swap")
(("dungeon" "utils.rkt" 727) #f "constant-swap")
(("dungeon" "utils.rkt" 728) #f "constant-swap")
(("dungeon" "utils.rkt" 729) #f "constant-swap")
(("dungeon" "utils.rkt" 731) #f "constant-swap")
(("dungeon" "utils.rkt" 730) #f "constant-swap")
(("dungeon" "utils.rkt" 734) #f "constant-swap")
(("dungeon" "utils.rkt" 733) #f "constant-swap")
(("dungeon" "utils.rkt" 732) #f "constant-swap")
(("dungeon" "utils.rkt" 735) #f "constant-swap")
(("dungeon" "utils.rkt" 736) #f "constant-swap")
(("dungeon" "utils.rkt" 737) #f "constant-swap")
(("dungeon" "utils.rkt" 739) #f "constant-swap")
(("dungeon" "utils.rkt" 738) #f "constant-swap")
(("dungeon" "utils.rkt" 742) #f "constant-swap")
(("dungeon" "utils.rkt" 741) #f "constant-swap")
(("dungeon" "utils.rkt" 740) #f "constant-swap")
(("dungeon" "utils.rkt" 743) #f "constant-swap")
(("dungeon" "utils.rkt" 744) #f "constant-swap")
(("dungeon" "utils.rkt" 745) #f "constant-swap")
(("dungeon" "utils.rkt" 747) #f "constant-swap")
(("dungeon" "utils.rkt" 746) #f "constant-swap")
(("dungeon" "utils.rkt" 750) #f "constant-swap")
(("dungeon" "utils.rkt" 749) #f "constant-swap")
(("dungeon" "utils.rkt" 748) #f "constant-swap")
(("dungeon" "utils.rkt" 751) #f "constant-swap")
(("dungeon" "utils.rkt" 752) #f "constant-swap")
(("dungeon" "utils.rkt" 753) #f "constant-swap")
(("dungeon" "utils.rkt" 755) #f "constant-swap")
(("dungeon" "utils.rkt" 754) #f "constant-swap")
(("dungeon" "utils.rkt" 758) #f "constant-swap")
(("dungeon" "utils.rkt" 757) #f "constant-swap")
(("dungeon" "utils.rkt" 756) #f "constant-swap")
(("dungeon" "utils.rkt" 759) #f "constant-swap")
(("dungeon" "utils.rkt" 760) #f "constant-swap")
(("dungeon" "utils.rkt" 761) #f "constant-swap")
(("dungeon" "utils.rkt" 763) #f "constant-swap")
(("dungeon" "utils.rkt" 762) #f "constant-swap")
(("dungeon" "utils.rkt" 766) #f "constant-swap")
(("dungeon" "utils.rkt" 765) #f "constant-swap")
(("dungeon" "utils.rkt" 764) #f "constant-swap")
(("dungeon" "utils.rkt" 767) #f "constant-swap")
(("dungeon" "utils.rkt" 768) #f "constant-swap")
(("dungeon" "utils.rkt" 769) #f "constant-swap")
(("dungeon" "utils.rkt" 771) #f "constant-swap")
(("dungeon" "utils.rkt" 770) #f "constant-swap")
(("dungeon" "utils.rkt" 774) #f "constant-swap")
(("dungeon" "utils.rkt" 773) #f "constant-swap")
(("dungeon" "utils.rkt" 772) #f "constant-swap")
(("dungeon" "utils.rkt" 775) #f "constant-swap")
(("dungeon" "utils.rkt" 776) #f "constant-swap")
(("dungeon" "utils.rkt" 777) #f "constant-swap")
(("dungeon" "utils.rkt" 779) #f "constant-swap")
(("dungeon" "utils.rkt" 778) #f "constant-swap")
(("dungeon" "utils.rkt" 782) #f "constant-swap")
(("dungeon" "utils.rkt" 781) #f "constant-swap")
(("dungeon" "utils.rkt" 780) #f "constant-swap")
(("dungeon" "utils.rkt" 783) #f "constant-swap")
(("dungeon" "utils.rkt" 784) #f "constant-swap")
(("dungeon" "utils.rkt" 785) #f "constant-swap")
(("dungeon" "utils.rkt" 787) #f "constant-swap")
(("dungeon" "utils.rkt" 786) #f "constant-swap")
(("dungeon" "utils.rkt" 790) #f "constant-swap")
(("dungeon" "utils.rkt" 789) #f "constant-swap")
(("dungeon" "utils.rkt" 788) #f "constant-swap")
(("dungeon" "utils.rkt" 791) #f "constant-swap")
(("dungeon" "utils.rkt" 792) #f "constant-swap")
(("dungeon" "utils.rkt" 793) #f "constant-swap")
(("dungeon" "utils.rkt" 795) #f "constant-swap")
(("dungeon" "utils.rkt" 794) #f "constant-swap")
(("dungeon" "utils.rkt" 798) #f "constant-swap")
(("dungeon" "utils.rkt" 797) #f "constant-swap")
(("dungeon" "utils.rkt" 796) #f "constant-swap")
(("dungeon" "utils.rkt" 799) #f "constant-swap")
(("dungeon" "utils.rkt" 800) #f "constant-swap")
(("dungeon" "utils.rkt" 801) #f "constant-swap")
(("dungeon" "utils.rkt" 803) #f "constant-swap")
(("dungeon" "utils.rkt" 802) #f "constant-swap")
(("dungeon" "utils.rkt" 806) #f "constant-swap")
(("dungeon" "utils.rkt" 805) #f "constant-swap")
(("dungeon" "utils.rkt" 804) #f "constant-swap")
(("dungeon" "utils.rkt" 807) #f "constant-swap")
(("dungeon" "utils.rkt" 808) #f "constant-swap")
(("dungeon" "utils.rkt" 809) #f "constant-swap")
(("dungeon" "utils.rkt" 811) #f "constant-swap")
(("dungeon" "utils.rkt" 810) #f "constant-swap")
(("dungeon" "utils.rkt" 814) #f "constant-swap")
(("dungeon" "utils.rkt" 813) #f "constant-swap")
(("dungeon" "utils.rkt" 812) #f "constant-swap")
(("dungeon" "utils.rkt" 815) #f "constant-swap")
(("dungeon" "utils.rkt" 816) #f "constant-swap")
(("dungeon" "utils.rkt" 817) #f "constant-swap")
(("dungeon" "utils.rkt" 819) #f "constant-swap")
(("dungeon" "utils.rkt" 818) #f "constant-swap")
(("dungeon" "utils.rkt" 822) #f "constant-swap")
(("dungeon" "utils.rkt" 821) #f "constant-swap")
(("dungeon" "utils.rkt" 820) #f "constant-swap")
(("dungeon" "utils.rkt" 823) #f "constant-swap")
(("dungeon" "utils.rkt" 824) #f "constant-swap")
(("dungeon" "utils.rkt" 825) #f "constant-swap")
(("dungeon" "utils.rkt" 827) #f "constant-swap")
(("dungeon" "utils.rkt" 826) #f "constant-swap")
(("dungeon" "utils.rkt" 830) #f "constant-swap")
(("dungeon" "utils.rkt" 829) #f "constant-swap")
(("dungeon" "utils.rkt" 828) #f "constant-swap")
(("dungeon" "utils.rkt" 831) #f "constant-swap")
(("dungeon" "utils.rkt" 832) #f "constant-swap")
(("dungeon" "utils.rkt" 833) #f "constant-swap")
(("dungeon" "utils.rkt" 835) #f "constant-swap")
(("dungeon" "utils.rkt" 834) #f "constant-swap")
(("dungeon" "utils.rkt" 838) #f "constant-swap")
(("dungeon" "utils.rkt" 837) #f "constant-swap")
(("dungeon" "utils.rkt" 836) #f "constant-swap")
(("dungeon" "utils.rkt" 839) #f "constant-swap")
(("dungeon" "utils.rkt" 840) #f "constant-swap")
(("dungeon" "utils.rkt" 841) #f "constant-swap")
(("dungeon" "utils.rkt" 843) #f "constant-swap")
(("dungeon" "utils.rkt" 842) #f "constant-swap")
(("dungeon" "utils.rkt" 846) #f "constant-swap")
(("dungeon" "utils.rkt" 845) #f "constant-swap")
(("dungeon" "utils.rkt" 844) #f "constant-swap")
(("dungeon" "utils.rkt" 847) #f "constant-swap")
(("dungeon" "utils.rkt" 848) #f "constant-swap")
(("dungeon" "utils.rkt" 849) #f "constant-swap")
(("dungeon" "utils.rkt" 851) #f "constant-swap")
(("dungeon" "utils.rkt" 850) #f "constant-swap")
(("dungeon" "utils.rkt" 854) #f "constant-swap")
(("dungeon" "utils.rkt" 853) #f "constant-swap")
(("dungeon" "utils.rkt" 852) #f "constant-swap")
(("dungeon" "utils.rkt" 855) #f "constant-swap")
(("dungeon" "utils.rkt" 856) #f "constant-swap")
(("dungeon" "utils.rkt" 857) #f "constant-swap")
(("dungeon" "utils.rkt" 859) #f "constant-swap")
(("dungeon" "utils.rkt" 858) #f "constant-swap")
(("dungeon" "utils.rkt" 862) #f "constant-swap")
(("dungeon" "utils.rkt" 861) #f "constant-swap")
(("dungeon" "utils.rkt" 860) #f "constant-swap")
(("dungeon" "utils.rkt" 863) #f "constant-swap")
(("dungeon" "utils.rkt" 864) #f "constant-swap")
(("dungeon" "utils.rkt" 865) #f "constant-swap")
(("dungeon" "utils.rkt" 867) #f "constant-swap")
(("dungeon" "utils.rkt" 866) #f "constant-swap")
(("dungeon" "utils.rkt" 870) #f "constant-swap")
(("dungeon" "utils.rkt" 869) #f "constant-swap")
(("dungeon" "utils.rkt" 868) #f "constant-swap")
(("dungeon" "utils.rkt" 871) #f "constant-swap")
(("dungeon" "utils.rkt" 872) #f "constant-swap")
(("dungeon" "utils.rkt" 873) #f "constant-swap")
(("dungeon" "utils.rkt" 875) #f "constant-swap")
(("dungeon" "utils.rkt" 874) #f "constant-swap")
(("dungeon" "utils.rkt" 878) #f "constant-swap")
(("dungeon" "utils.rkt" 877) #f "constant-swap")
(("dungeon" "utils.rkt" 876) #f "constant-swap")
(("dungeon" "utils.rkt" 879) #f "constant-swap")
(("dungeon" "utils.rkt" 880) #f "constant-swap")
(("dungeon" "utils.rkt" 881) #f "constant-swap")
(("dungeon" "utils.rkt" 883) #f "constant-swap")
(("dungeon" "utils.rkt" 882) #f "constant-swap")
(("dungeon" "utils.rkt" 886) #f "constant-swap")
(("dungeon" "utils.rkt" 885) #f "constant-swap")
(("dungeon" "utils.rkt" 884) #f "constant-swap")
(("dungeon" "utils.rkt" 887) #f "constant-swap")
(("dungeon" "utils.rkt" 888) #f "constant-swap")
(("dungeon" "utils.rkt" 889) #f "constant-swap")
(("dungeon" "utils.rkt" 891) #f "constant-swap")
(("dungeon" "utils.rkt" 890) #f "constant-swap")
(("dungeon" "utils.rkt" 894) #f "constant-swap")
(("dungeon" "utils.rkt" 893) #f "constant-swap")
(("dungeon" "utils.rkt" 892) #f "constant-swap")
(("dungeon" "utils.rkt" 895) #f "constant-swap")
(("dungeon" "utils.rkt" 896) #f "constant-swap")
(("dungeon" "utils.rkt" 897) #f "constant-swap")
(("dungeon" "utils.rkt" 899) #f "constant-swap")
(("dungeon" "utils.rkt" 898) #f "constant-swap")
(("dungeon" "utils.rkt" 902) #f "constant-swap")
(("dungeon" "utils.rkt" 901) #f "constant-swap")
(("dungeon" "utils.rkt" 900) #f "constant-swap")
(("dungeon" "utils.rkt" 903) #f "constant-swap")
(("dungeon" "utils.rkt" 904) #f "constant-swap")
(("dungeon" "utils.rkt" 905) #f "constant-swap")
(("dungeon" "utils.rkt" 907) #f "constant-swap")
(("dungeon" "utils.rkt" 906) #f "constant-swap")
(("dungeon" "utils.rkt" 910) #f "constant-swap")
(("dungeon" "utils.rkt" 909) #f "constant-swap")
(("dungeon" "utils.rkt" 908) #f "constant-swap")
(("dungeon" "utils.rkt" 911) #f "constant-swap")
(("dungeon" "utils.rkt" 912) #f "constant-swap")
(("dungeon" "utils.rkt" 913) #f "constant-swap")
(("dungeon" "utils.rkt" 915) #f "constant-swap")
(("dungeon" "utils.rkt" 914) #f "constant-swap")
(("dungeon" "utils.rkt" 918) #f "constant-swap")
(("dungeon" "utils.rkt" 917) #f "constant-swap")
(("dungeon" "utils.rkt" 916) #f "constant-swap")
(("dungeon" "utils.rkt" 919) #f "constant-swap")
(("dungeon" "utils.rkt" 920) #f "constant-swap")
(("dungeon" "utils.rkt" 921) #f "constant-swap")
(("dungeon" "utils.rkt" 923) #f "constant-swap")
(("dungeon" "utils.rkt" 922) #f "constant-swap")
(("dungeon" "utils.rkt" 926) #f "constant-swap")
(("dungeon" "utils.rkt" 925) #f "constant-swap")
(("dungeon" "utils.rkt" 924) #f "constant-swap")
(("dungeon" "utils.rkt" 927) #f "constant-swap")
(("dungeon" "utils.rkt" 928) #f "constant-swap")
(("dungeon" "utils.rkt" 929) #f "constant-swap")
(("dungeon" "utils.rkt" 931) #f "constant-swap")
(("dungeon" "utils.rkt" 930) #f "constant-swap")
(("dungeon" "utils.rkt" 934) #f "constant-swap")
(("dungeon" "utils.rkt" 933) #f "constant-swap")
(("dungeon" "utils.rkt" 932) #f "constant-swap")
(("dungeon" "utils.rkt" 935) #f "constant-swap")
(("dungeon" "utils.rkt" 936) #f "constant-swap")
(("dungeon" "utils.rkt" 937) #f "constant-swap")
(("dungeon" "utils.rkt" 939) #f "constant-swap")
(("dungeon" "utils.rkt" 938) #f "constant-swap")
(("dungeon" "utils.rkt" 942) #f "constant-swap")
(("dungeon" "utils.rkt" 941) #f "constant-swap")
(("dungeon" "utils.rkt" 940) #f "constant-swap")
(("dungeon" "utils.rkt" 943) #f "constant-swap")
(("dungeon" "utils.rkt" 944) #f "constant-swap")
(("dungeon" "utils.rkt" 945) #f "constant-swap")
(("dungeon" "utils.rkt" 947) #f "constant-swap")
(("dungeon" "utils.rkt" 946) #f "constant-swap")
(("dungeon" "utils.rkt" 950) #f "constant-swap")
(("dungeon" "utils.rkt" 949) #f "constant-swap")
(("dungeon" "utils.rkt" 948) #f "constant-swap")
(("dungeon" "utils.rkt" 951) #f "constant-swap")
(("dungeon" "utils.rkt" 952) #f "constant-swap")
(("dungeon" "utils.rkt" 953) #f "constant-swap")
(("dungeon" "utils.rkt" 955) #f "constant-swap")
(("dungeon" "utils.rkt" 954) #f "constant-swap")
(("dungeon" "utils.rkt" 958) #f "constant-swap")
(("dungeon" "utils.rkt" 957) #f "constant-swap")
(("dungeon" "utils.rkt" 956) #f "constant-swap")
(("dungeon" "utils.rkt" 959) #f "constant-swap")
(("dungeon" "utils.rkt" 960) #f "constant-swap")
(("dungeon" "utils.rkt" 961) #f "constant-swap")
(("dungeon" "utils.rkt" 963) #f "constant-swap")
(("dungeon" "utils.rkt" 962) #f "constant-swap")
(("dungeon" "utils.rkt" 966) #f "constant-swap")
(("dungeon" "utils.rkt" 965) #f "constant-swap")
(("dungeon" "utils.rkt" 964) #f "constant-swap")
(("dungeon" "utils.rkt" 967) #f "constant-swap")
(("dungeon" "utils.rkt" 968) #f "constant-swap")
(("dungeon" "utils.rkt" 969) #f "constant-swap")
(("dungeon" "utils.rkt" 971) #f "constant-swap")
(("dungeon" "utils.rkt" 970) #f "constant-swap")
(("dungeon" "utils.rkt" 974) #f "constant-swap")
(("dungeon" "utils.rkt" 973) #f "constant-swap")
(("dungeon" "utils.rkt" 972) #f "constant-swap")
(("dungeon" "utils.rkt" 975) #f "constant-swap")
(("dungeon" "utils.rkt" 976) #f "constant-swap")
(("dungeon" "utils.rkt" 977) #f "constant-swap")
(("dungeon" "utils.rkt" 979) #f "constant-swap")
(("dungeon" "utils.rkt" 978) #f "constant-swap")
(("dungeon" "utils.rkt" 982) #f "constant-swap")
(("dungeon" "utils.rkt" 981) #f "constant-swap")
(("dungeon" "utils.rkt" 980) #f "constant-swap")
(("dungeon" "utils.rkt" 983) #f "constant-swap")
(("dungeon" "utils.rkt" 984) #f "constant-swap")
(("dungeon" "utils.rkt" 985) #f "constant-swap")
(("dungeon" "utils.rkt" 987) #f "constant-swap")
(("dungeon" "utils.rkt" 986) #f "constant-swap")
(("dungeon" "utils.rkt" 990) #f "constant-swap")
(("dungeon" "utils.rkt" 989) #f "constant-swap")
(("dungeon" "utils.rkt" 988) #f "constant-swap")
(("dungeon" "utils.rkt" 991) #f "constant-swap")
(("dungeon" "utils.rkt" 992) #f "constant-swap")
(("dungeon" "utils.rkt" 993) #f "constant-swap")
(("dungeon" "utils.rkt" 995) #f "constant-swap")
(("dungeon" "utils.rkt" 994) #f "constant-swap")
(("dungeon" "utils.rkt" 998) #f "constant-swap")
(("dungeon" "utils.rkt" 997) #f "constant-swap")
(("dungeon" "utils.rkt" 996) #f "constant-swap")
(("dungeon" "utils.rkt" 999) #f "constant-swap")
(("dungeon" "utils.rkt" 1000) #f "constant-swap")
(("dungeon" "utils.rkt" 1001) #f "constant-swap")
(("dungeon" "utils.rkt" 1003) #f "constant-swap")
(("dungeon" "utils.rkt" 1002) #f "constant-swap")
(("dungeon" "utils.rkt" 1006) #f "constant-swap")
(("dungeon" "utils.rkt" 1005) #f "constant-swap")
(("dungeon" "utils.rkt" 1004) #f "constant-swap")
(("dungeon" "utils.rkt" 1007) #f "constant-swap")
(("dungeon" "utils.rkt" 1008) #f "constant-swap")
(("dungeon" "utils.rkt" 1009) #f "constant-swap")
(("dungeon" "utils.rkt" 1011) #f "constant-swap")
(("dungeon" "utils.rkt" 1010) #f "constant-swap")
(("dungeon" "utils.rkt" 1014) #f "constant-swap")
(("dungeon" "utils.rkt" 1013) #f "constant-swap")
(("dungeon" "utils.rkt" 1012) #f "constant-swap")
(("dungeon" "utils.rkt" 1015) #f "constant-swap")
(("dungeon" "utils.rkt" 1016) #f "constant-swap")
(("dungeon" "utils.rkt" 1017) #f "constant-swap")
(("dungeon" "utils.rkt" 1019) #f "constant-swap")
(("dungeon" "utils.rkt" 1018) #f "constant-swap")
(("dungeon" "utils.rkt" 1022) #f "constant-swap")
(("dungeon" "utils.rkt" 1021) #f "constant-swap")
(("dungeon" "utils.rkt" 1020) #f "constant-swap")
(("dungeon" "utils.rkt" 1023) #f "constant-swap")
(("dungeon" "utils.rkt" 1024) #f "constant-swap")
(("dungeon" "utils.rkt" 1025) #f "constant-swap")
(("dungeon" "utils.rkt" 1027) #f "constant-swap")
(("dungeon" "utils.rkt" 1026) #f "constant-swap")
(("dungeon" "utils.rkt" 1030) #f "constant-swap")
(("dungeon" "utils.rkt" 1029) #f "constant-swap")
(("dungeon" "utils.rkt" 1028) #f "constant-swap")
(("dungeon" "utils.rkt" 1031) #f "constant-swap")
(("dungeon" "utils.rkt" 1032) #f "constant-swap")
(("dungeon" "utils.rkt" 1033) #f "constant-swap")
(("dungeon" "utils.rkt" 1035) #f "constant-swap")
(("dungeon" "utils.rkt" 1034) #f "constant-swap")
(("dungeon" "utils.rkt" 1038) #f "constant-swap")
(("dungeon" "utils.rkt" 1037) #f "constant-swap")
(("dungeon" "utils.rkt" 1036) #f "constant-swap")
(("dungeon" "utils.rkt" 1039) #f "constant-swap")
(("dungeon" "utils.rkt" 1040) #f "constant-swap")
(("dungeon" "utils.rkt" 1041) #f "constant-swap")
(("dungeon" "utils.rkt" 1043) #f "constant-swap")
(("dungeon" "utils.rkt" 1042) #f "constant-swap")
(("dungeon" "utils.rkt" 1046) #f "constant-swap")
(("dungeon" "utils.rkt" 1045) #f "constant-swap")
(("dungeon" "utils.rkt" 1044) #f "constant-swap")
(("dungeon" "utils.rkt" 1047) #f "constant-swap")
(("dungeon" "utils.rkt" 1048) #f "constant-swap")
(("dungeon" "utils.rkt" 1049) #f "constant-swap")
(("dungeon" "utils.rkt" 1051) #f "constant-swap")
(("dungeon" "utils.rkt" 1050) #f "constant-swap")
(("dungeon" "utils.rkt" 1054) #f "constant-swap")
(("dungeon" "utils.rkt" 1053) #f "constant-swap")
(("dungeon" "utils.rkt" 1052) #f "constant-swap")
(("dungeon" "utils.rkt" 1055) #f "constant-swap")
(("dungeon" "utils.rkt" 1056) #f "constant-swap")
(("dungeon" "utils.rkt" 1057) #f "constant-swap")
(("dungeon" "utils.rkt" 1059) #f "constant-swap")
(("dungeon" "utils.rkt" 1058) #f "constant-swap")
(("dungeon" "utils.rkt" 1062) #f "constant-swap")
(("dungeon" "utils.rkt" 1061) #f "constant-swap")
(("dungeon" "utils.rkt" 1060) #f "constant-swap")
(("dungeon" "utils.rkt" 1063) #f "constant-swap")
(("dungeon" "utils.rkt" 1064) #f "constant-swap")
(("dungeon" "utils.rkt" 1065) #f "constant-swap")
(("dungeon" "utils.rkt" 1067) #f "constant-swap")
(("dungeon" "utils.rkt" 1066) #f "constant-swap")
(("dungeon" "utils.rkt" 1070) #f "constant-swap")
(("dungeon" "utils.rkt" 1069) #f "constant-swap")
(("dungeon" "utils.rkt" 1068) #f "constant-swap")
(("dungeon" "utils.rkt" 1071) #f "constant-swap")
(("dungeon" "utils.rkt" 1072) #f "constant-swap")
(("dungeon" "utils.rkt" 1073) #f "constant-swap")
(("dungeon" "utils.rkt" 1075) #f "constant-swap")
(("dungeon" "utils.rkt" 1074) #f "constant-swap")
(("dungeon" "utils.rkt" 1078) #f "constant-swap")
(("dungeon" "utils.rkt" 1077) #f "constant-swap")
(("dungeon" "utils.rkt" 1076) #f "constant-swap")
(("dungeon" "utils.rkt" 1079) #f "constant-swap")
(("dungeon" "utils.rkt" 1080) #f "constant-swap")
(("dungeon" "utils.rkt" 1081) #f "constant-swap")
(("dungeon" "utils.rkt" 1083) #f "constant-swap")
(("dungeon" "utils.rkt" 1082) #f "constant-swap")
(("dungeon" "utils.rkt" 1086) #f "constant-swap")
(("dungeon" "utils.rkt" 1085) #f "constant-swap")
(("dungeon" "utils.rkt" 1084) #f "constant-swap")
(("dungeon" "utils.rkt" 1087) #f "constant-swap")
(("dungeon" "utils.rkt" 1088) #f "constant-swap")
(("dungeon" "utils.rkt" 1089) #f "constant-swap")
(("dungeon" "utils.rkt" 1091) #f "constant-swap")
(("dungeon" "utils.rkt" 1090) #f "constant-swap")
(("dungeon" "utils.rkt" 1094) #f "constant-swap")
(("dungeon" "utils.rkt" 1093) #f "constant-swap")
(("dungeon" "utils.rkt" 1092) #f "constant-swap")
(("dungeon" "utils.rkt" 1095) #f "constant-swap")
(("dungeon" "utils.rkt" 1096) #f "constant-swap")
(("dungeon" "utils.rkt" 1097) #f "constant-swap")
(("dungeon" "utils.rkt" 1099) #f "constant-swap")
(("dungeon" "utils.rkt" 1098) #f "constant-swap")
(("dungeon" "utils.rkt" 1102) #f "constant-swap")
(("dungeon" "utils.rkt" 1101) #f "constant-swap")
(("dungeon" "utils.rkt" 1100) #f "constant-swap")
(("dungeon" "utils.rkt" 1103) #f "constant-swap")
(("dungeon" "utils.rkt" 1104) #f "constant-swap")
(("dungeon" "utils.rkt" 1105) #f "constant-swap")
(("dungeon" "utils.rkt" 1107) #f "constant-swap")
(("dungeon" "utils.rkt" 1106) #f "constant-swap")
(("dungeon" "utils.rkt" 1110) #f "constant-swap")
(("dungeon" "utils.rkt" 1109) #f "constant-swap")
(("dungeon" "utils.rkt" 1108) #f "constant-swap")
(("dungeon" "utils.rkt" 1111) #f "constant-swap")
(("dungeon" "utils.rkt" 1112) #f "constant-swap")
(("dungeon" "utils.rkt" 1113) #f "constant-swap")
(("dungeon" "utils.rkt" 1115) #f "constant-swap")
(("dungeon" "utils.rkt" 1114) #f "constant-swap")
(("dungeon" "utils.rkt" 1118) #f "constant-swap")
(("dungeon" "utils.rkt" 1117) #f "constant-swap")
(("dungeon" "utils.rkt" 1116) #f "constant-swap")
(("dungeon" "utils.rkt" 1119) #f "constant-swap")
(("dungeon" "utils.rkt" 1120) #f "constant-swap")
(("dungeon" "utils.rkt" 1121) #f "constant-swap")
(("dungeon" "utils.rkt" 1123) #f "constant-swap")
(("dungeon" "utils.rkt" 1122) #f "constant-swap")
(("dungeon" "utils.rkt" 1126) #f "constant-swap")
(("dungeon" "utils.rkt" 1125) #f "constant-swap")
(("dungeon" "utils.rkt" 1124) #f "constant-swap")
(("dungeon" "utils.rkt" 1127) #f "constant-swap")
(("dungeon" "utils.rkt" 1128) #f "constant-swap")
(("dungeon" "utils.rkt" 1129) #f "constant-swap")
(("dungeon" "utils.rkt" 1131) #f "constant-swap")
(("dungeon" "utils.rkt" 1130) #f "constant-swap")
(("dungeon" "utils.rkt" 1134) #f "constant-swap")
(("dungeon" "utils.rkt" 1133) #f "constant-swap")
(("dungeon" "utils.rkt" 1132) #f "constant-swap")
(("dungeon" "utils.rkt" 1135) #f "constant-swap")
(("dungeon" "utils.rkt" 1136) #f "constant-swap")
(("dungeon" "utils.rkt" 1137) #f "constant-swap")
(("dungeon" "utils.rkt" 1139) #f "constant-swap")
(("dungeon" "utils.rkt" 1138) #f "constant-swap")
(("dungeon" "utils.rkt" 1142) #f "constant-swap")
(("dungeon" "utils.rkt" 1141) #f "constant-swap")
(("dungeon" "utils.rkt" 1140) #f "constant-swap")
(("dungeon" "utils.rkt" 1143) #f "constant-swap")
(("dungeon" "utils.rkt" 1144) #f "constant-swap")
(("dungeon" "utils.rkt" 1145) #f "constant-swap")
(("dungeon" "utils.rkt" 1147) #f "constant-swap")
(("dungeon" "utils.rkt" 1146) #f "constant-swap")
(("dungeon" "utils.rkt" 1150) #f "constant-swap")
(("dungeon" "utils.rkt" 1149) #f "constant-swap")
(("dungeon" "utils.rkt" 1148) #f "constant-swap")
(("dungeon" "utils.rkt" 1151) #f "constant-swap")
(("dungeon" "utils.rkt" 1152) #f "constant-swap")
(("dungeon" "utils.rkt" 1153) #f "constant-swap")
(("dungeon" "utils.rkt" 1155) #f "constant-swap")
(("dungeon" "utils.rkt" 1154) #f "constant-swap")
(("dungeon" "utils.rkt" 1158) #f "constant-swap")
(("dungeon" "utils.rkt" 1157) #f "constant-swap")
(("dungeon" "utils.rkt" 1156) #f "constant-swap")
(("dungeon" "utils.rkt" 1159) #f "constant-swap")
(("dungeon" "utils.rkt" 1160) #f "constant-swap")
(("dungeon" "utils.rkt" 1161) #f "constant-swap")
(("dungeon" "utils.rkt" 1163) #f "constant-swap")
(("dungeon" "utils.rkt" 1162) #f "constant-swap")
(("dungeon" "utils.rkt" 1166) #f "constant-swap")
(("dungeon" "utils.rkt" 1165) #f "constant-swap")
(("dungeon" "utils.rkt" 1164) #f "constant-swap")
(("dungeon" "utils.rkt" 1167) #f "constant-swap")
(("dungeon" "utils.rkt" 1168) #f "constant-swap")
(("dungeon" "utils.rkt" 1169) #f "constant-swap")
(("dungeon" "utils.rkt" 1171) #f "constant-swap")
(("dungeon" "utils.rkt" 1170) #f "constant-swap")
(("dungeon" "utils.rkt" 1174) #f "constant-swap")
(("dungeon" "utils.rkt" 1173) #f "constant-swap")
(("dungeon" "utils.rkt" 1172) #f "constant-swap")
(("dungeon" "utils.rkt" 1176) #f "constant-swap")
(("dungeon" "utils.rkt" 1175) #f "constant-swap")
(("dungeon" "utils.rkt" 1177) #f "constant-swap")
(("dungeon" "utils.rkt" 1179) #f "constant-swap")
(("dungeon" "utils.rkt" 1178) #f "constant-swap")
(("dungeon" "utils.rkt" 1180) #f "constant-swap")
(("dungeon" "utils.rkt" 1182) #f "constant-swap")
(("dungeon" "utils.rkt" 1181) #f "constant-swap")
(("dungeon" "utils.rkt" 1184) #f "constant-swap")
(("dungeon" "utils.rkt" 1183) #f "constant-swap")
(("dungeon" "utils.rkt" 1185) #f "constant-swap")
(("dungeon" "utils.rkt" 1187) #f "constant-swap")
(("dungeon" "utils.rkt" 1186) #f "constant-swap")
(("dungeon" "utils.rkt" 1188) #f "constant-swap")
(("dungeon" "utils.rkt" 1190) #f "constant-swap")
(("dungeon" "utils.rkt" 1189) #f "constant-swap")
(("dungeon" "utils.rkt" 1192) #f "constant-swap")
(("dungeon" "utils.rkt" 1191) #f "constant-swap")
(("dungeon" "utils.rkt" 1193) #f "constant-swap")
(("dungeon" "utils.rkt" 1195) #f "constant-swap")
(("dungeon" "utils.rkt" 1194) #f "constant-swap")
(("dungeon" "utils.rkt" 1196) #f "constant-swap")
(("dungeon" "utils.rkt" 1198) #f "constant-swap")
(("dungeon" "utils.rkt" 1197) #f "constant-swap")
(("dungeon" "utils.rkt" 1200) #f "constant-swap")
(("dungeon" "utils.rkt" 1199) #f "constant-swap")
(("dungeon" "utils.rkt" 1201) #f "constant-swap")
(("dungeon" "utils.rkt" 1204) #f "constant-swap")
(("dungeon" "utils.rkt" 1203) #f "constant-swap")
(("dungeon" "utils.rkt" 1202) #f "constant-swap")
(("dungeon" "utils.rkt" 1206) #f "constant-swap")
(("dungeon" "utils.rkt" 1205) #f "constant-swap")
(("dungeon" "utils.rkt" 1208) #f "constant-swap")
(("dungeon" "utils.rkt" 1207) #f "constant-swap")
(("dungeon" "utils.rkt" 1209) #f "constant-swap")
(("dungeon" "utils.rkt" 1210) #f "constant-swap")
(("dungeon" "utils.rkt" 1212) #f "constant-swap")
(("dungeon" "utils.rkt" 1211) #f "constant-swap")
(("dungeon" "utils.rkt" 1214) #f "constant-swap")
(("dungeon" "utils.rkt" 1213) #f "constant-swap")
(("dungeon" "utils.rkt" 1222) #f "begin-drop")
(("dungeon" "utils.rkt" 1215) #f "constant-swap")
(("dungeon" "utils.rkt" 1224) #f "begin-drop")
(("dungeon" "utils.rkt" 1216) #f "constant-swap")
(("dungeon" "utils.rkt" 1217) #f "constant-swap")
(("dungeon" "utils.rkt" 1218) #f "constant-swap")
(("dungeon" "utils.rkt" 1219) #f "constant-swap")
(("dungeon" "utils.rkt" 1220) #f "constant-swap")
(("dungeon" "utils.rkt" 1229) #f "begin-drop")
(("dungeon" "utils.rkt" 1221) #f "constant-swap")
(("dungeon" "utils.rkt" 1223) #f "position-swap")
(("dungeon" "utils.rkt" 1227) #f "position-swap")
(("dungeon" "utils.rkt" 1226) #f "begin-drop")
(("dungeon" "utils.rkt" 1225) #f "begin-drop")
(("dungeon" "utils.rkt" 1228) #f "position-swap")
(("dungeon" "utils.rkt" 1230) #f "negate-conditional")
(("dungeon" "utils.rkt" 1232) #f "constant-swap")
(("dungeon" "utils.rkt" 1231) #f "negate-conditional")
(("dungeon" "utils.rkt" 1233) #f "constant-swap")
(("dungeon" "utils.rkt" 1241) #f "begin-drop")
(("dungeon" "utils.rkt" 1236) #f "constant-swap")
(("dungeon" "utils.rkt" 1235) #f "negate-conditional")
(("dungeon" "utils.rkt" 1234) #f "negate-conditional")
(("dungeon" "utils.rkt" 1237) #f "constant-swap")
(("dungeon" "utils.rkt" 1238) #f "negate-conditional")
(("dungeon" "utils.rkt" 1246) #f "begin-drop")
(("dungeon" "utils.rkt" 1240) #f "constant-swap")
(("dungeon" "utils.rkt" 1239) #f "constant-swap")
(("dungeon" "utils.rkt" 1242) #f "position-swap")
(("dungeon" "utils.rkt" 1245) #f "arithmetic-op-swap")
(("dungeon" "utils.rkt" 1244) #f "position-swap")
(("dungeon" "utils.rkt" 1243) #f "arithmetic-op-swap")
(("dungeon" "utils.rkt" 1247) #f "position-swap")
(("dungeon" "utils.rkt" 1250) #f "constant-swap")
(("dungeon" "utils.rkt" 1249) #f "constant-swap")
(("dungeon" "utils.rkt" 1248) #f "constant-swap")
(("dungeon" "utils.rkt" 1258) #f "begin-drop")
(("dungeon" "utils.rkt" 1251) #f "constant-swap")
(("dungeon" "utils.rkt" 1254) #f "constant-swap")
(("dungeon" "utils.rkt" 1253) #f "constant-swap")
(("dungeon" "utils.rkt" 1252) #f "constant-swap")
(("dungeon" "utils.rkt" 1255) #f "constant-swap")
(("dungeon" "utils.rkt" 1257) #f "constant-swap")
(("dungeon" "utils.rkt" 1256) #f "constant-swap")
(("dungeon" "utils.rkt" 1259) #f "position-swap")
(("dungeon" "utils.rkt" 1260) #f "constant-swap")
(("dungeon" "utils.rkt" 1263) #f "constant-swap")
(("dungeon" "utils.rkt" 1262) #f "constant-swap")
(("dungeon" "utils.rkt" 1261) #f "constant-swap")
(("dungeon" "utils.rkt" 1271) #f "begin-drop")
(("dungeon" "utils.rkt" 1270) #f "begin-drop")
(("dungeon" "utils.rkt" 1264) #f "constant-swap")
(("dungeon" "utils.rkt" 1266) #f "constant-swap")
(("dungeon" "utils.rkt" 1265) #f "constant-swap")
(("dungeon" "utils.rkt" 1267) #f "constant-swap")
(("dungeon" "utils.rkt" 1268) #f "constant-swap")
(("dungeon" "utils.rkt" 1269) #f "constant-swap")
